{
  "saved_saved_media": [
    {
      "title": "prossimicongiunti",
      "string_map_data": {
        "Saved on": {
          "href": "https://www.instagram.com/p/C6L0CN-oagL/",
          "timestamp": 1714065281
        }
      }
    },
    {
      "title": "mow_mag",
      "string_map_data": {
        "Saved on": {
          "href": "https://www.instagram.com/p/C5i7xZ-soUn/",
          "timestamp": 1713289173
        }
      }
    },
    {
      "title": "calciatoribrutti",
      "string_map_data": {
        "Saved on": {
          "href": "https://www.instagram.com/p/C4sEwRDtFWS/",
          "timestamp": 1710836601
        }
      }
    },
    {
      "title": "ncibackup",
      "string_map_data": {
        "Saved on": {
          "href": "https://www.instagram.com/p/C4OWBw2qbD8/",
          "timestamp": 1709843054
        }
      }
    },
    {
      "title": "sdrumox",
      "string_map_data": {
        "Saved on": {
          "href": "https://www.instagram.com/p/Cr-08DANb4t/",
          "timestamp": 1708963044
        }
      }
    },
    {
      "title": "the.iitian.coder",
      "string_map_data": {
        "Saved on": {
          "href": "https://www.instagram.com/reel/C3FiIDrvVEg/",
          "timestamp": 1707750318
        }
      }
    },
    {
      "title": "cheapoldhouses",
      "string_map_data": {
        "Saved on": {
          "href": "https://www.instagram.com/p/C2x3ERVOKYh/",
          "timestamp": 1707048323
        }
      }
    },
    {
      "title": "babbel_de",
      "string_map_data": {
        "Saved on": {
          "href": "https://www.instagram.com/p/C2H-VR5IBj7/",
          "timestamp": 1705843337
        }
      }
    },
    {
      "title": "coppie_d0lci",
      "string_map_data": {
        "Saved on": {
          "href": "https://www.instagram.com/reel/CzHXoxaMYaT/",
          "timestamp": 1699354640
        }
      }
    },
    {
      "title": "torcha",
      "string_map_data": {
        "Saved on": {
          "href": "https://www.instagram.com/p/CyX_urggbIL/",
          "timestamp": 1697352306
        }
      }
    },
    {
      "title": "torcha",
      "string_map_data": {
        "Saved on": {
          "href": "https://www.instagram.com/reel/CyWIRMWM_Lw/",
          "timestamp": 1697227065
        }
      }
    },
    {
      "title": "bikeandraft",
      "string_map_data": {
        "Saved on": {
          "href": "https://www.instagram.com/p/CwexRNPvU1U/",
          "timestamp": 1693224996
        }
      }
    },
    {
      "title": "atlantideep",
      "string_map_data": {
        "Saved on": {
          "href": "https://www.instagram.com/p/CsYZ0CKNYtC/",
          "timestamp": 1684425828
        }
      }
    },
    {
      "title": "programmer.pie",
      "string_map_data": {
        "Saved on": {
          "href": "https://www.instagram.com/p/Crx6DbMtAZd/",
          "timestamp": 1683359256
        }
      }
    },
    {
      "title": "loftdesigne.world",
      "string_map_data": {
        "Saved on": {
          "href": "https://www.instagram.com/p/CoDSUcOsSoC/",
          "timestamp": 1675112874
        }
      }
    },
    {
      "title": "my_english_school_ita",
      "string_map_data": {
        "Saved on": {
          "href": "https://www.instagram.com/p/CdXtBMQjpbE/",
          "timestamp": 1656249689
        }
      }
    },
    {
      "title": "bergamo_scienza",
      "string_map_data": {
        "Saved on": {
          "href": "https://www.instagram.com/p/CdNhAvhsiDl/",
          "timestamp": 1651929449
        }
      }
    },
    {
      "title": "stratiuniti",
      "string_map_data": {
        "Saved on": {
          "href": "https://www.instagram.com/p/CU18jeqM4Oo/",
          "timestamp": 1633939464
        }
      }
    },
    {
      "title": "animalsasia",
      "string_map_data": {
        "Saved on": {
          "href": "https://www.instagram.com/p/CQK5ip0j5ZW/",
          "timestamp": 1628701517
        }
      }
    },
    {
      "title": "mehths",
      "string_map_data": {
        "Saved on": {
          "href": "https://www.instagram.com/p/CNE5jlgl2og/",
          "timestamp": 1617620655
        }
      }
    },
    {
      "title": "lascimmiapensa",
      "string_map_data": {
        "Saved on": {
          "href": "https://www.instagram.com/p/CK_46mtoYkb/",
          "timestamp": 1613118529
        }
      }
    },
    {
      "title": "studiogiuliapordd_adm",
      "string_map_data": {
        "Saved on": {
          "href": "https://www.instagram.com/p/CJItKG7jMMd/",
          "timestamp": 1608976230
        }
      }
    },
    {
      "title": "mymemoplayer",
      "string_map_data": {
        "Saved on": {
          "href": "https://www.instagram.com/p/BzII57WIupg/",
          "timestamp": 1561762338
        }
      }
    },
    {
      "title": "ilmematoreselvaggio",
      "string_map_data": {
        "Saved on": {
          "href": "https://www.instagram.com/p/Bxb5_itoPYp/",
          "timestamp": 1558205858
        }
      }
    }
  ]
}