{
  "topics_your_reels_topics": [
    {
      "title": "",
      "media_map_data": {
        
      },
      "string_map_data": {
        "Nome": {
          "href": "",
          "value": "Trick Stunts",
          "timestamp": 0
        }
      }
    },
    {
      "title": "",
      "media_map_data": {
        
      },
      "string_map_data": {
        "Nome": {
          "href": "",
          "value": "Comedy",
          "timestamp": 0
        }
      }
    },
    {
      "title": "",
      "media_map_data": {
        
      },
      "string_map_data": {
        "Nome": {
          "href": "",
          "value": "Lip Syncing",
          "timestamp": 0
        }
      }
    },
    {
      "title": "",
      "media_map_data": {
        
      },
      "string_map_data": {
        "Nome": {
          "href": "",
          "value": "Outdoor Nature",
          "timestamp": 0
        }
      }
    },
    {
      "title": "",
      "media_map_data": {
        
      },
      "string_map_data": {
        "Nome": {
          "href": "",
          "value": "Fandom",
          "timestamp": 0
        }
      }
    }
  ]
}
