{
  "recently_viewed": [
    {
      "name": "Video e programmi di Facebook Watch",
      "description": "Video e programmi che hai visitato o visualizzato di recente su Facebook Guarda e il tempo che hai trascorso a guardare i programmi",
      "children": [
        {
          "name": "Tempo trascorso",
          "description": "Il tempo che hai trascorso a guardare i video di una Pagina del programma",
          "entries": [
            {
              "timestamp": 1567717203,
              "data": {
                "name": "The Breakdown",
                "uri": "https://www.facebook.com/TYTBreakdown/",
                "watch_time": "60"
              }
            },
            {
              "timestamp": 1563115011,
              "data": {
                "name": "Try Not to Laugh",
                "uri": "https://www.facebook.com/trynottolaughpets/",
                "watch_time": "30"
              }
            }
          ]
        },
        {
          "name": "Programmi",
          "description": "Un elenco dei singoli video che hai guardato",
          "entries": [
            {
              "timestamp": 1592665689,
              "data": {
                "uri": "https://www.facebook.com/60SecondDocs/videos/1601392829958837/",
                "name": "Video di 60 Second Docs Presents: I\u00e2\u0080\u0099m a Contortionist"
              }
            },
            {
              "timestamp": 1581446207,
              "data": {
                "uri": "https://www.facebook.com/thedadbreak/videos/2425424547707686/",
                "name": "Video di The Dad Break: Man Squirms And Screams While Getting Facial And Nose Hair Waxed"
              }
            }
          ]
        },
        {
          "name": "Tempo di visualizzazione",
          "description": "Il tempo trascorso a guardare un singolo video",
          "entries": [
            {
              "timestamp": 1592665701,
              "data": {
                "uri": "https://www.facebook.com/60SecondDocs/videos/1601392829958837/",
                "name": "Video di 60 Second Docs Presents: I\u00e2\u0080\u0099m a Contortionist",
                "watch_position_seconds": "33.77"
              }
            },
            {
              "timestamp": 1581446207,
              "data": {
                "uri": "https://www.facebook.com/thedadbreak/videos/2425424547707686/",
                "name": "Video di The Dad Break: Man Squirms And Screams While Getting Facial And Nose Hair Waxed",
                "watch_position_seconds": "110.01"
              }
            }
          ]
        }
      ]
    },
    {
      "name": "Post che ti sono stati mostrati nella sezione Notizie",
      "description": "Post che ti sono stati mostrati nella sezione Notizie negli ultimi 90 giorni.",
      "entries": [
        {
          "timestamp": 1639389552,
          "data": {
            "name": "Post di Universit\u00c3\u00a0 degli Studi di Torino",
            "uri": "https://www.facebook.com/unito.it/posts/10158233207751771"
          }
        }
      ]
    },
    {
      "name": "Persone",
      "description": "Persone che hai visualizzato quando ti sono state suggerite da nuovi amici",
      "entries": [
        {
          "timestamp": 1562231427,
          "data": {
            "name": "Mihail Dimitriu",
            "uri": "https://www.facebook.com/mihail.dimitriu.73"
          }
        },
        {
          "timestamp": 1562231427,
          "data": {
            "name": "Igor Criminceanu",
            "uri": "https://www.facebook.com/profile.php?id=100009392583957"
          }
        },
        {
          "timestamp": 1562231427,
          "data": {
            "name": "Lucrezio Turchin",
            "uri": "https://www.facebook.com/lucrezio.cojocaru"
          }
        }
      ]
    },
    {
      "name": "Interazioni su Marketplace",
      "description": "Le tue interazioni recenti su Marketplace",
      "children": [
        {
          "name": "Ricerche su Marketplace",
          "description": "I giorni in cui l'utente ha effettuato ricerche su Marketplace",
          "entries": [
            {
              "data": {
                "value": "27 mag 2019"
              }
            }
          ]
        },
        {
          "name": "Venditori contattati su Marketplace",
          "description": "I giorni in cui l'utente ha contattato i venditori",
          "entries": [
            {
              "data": {
                "value": "27 mag 2019"
              }
            }
          ]
        },
        {
          "name": "Dettagli di un articolo di Marketplace",
          "description": "Date in cui hai visualizzato i dettagli di un articolo",
          "entries": [
            {
              "data": {
                "value": "27 mag 2019"
              }
            }
          ]
        },
        {
          "name": "Date in cui hai visualizzato la tab Marketplace",
          "description": "Date in cui hai visualizzato la tab Marketplace su Facebook",
          "entries": [
            {
              "data": {
                "value": "12 dic 2021"
              }
            },
            {
              "data": {
                "value": "7 dic 2021"
              }
            }
          ]
        },
        {
          "name": "Articoli di Marketplace",
          "description": "Articoli che hai visualizzato su Marketplace",
          "entries": [
            {
              "timestamp": 1558954483,
              "data": {
                "name": "Portatile Gaming Asus ROG GL702VM-BA135T",
                "uri": "https://www.facebook.com/marketplace/item/640035746398435/"
              }
            },
            {
              "timestamp": 1558954352,
              "data": {
                "name": "Asus ROG G752V",
                "uri": "https://www.facebook.com/marketplace/item/406638320086539/"
              }
            }
          ]
        }
      ]
    },
    {
      "name": "Inserzioni",
      "description": "Inserzioni che hai visualizzato di recente",
      "entries": [
        {
          "timestamp": 1639389006,
          "data": {
            "name": "Inserzione di Toptal",
            "uri": "https://www.facebook.com/toptal/posts/6396383913765827"
          }
        },
        {
          "timestamp": 1639239047,
          "data": {
            "name": "Inserzione di Invisalign Italia",
            "uri": "https://www.facebook.com/Invisalign.it/posts/4806899692693462"
          }
        }
      ]
    }
  ]
}
