{
  "ig_autofill_data": {
    "tel": "",
    "tel_country_code": "",
    "tel_national": "",
    "tel_area_code": "",
    "tel_local": "",
    "tel_local_prefix": "",
    "tel_local_suffix": "",
    "street_address": "",
    "address_line1": "",
    "address_line2": "",
    "address_line3": "",
    "address_level1": "",
    "address_level2": "",
    "address_level3": "",
    "address_level4": "",
    "country": "",
    "country_name": "",
    "postal_code": "",
    "email": "davide.macchia95@gmail.com",
    "family_name": "",
    "given_name": "Davide"
  }
}