{
  "timelineObjects" : [ {
    "placeVisit" : {
      "location" : {
        "latitudeE7" : 450901566,
        "longitudeE7" : 76592410,
        "placeId" : "ChIJ73xxq7JtiEcRntjYqj2OWkA",
        "address" : "Via Pessinetto, 12, 10149 Torino, Città Metropolitana di Torino, Italia",
        "name" : "Università di Torino - Dipartimento di Informatica",
        "sourceInfo" : {
          "deviceTag" : 1177253038
        },
        "locationConfidence" : 96.39519
      },
      "duration" : {
        "startTimestampMs" : "1491232400781",
        "endTimestampMs" : "1491234183323"
      },
      "placeConfidence" : "HIGH_CONFIDENCE",
      "centerLatE7" : 450900321,
      "centerLngE7" : 76587854,
      "visitConfidence" : 59,
      "otherCandidateLocations" : [ {
        "latitudeE7" : 450889716,
        "longitudeE7" : 76589869,
        "placeId" : "ChIJ-7SaTa1tiEcRYW-BcUtMT1g",
        "name" : "Fermata 186 - OSPEDALE AMEDEO DI SAVOIA",
        "locationConfidence" : 0.910024
      }, {
        "latitudeE7" : 450897231,
        "longitudeE7" : 76586873,
        "placeId" : "ChIJZzjWVU1siEcRwdK2-FhwW6c",
        "locationConfidence" : 0.358677
      }, {
        "latitudeE7" : 450881322,
        "longitudeE7" : 76603790,
        "placeId" : "ChIJzW0rpLJtiEcRrzWbzlRVI-U",
        "name" : "Ospedale Amedeo di Savoia",
        "locationConfidence" : 0.3230447
      }, {
        "latitudeE7" : 450894120,
        "longitudeE7" : 76592046,
        "placeId" : "ChIJcfpDVK1tiEcRPURm5-K4wgY",
        "name" : "Università di Torino - Dipartimento di Infermieristica",
        "locationConfidence" : 0.12749207
      }, {
        "latitudeE7" : 450892727,
        "longitudeE7" : 76593042,
        "placeId" : "ChIJ3YlkU61tiEcRAzYqcQzWftc",
        "address" : "10149 Torino TO\nItalia",
        "name" : "Amedeo di Savoia",
        "locationConfidence" : 0.10788993
      }, {
        "latitudeE7" : 450906955,
        "longitudeE7" : 76592840,
        "placeId" : "ChIJiTnJSk1siEcRPe_pCUnueAA",
        "name" : "Mercury by Bike",
        "locationConfidence" : 0.10102927
      }, {
        "latitudeE7" : 450895914,
        "longitudeE7" : 76582540,
        "placeId" : "ChIJhWx-WE1siEcRsSd72739nhI",
        "name" : "Doc Self Service",
        "locationConfidence" : 0.09470359
      }, {
        "latitudeE7" : 450894718,
        "longitudeE7" : 76592758,
        "placeId" : "ChIJ0UnKVa1tiEcRVn-YOyxhWk8",
        "name" : "Club 66",
        "locationConfidence" : 0.06595787
      }, {
        "latitudeE7" : 450913962,
        "longitudeE7" : 76623856,
        "placeId" : "ChIJSfVSlLJtiEcRFOYgyWnSoJg",
        "name" : "Centro Uffici Piero della Francesca",
        "locationConfidence" : 0.06265494
      } ],
      "editConfirmationStatus" : "NOT_CONFIRMED"
    }
  }, {
    "placeVisit" : {
      "location" : {
        "latitudeE7" : 451045639,
        "longitudeE7" : 76634968,
        "placeId" : "ChIJqfoftsxtiEcRN-RnqJShEbE",
        "address" : "Corso Grosseto, 283, 10147 Torino, Città Metropolitana di Torino, Italia",
        "name" : "Polizia di Stato Commissariato Torino Madonna di Campagna",
        "sourceInfo" : {
          "deviceTag" : 1177253038
        },
        "locationConfidence" : 16.973894
      },
      "duration" : {
        "startTimestampMs" : "1491235013753",
        "endTimestampMs" : "1491235666948"
      },
      "placeConfidence" : "LOW_CONFIDENCE",
      "centerLatE7" : 451044982,
      "centerLngE7" : 76636836,
      "visitConfidence" : 69,
      "otherCandidateLocations" : [ {
        "latitudeE7" : 451047190,
        "longitudeE7" : 76643010,
        "placeId" : "ChIJLc-uwcxtiEcRkOo1alAC9MQ",
        "address" : "Via Stradella, 242\n10147 Torino TO\nItalia",
        "name" : "Pasticceria Gocce di Cioccolato",
        "locationConfidence" : 10.122319
      }, {
        "latitudeE7" : 451037803,
        "longitudeE7" : 76636011,
        "placeId" : "ChIJG0frpcxtiEcRqoUA4Xow4aQ",
        "name" : "Madonna di Campagna",
        "locationConfidence" : 7.1994877
      }, {
        "latitudeE7" : 451046200,
        "longitudeE7" : 76642600,
        "placeId" : "ChIJ78tKwcxtiEcRjePDeqlEwms",
        "name" : "Torino - Via Stradella 245",
        "locationConfidence" : 5.8899837
      }, {
        "latitudeE7" : 451069521,
        "longitudeE7" : 76623595,
        "placeId" : "ChIJmXx1wDJsiEcREL6A5SD9LCo",
        "name" : "Resta Cu' Mmè",
        "locationConfidence" : 3.8613222
      }, {
        "latitudeE7" : 451044899,
        "longitudeE7" : 76645061,
        "placeId" : "ChIJvYA5lcxtiEcRJFotNH84u7Y",
        "name" : "Zanaboni Tendaggi",
        "locationConfidence" : 2.0834641
      }, {
        "latitudeE7" : 451034500,
        "longitudeE7" : 76640400,
        "placeId" : "ChIJP6xroMxtiEcR85AACJSHTZ4",
        "name" : "Torino Madonna di Campagna",
        "locationConfidence" : 1.8064171
      }, {
        "latitudeE7" : 451042847,
        "longitudeE7" : 76644659,
        "placeId" : "ChIJRQjDlcxtiEcRUR-lTokUqe0",
        "name" : "Gestione Servizi Assicurativi",
        "locationConfidence" : 1.6198235
      }, {
        "latitudeE7" : 451036500,
        "longitudeE7" : 76628300,
        "placeId" : "ChIJ5Swuq8xtiEcRQaAfCBu6WSE",
        "name" : "Fermata 3414 - MADONNA CAMPAGNA GTT",
        "locationConfidence" : 1.6009101
      }, {
        "latitudeE7" : 451039400,
        "longitudeE7" : 76623300,
        "placeId" : "ChIJY634UDNsiEcRWnswRg9BVgM",
        "name" : "Torino - C.so Potenza / C.so Grosseto",
        "locationConfidence" : 1.0165513
      } ],
      "editConfirmationStatus" : "NOT_CONFIRMED"
    }
  }, {
    "activitySegment" : {
      "startLocation" : {
        "latitudeE7" : 450878798,
        "longitudeE7" : 76683957
      },
      "endLocation" : {
        "latitudeE7" : 450901629,
        "longitudeE7" : 76589253
      },
      "duration" : {
        "startTimestampMs" : "1491307509061",
        "endTimestampMs" : "1491308436184"
      },
      "distance" : 990,
      "activityType" : "WALKING",
      "confidence" : "HIGH",
      "activities" : [ {
        "activityType" : "WALKING",
        "probability" : 98.95674706662369
      }, {
        "activityType" : "IN_PASSENGER_VEHICLE",
        "probability" : 0.4277910411454149
      }, {
        "activityType" : "IN_BUS",
        "probability" : 0.14629391790180585
      } ],
      "waypointPath" : {
        "waypoints" : [ {
          "latE7" : 450872077,
          "lngE7" : 76671051
        }, {
          "latE7" : 450872459,
          "lngE7" : 76659021
        }, {
          "latE7" : 450879402,
          "lngE7" : 76661438
        }, {
          "latE7" : 450887145,
          "lngE7" : 76663870
        }, {
          "latE7" : 450898017,
          "lngE7" : 76589741
        } ]
      },
      "simplifiedRawPath" : {
        "points" : [ {
          "latE7" : 450872192,
          "lngE7" : 76659207,
          "timestampMs" : "1491307743362",
          "accuracyMeters" : 20
        }, {
          "latE7" : 450880470,
          "lngE7" : 76656203,
          "timestampMs" : "1491307802645",
          "accuracyMeters" : 25
        }, {
          "latE7" : 450887260,
          "lngE7" : 76664143,
          "timestampMs" : "1491307938416",
          "accuracyMeters" : 22
        } ]
      },
      "editConfirmationStatus" : "NOT_CONFIRMED"
    }
  }, {
    "placeVisit" : {
      "location" : {
        "latitudeE7" : 450766090,
        "longitudeE7" : 76556050,
        "placeId" : "ChIJ02uK4gFtiEcRQpzLwQgVg5A",
        "address" : "Piazza Lorenzo Bernini, 12, 10143 Torino, Italia",
        "name" : "ISEF Torino SSDRL",
        "sourceInfo" : {
          "deviceTag" : 1177253038
        },
        "locationConfidence" : 96.41277
      },
      "duration" : {
        "startTimestampMs" : "1491399700788",
        "endTimestampMs" : "1491407363338"
      },
      "placeConfidence" : "HIGH_CONFIDENCE",
      "centerLatE7" : 450768800,
      "centerLngE7" : 76549853,
      "visitConfidence" : 96,
      "otherCandidateLocations" : [ {
        "latitudeE7" : 450766594,
        "longitudeE7" : 76555764,
        "placeId" : "ChIJ9yI__QFtiEcR1r6TJ5v2iJs",
        "name" : "Scuola Universitaria Interfacoltà in Scienze Motorie",
        "locationConfidence" : 1.1639004
      }, {
        "latitudeE7" : 450775380,
        "longitudeE7" : 76558215,
        "placeId" : "ChIJaYIE1gFtiEcRFXRS2iEt58c",
        "name" : "Liceo Classico Cavour",
        "locationConfidence" : 1.0711145
      }, {
        "latitudeE7" : 450759800,
        "longitudeE7" : 76556800,
        "placeId" : "ChIJtVWx_gFtiEcR7ptfEFvH3lw",
        "name" : "Fermata 8218 - Metro Bernini",
        "locationConfidence" : 0.14509729
      }, {
        "latitudeE7" : 450779794,
        "longitudeE7" : 76548428,
        "placeId" : "ChIJvcft0v9siEcRhvjgBbobKsc",
        "name" : "Scuola media Costantino Nigra",
        "locationConfidence" : 0.05904857
      }, {
        "latitudeE7" : 450770445,
        "longitudeE7" : 76561712,
        "placeId" : "ChIJf_aK5gFtiEcRhTk5DfNEfEw",
        "name" : "644 - Bernini",
        "locationConfidence" : 0.05709649
      }, {
        "latitudeE7" : 450771100,
        "longitudeE7" : 76564300,
        "placeId" : "ChIJbe5AwwFtiEcRsGidKDfySvs",
        "name" : "Fermata 597 - BERNINI",
        "locationConfidence" : 0.042546626
      }, {
        "latitudeE7" : 450780131,
        "longitudeE7" : 76547966,
        "placeId" : "ChIJu5U6Nf5siEcRt61uUwov2oM",
        "name" : "I.C. Costantino Nigra",
        "locationConfidence" : 0.030523153
      }, {
        "latitudeE7" : 450764976,
        "longitudeE7" : 76555669,
        "placeId" : "ChIJWSTQjPxsiEcRkByCC4E2jV8",
        "name" : "S. S. O. I. Srl Scuola Superiore di Osteopatia Italiana",
        "locationConfidence" : 0.02708149
      }, {
        "latitudeE7" : 450762960,
        "longitudeE7" : 76553470,
        "placeId" : "ChIJI6RX7wFtiEcRfB2QmkixPiI",
        "name" : "Compagnia di Turismo e Cultura",
        "locationConfidence" : 0.026245354
      } ],
      "editConfirmationStatus" : "NOT_CONFIRMED"
    }
  }, {
    "activitySegment" : {
      "startLocation" : {
        "latitudeE7" : 450759800,
        "longitudeE7" : 76556800
      },
      "endLocation" : {
        "latitudeE7" : 450741900,
        "longitudeE7" : 76684600
      },
      "duration" : {
        "startTimestampMs" : "1491407363338",
        "endTimestampMs" : "1491407716286"
      },
      "distance" : 1215,
      "activityType" : "IN_SUBWAY",
      "confidence" : "LOW",
      "activities" : [ {
        "activityType" : "IN_SUBWAY",
        "probability" : 35.77927221015326
      }, {
        "activityType" : "IN_TRAIN",
        "probability" : 17.70564449405486
      }, {
        "activityType" : "IN_PASSENGER_VEHICLE",
        "probability" : 16.93984068269831
      } ],
      "transitPath" : {
        "transitStops" : [ {
          "latitudeE7" : 450759800,
          "longitudeE7" : 76556800,
          "placeId" : "ChIJtVWx_gFtiEcR7ptfEFvH3lw",
          "name" : "Fermata 8218 - Metro Bernini"
        }, {
          "latitudeE7" : 450741900,
          "longitudeE7" : 76684600,
          "placeId" : "ChIJednPJQ9tiEcRLAnpXQOXcIY",
          "name" : "XVIII Dicembre"
        } ],
        "name" : "M1",
        "hexRgbColor" : "D50000"
      },
      "simplifiedRawPath" : {
        "points" : [ {
          "latE7" : 450710308,
          "lngE7" : 76665330,
          "timestampMs" : "1491407680337",
          "accuracyMeters" : 23
        } ]
      },
      "editConfirmationStatus" : "NOT_CONFIRMED"
    }
  }, {
    "activitySegment" : {
      "startLocation" : {
        "latitudeE7" : 450727500,
        "longitudeE7" : 76677900
      },
      "endLocation" : {
        "latitudeE7" : 451935500,
        "longitudeE7" : 76286300
      },
      "duration" : {
        "startTimestampMs" : "1491407716286",
        "endTimestampMs" : "1491413892893"
      },
      "distance" : 15946,
      "activityType" : "IN_BUS",
      "confidence" : "LOW",
      "activities" : [ {
        "activityType" : "IN_BUS",
        "probability" : 9.777216270191163
      }, {
        "activityType" : "IN_SUBWAY",
        "probability" : 35.77927221015326
      }, {
        "activityType" : "IN_TRAIN",
        "probability" : 17.70564449405486
      } ],
      "transitPath" : {
        "transitStops" : [ {
          "latitudeE7" : 450727500,
          "longitudeE7" : 76677900,
          "placeId" : "ChIJCQ6ZCQ9tiEcRjSyxb9zkZ1I",
          "name" : "Torino Porta Susa f.s. - Stallo 13"
        }, {
          "latitudeE7" : 451935500,
          "longitudeE7" : 76286300,
          "placeId" : "ChIJl0supKdoiEcR5cKUtlU3iJ8",
          "name" : "Fermata 14564 - Caselle (str. Cirie 199)"
        } ],
        "name" : "3165",
        "hexRgbColor" : "0091EA"
      },
      "simplifiedRawPath" : {
        "points" : [ {
          "latE7" : 450712298,
          "lngE7" : 76668481,
          "timestampMs" : "1491407801612",
          "accuracyMeters" : 22
        }, {
          "latE7" : 450759609,
          "lngE7" : 76696042,
          "timestampMs" : "1491408127237",
          "accuracyMeters" : 23
        } ]
      },
      "editConfirmationStatus" : "NOT_CONFIRMED"
    }
  }, {
    "placeVisit" : {
      "location" : {
        "latitudeE7" : 451915100,
        "longitudeE7" : 76194700,
        "placeId" : "ChIJWzQC_aFoiEcRyvMSOzjmebw",
        "address" : "Via G. Brunero, 17, San Maurizio Canavese, Torino, Piemonte, Italia",
        "name" : "Via G.Brunero, 17",
        "semanticType" : "TYPE_HOME",
        "sourceInfo" : {
          "deviceTag" : 1177253038
        },
        "locationConfidence" : 74.282715
      },
      "duration" : {
        "startTimestampMs" : "1491413892893",
        "endTimestampMs" : "1491425051507"
      },
      "placeConfidence" : "MEDIUM_CONFIDENCE",
      "centerLatE7" : 451915897,
      "centerLngE7" : 76197705,
      "visitConfidence" : 88,
      "otherCandidateLocations" : [ {
        "latitudeE7" : 451916882,
        "longitudeE7" : 76200233,
        "placeId" : "ChIJWUUs7qFoiEcRwnTgkmmtJTE",
        "address" : "Via Canonico Maffei, 215\n10077 San Maurizio Canavese TO\nItalia",
        "name" : "Via Canonico Maffei, 215",
        "locationConfidence" : 16.853941
      }, {
        "latitudeE7" : 451932285,
        "longitudeE7" : 76214547,
        "placeId" : "ChIJD266tKFoiEcRuzDENBsMCBY",
        "name" : "Mek Fiber",
        "locationConfidence" : 3.2652802
      }, {
        "latitudeE7" : 451929693,
        "longitudeE7" : 76237167,
        "placeId" : "ChIJAcDKayFmiEcR8hoY3czeZLQ",
        "name" : "GS GOMMA SRL",
        "locationConfidence" : 1.4695857
      }, {
        "latitudeE7" : 451896645,
        "longitudeE7" : 76227852,
        "placeId" : "ChIJ9SJXv6NoiEcRQ3Sy8o-Xdns",
        "name" : "Liotex Srl",
        "locationConfidence" : 0.95696574
      }, {
        "latitudeE7" : 451910690,
        "longitudeE7" : 76225460,
        "placeId" : "ChIJ21QrUShmiEcR29cG5TVbDRk",
        "name" : "I.l.a.m. srl",
        "locationConfidence" : 0.844039
      }, {
        "latitudeE7" : 451925811,
        "longitudeE7" : 76225919,
        "placeId" : "ChIJm2uECKFoiEcR1vzquzJ2bMw",
        "name" : "Elettrogruppo Zerouno Spa",
        "locationConfidence" : 0.79985297
      }, {
        "latitudeE7" : 451916086,
        "longitudeE7" : 76226906,
        "placeId" : "ChIJE4NA6mGghkcRJh4h0vrC1mg",
        "name" : "Casa Mia",
        "locationConfidence" : 0.6260425
      }, {
        "latitudeE7" : 451908220,
        "longitudeE7" : 76219220,
        "placeId" : "ChIJ21QrUShmiEcRimUiiWti20I",
        "name" : "Next Srl",
        "locationConfidence" : 0.577415
      }, {
        "latitudeE7" : 451932843,
        "longitudeE7" : 76215293,
        "placeId" : "ChIJb2l1FiFmiEcRL8T19sRy3yw",
        "name" : "B.b.m. Di Veiluva Ivan & C. S.n.c.",
        "locationConfidence" : 0.26298577
      } ],
      "editConfirmationStatus" : "NOT_CONFIRMED"
    }
  }, {
    "activitySegment" : {
      "startLocation" : {
        "latitudeE7" : 450890000,
        "longitudeE7" : 76590700
      },
      "endLocation" : {
        "latitudeE7" : 451036100,
        "longitudeE7" : 76626200
      },
      "duration" : {
        "startTimestampMs" : "1491492211721",
        "endTimestampMs" : "1491492955864"
      },
      "distance" : 2088,
      "activityType" : "IN_TRAM",
      "confidence" : "MEDIUM",
      "activities" : [ {
        "activityType" : "IN_TRAM",
        "probability" : 59.456068191321265
      }, {
        "activityType" : "IN_BUS",
        "probability" : 18.821648615265662
      }, {
        "activityType" : "IN_PASSENGER_VEHICLE",
        "probability" : 10.970336583173603
      } ],
      "transitPath" : {
        "transitStops" : [ {
          "latitudeE7" : 450890000,
          "longitudeE7" : 76590700,
          "placeId" : "ChIJ-7SaTa1tiEcRYW-BcUtMT1g",
          "name" : "Fermata 186 - OSPEDALE AMEDEO DI SAVOIA"
        }, {
          "latitudeE7" : 451036100,
          "longitudeE7" : 76626200,
          "placeId" : "ChIJCVN2VTNsiEcR2LK9rfxuBvc",
          "name" : "Fermata 3523 - MADONNA CAMPAGNA GTT"
        } ],
        "name" : "9",
        "hexRgbColor" : "FFAB00"
      },
      "simplifiedRawPath" : {
        "points" : [ {
          "latE7" : 450914288,
          "lngE7" : 76622572,
          "timestampMs" : "1491492469450",
          "accuracyMeters" : 21
        }, {
          "latE7" : 450988416,
          "lngE7" : 76590178,
          "timestampMs" : "1491492724561",
          "accuracyMeters" : 19
        } ]
      },
      "editConfirmationStatus" : "NOT_CONFIRMED"
    }
  }, {
    "placeVisit" : {
      "location" : {
        "latitudeE7" : 451047190,
        "longitudeE7" : 76643010,
        "placeId" : "ChIJLc-uwcxtiEcRkOo1alAC9MQ",
        "address" : "Via Stradella, 242, 10147 Torino, Italia",
        "name" : "Pasticceria Gocce di Cioccolato",
        "sourceInfo" : {
          "deviceTag" : 1177253038
        },
        "locationConfidence" : 88.83767
      },
      "duration" : {
        "startTimestampMs" : "1491492955864",
        "endTimestampMs" : "1491493957326"
      },
      "placeConfidence" : "LOW_CONFIDENCE",
      "centerLatE7" : 451044871,
      "centerLngE7" : 76640714,
      "visitConfidence" : 95,
      "otherCandidateLocations" : [ {
        "latitudeE7" : 451046200,
        "longitudeE7" : 76642600,
        "placeId" : "ChIJ78tKwcxtiEcRjePDeqlEwms",
        "name" : "Torino - Via Stradella 245",
        "locationConfidence" : 1.3275993
      }, {
        "latitudeE7" : 451037803,
        "longitudeE7" : 76636011,
        "placeId" : "ChIJG0frpcxtiEcRqoUA4Xow4aQ",
        "name" : "Madonna di Campagna",
        "locationConfidence" : 0.83158904
      }, {
        "latitudeE7" : 451044899,
        "longitudeE7" : 76645061,
        "placeId" : "ChIJvYA5lcxtiEcRJFotNH84u7Y",
        "name" : "Zanaboni Tendaggi",
        "locationConfidence" : 0.5598263
      }, {
        "latitudeE7" : 451045639,
        "longitudeE7" : 76634968,
        "placeId" : "ChIJqfoftsxtiEcRN-RnqJShEbE",
        "address" : "Corso Grosseto, 283\n10147 Torino TO\nItalia",
        "name" : "Polizia di Stato Commissariato Torino Madonna di Campagna",
        "locationConfidence" : 0.50236803
      }, {
        "latitudeE7" : 451034500,
        "longitudeE7" : 76640400,
        "placeId" : "ChIJP6xroMxtiEcR85AACJSHTZ4",
        "name" : "Torino Madonna di Campagna",
        "locationConfidence" : 0.49729368
      }, {
        "latitudeE7" : 451039400,
        "longitudeE7" : 76623300,
        "placeId" : "ChIJY634UDNsiEcRWnswRg9BVgM",
        "name" : "Torino - C.so Potenza / C.so Grosseto",
        "locationConfidence" : 0.40180904
      }, {
        "latitudeE7" : 451046354,
        "longitudeE7" : 76641125,
        "placeId" : "ChIJj8jKwMxtiEcRk03AqbYhRfU",
        "locationConfidence" : 0.33180448
      }, {
        "latitudeE7" : 451049860,
        "longitudeE7" : 76641373,
        "placeId" : "ChIJ23hhxMxtiEcRZXAbcmJahQQ",
        "name" : "Bar 24 Ore & Slot VLT",
        "locationConfidence" : 0.21670027
      }, {
        "latitudeE7" : 451042604,
        "longitudeE7" : 76644235,
        "placeId" : "ChIJbRew9MxtiEcRnBIfiWwm520",
        "name" : "Studio Casa S. A. S. di Franchino Davide e C.",
        "locationConfidence" : 0.20409356
      } ],
      "editConfirmationStatus" : "NOT_CONFIRMED"
    }
  }, {
    "activitySegment" : {
      "startLocation" : {
        "latitudeE7" : 451047800,
        "longitudeE7" : 76641500
      },
      "endLocation" : {
        "latitudeE7" : 451693000,
        "longitudeE7" : 76520500
      },
      "duration" : {
        "startTimestampMs" : "1491493957326",
        "endTimestampMs" : "1491495356380"
      },
      "distance" : 7553,
      "activityType" : "IN_BUS",
      "confidence" : "LOW",
      "activities" : [ {
        "activityType" : "IN_BUS",
        "probability" : 53.56835093064779
      }, {
        "activityType" : "IN_PASSENGER_VEHICLE",
        "probability" : 33.86843003404589
      }, {
        "activityType" : "IN_TRAIN",
        "probability" : 7.079011016652019
      } ],
      "transitPath" : {
        "transitStops" : [ {
          "latitudeE7" : 451047800,
          "longitudeE7" : 76641500,
          "placeId" : "ChIJ78tKwcxtiEcRjePDeqlEwms",
          "name" : "Torino - Via Stradella 245"
        }, {
          "latitudeE7" : 451693000,
          "longitudeE7" : 76520500,
          "placeId" : "ChIJ_frh8DtviEcRxrG2IYaSDIA",
          "name" : "Fermata 14384 - Caselle (str. Torino 9)"
        } ],
        "name" : "3165",
        "hexRgbColor" : "0091EA"
      },
      "simplifiedRawPath" : {
        "points" : [ {
          "latE7" : 451744321,
          "lngE7" : 76484225,
          "timestampMs" : "1491494892870",
          "accuracyMeters" : 23
        }, {
          "latE7" : 451736850,
          "lngE7" : 76469544,
          "timestampMs" : "1491495298930",
          "accuracyMeters" : 38
        } ]
      },
      "editConfirmationStatus" : "NOT_CONFIRMED"
    }
  }, {
    "placeVisit" : {
      "location" : {
        "latitudeE7" : 451685491,
        "longitudeE7" : 76536523,
        "placeId" : "ChIJZ6eEWjxviEcRh3vfBs192HU",
        "address" : "Via Torino, 23, 10072 Caselle Torinese, Caselle torinese, Città Metropolitana di Torino, Italia",
        "name" : "Caselle Center",
        "sourceInfo" : {
          "deviceTag" : 1177253038
        },
        "locationConfidence" : 99.86722
      },
      "duration" : {
        "startTimestampMs" : "1491495356380",
        "endTimestampMs" : "1491497347689"
      },
      "placeConfidence" : "HIGH_CONFIDENCE",
      "childVisits" : [ {
        "location" : {
          "latitudeE7" : 451683489,
          "longitudeE7" : 76536211,
          "placeId" : "ChIJN3LaaTxviEcRHoc3zRgXrno",
          "address" : "Via Battisti, Città Metropolitana di Torino, Italia",
          "name" : "Lavasecco",
          "sourceInfo" : {
            "deviceTag" : 1177253038
          },
          "locationConfidence" : 47.25876
        },
        "duration" : {
          "startTimestampMs" : "1491497116375",
          "endTimestampMs" : "1491497347689"
        },
        "placeConfidence" : "LOW_CONFIDENCE",
        "centerLatE7" : 451687901,
        "centerLngE7" : 76535933,
        "visitConfidence" : 64,
        "otherCandidateLocations" : [ {
          "latitudeE7" : 451685491,
          "longitudeE7" : 76536523,
          "placeId" : "ChIJZ6eEWjxviEcRh3vfBs192HU",
          "address" : "Via Milano, Torino, Italia",
          "name" : "Caselle Center",
          "locationConfidence" : 24.166805
        }, {
          "latitudeE7" : 451679884,
          "longitudeE7" : 76539353,
          "placeId" : "ChIJ6feCWzxviEcRiXH6SyBpF7I",
          "name" : "KIKO Make Up",
          "locationConfidence" : 4.978176
        }],
        "editConfirmationStatus" : "NOT_CONFIRMED"
      } ],
      "centerLatE7" : 451681366,
      "centerLngE7" : 76540333,
      "visitConfidence" : 96,
      "otherCandidateLocations" : [ {
        "latitudeE7" : 451680000,
        "longitudeE7" : 76525000,
        "placeId" : "ChIJezNfeTxviEcRWj9dyJRwF_8",
        "name" : "Eni",
        "locationConfidence" : 0.071523815
      }, {
        "latitudeE7" : 451705065,
        "longitudeE7" : 76562329,
        "placeId" : "ChIJ5SnhZj5viEcRdDdq6Stm7l4",
        "name" : "Icif - Italian Culinary Institute For Foreigners",
        "locationConfidence" : 0.011073171
      }, {
        "latitudeE7" : 451688680,
        "longitudeE7" : 76531600,
        "placeId" : "ChIJUZvZ4ztviEcRVXGQy0sdsVY",
        "name" : "Palestra Air Sport Caselle",
        "locationConfidence" : 0.00932031
      }, {
        "latitudeE7" : 451698527,
        "longitudeE7" : 76518075,
        "placeId" : "ChIJ58AO4ztviEcRImzpo_RCKHs",
        "name" : "Bertetto Center",
        "locationConfidence" : 0.005998603
      }, {
        "latitudeE7" : 451676200,
        "longitudeE7" : 76529600,
        "placeId" : "ChIJq4N4YjxviEcRq4gnXbR0cac",
        "locationConfidence" : 0.0042906883
      }],
      "editConfirmationStatus" : "NOT_CONFIRMED"
    }
  }, {
    "activitySegment" : {
      "startLocation" : {
        "latitudeE7" : 451687930,
        "longitudeE7" : 76535504
      },
      "endLocation" : {
        "latitudeE7" : 451915100,
        "longitudeE7" : 76194700
      },
      "duration" : {
        "startTimestampMs" : "1491497347689",
        "endTimestampMs" : "1491497876392"
      },
      "distance" : 4175,
      "activityType" : "IN_PASSENGER_VEHICLE",
      "confidence" : "HIGH",
      "activities" : [ {
        "activityType" : "IN_PASSENGER_VEHICLE",
        "probability" : 98.80379213613875
      }, {
        "activityType" : "WALKING",
        "probability" : 0.5847721325284047
      }, {
        "activityType" : "IN_BUS",
        "probability" : 0.44781443336443627
      } ],
      "waypointPath" : {
        "waypoints" : [ {
          "latE7" : 451688537,
          "lngE7" : 76535253
        }, {
          "latE7" : 451947402,
          "lngE7" : 76262855
        }, {
          "latE7" : 451915130,
          "lngE7" : 76194634
        } ]
      },
      "simplifiedRawPath" : {
        "points" : [ {
          "latE7" : 451943229,
          "lngE7" : 76254928,
          "timestampMs" : "1491497816589",
          "accuracyMeters" : 98
        } ]
      },
      "editConfirmationStatus" : "NOT_CONFIRMED",
      "parkingEvent" : {
        "timestampMs" : "1491498061144",
        "location" : {
          "latitudeE7" : 451915878,
          "longitudeE7" : 76197782,
          "accuracyMetres" : 24
        }
      }
    }
  }, {
    "placeVisit" : {
      "location" : {
        "latitudeE7" : 450901566,
        "longitudeE7" : 76592410,
        "placeId" : "ChIJ73xxq7JtiEcRntjYqj2OWkA",
        "address" : "Via Pessinetto, 12, 10149 Torino, Città Metropolitana di Torino, Italia",
        "name" : "Università di Torino - Dipartimento di Informatica",
        "sourceInfo" : {
          "deviceTag" : 1177253038
        },
        "locationConfidence" : 99.29186
      },
      "duration" : {
        "startTimestampMs" : "1491567513464",
        "endTimestampMs" : "1491568076986"
      },
      "placeConfidence" : "HIGH_CONFIDENCE",
      "centerLatE7" : 450898760,
      "centerLngE7" : 76584300,
      "visitConfidence" : 95,
      "otherCandidateLocations" : [ {
        "latitudeE7" : 450881322,
        "longitudeE7" : 76603790,
        "placeId" : "ChIJzW0rpLJtiEcRrzWbzlRVI-U",
        "name" : "Ospedale Amedeo di Savoia",
        "locationConfidence" : 0.1802934
      }, {
        "latitudeE7" : 450895914,
        "longitudeE7" : 76582540,
        "placeId" : "ChIJhWx-WE1siEcRsSd72739nhI",
        "name" : "Doc Self Service",
        "locationConfidence" : 0.13496153
      }, {
        "latitudeE7" : 450892727,
        "longitudeE7" : 76593042,
        "placeId" : "ChIJ3YlkU61tiEcRAzYqcQzWftc",
        "address" : "10149 Torino TO\nItalia",
        "name" : "Amedeo di Savoia",
        "locationConfidence" : 0.046550106
      }, {
        "latitudeE7" : 450904135,
        "longitudeE7" : 76609306,
        "placeId" : "ChIJq5YalLJtiEcRa0ulIMJt8xk",
        "name" : "NIPE Pala Torino",
        "locationConfidence" : 0.021566411
      }, {
        "latitudeE7" : 450900610,
        "longitudeE7" : 76573532,
        "placeId" : "ChIJvbL5Y01siEcR7MiZ8p-823Y",
        "name" : "Caffetteria dal Vecio",
        "locationConfidence" : 0.020547954
      }, {
        "latitudeE7" : 450894120,
        "longitudeE7" : 76592046,
        "placeId" : "ChIJcfpDVK1tiEcRPURm5-K4wgY",
        "name" : "Università di Torino - Dipartimento di Infermieristica",
        "locationConfidence" : 0.018517284
      }, {
        "latitudeE7" : 450894718,
        "longitudeE7" : 76592758,
        "placeId" : "ChIJ0UnKVa1tiEcRVn-YOyxhWk8",
        "name" : "Club 66",
        "locationConfidence" : 0.017394364
      }, {
        "latitudeE7" : 450895739,
        "longitudeE7" : 76593504,
        "placeId" : "ChIJK7faleBsiEcR0obPzBSnkIQ",
        "name" : "Bussolino arredo",
        "locationConfidence" : 0.012988068
      }, {
        "latitudeE7" : 450896937,
        "longitudeE7" : 76583070,
        "placeId" : "ChIJ4_IGWE1siEcRfaJpKpkdMqo",
        "locationConfidence" : 0.008588267
      } ],
      "editConfirmationStatus" : "NOT_CONFIRMED"
    }
  },
    {
    "placeVisit" : {
      "location" : {
        "latitudeE7" : 450548469,
        "longitudeE7" : 76867361,
        "placeId" : "ChIJ93xTW1ptiEcRjz5o71wyKjA",
        "address" : "Corso Massimo d'Azeglio, 10126 Torino, Piemonte, Italia",
        "name" : "Parco del Valentino",
        "sourceInfo" : {
          "deviceTag" : 1177253038
        },
        "locationConfidence" : 95.54542
      },
      "duration" : {
        "startTimestampMs" : "1492694498907",
        "endTimestampMs" : "1492695364573"
      },
      "placeConfidence" : "HIGH_CONFIDENCE",
      "centerLatE7" : 450572585,
      "centerLngE7" : 76876438,
      "visitConfidence" : 90,
      "otherCandidateLocations" : [ {
        "latitudeE7" : 450627948,
        "longitudeE7" : 76620529,
        "placeId" : "ChIJyW3oRBhtiEcRMYkNA4pN1a8",
        "name" : "Politecnico di Torino",
        "locationConfidence" : 0.6450508
      }, {
        "latitudeE7" : 450594585,
        "longitudeE7" : 76886281,
        "placeId" : "ChIJ6cZo6HJtiEcRiPbVcXP27IQ",
        "name" : "Artissima Srl",
        "locationConfidence" : 0.29715887
      }, {
        "latitudeE7" : 450589836,
        "longitudeE7" : 76875486,
        "placeId" : "ChIJJxpVgl1tiEcRMey-ebXICRs",
        "name" : "Stazione Di Servizio (Total-Erg)",
        "locationConfidence" : 0.13595226
      }, {
        "latitudeE7" : 450590776,
        "longitudeE7" : 76893441,
        "placeId" : "ChIJE1rv9l1tiEcRdux3YDi6SI4",
        "name" : "607 Della Rocca",
        "locationConfidence" : 0.13084158
      }, {
        "latitudeE7" : 450595500,
        "longitudeE7" : 76875300,
        "placeId" : "ChIJ-90GfmdtiEcR2s_PnjS5SCg",
        "name" : "Fermata 1949 - MASSIMO D'AZEGLIO",
        "locationConfidence" : 0.10637934
      }, {
        "latitudeE7" : 450586700,
        "longitudeE7" : 76900100,
        "placeId" : "ChIJZ4XCCF5tiEcRKlmUXexqmx0",
        "name" : "Fermata 632 - DELLA ROCCA",
        "locationConfidence" : 0.092682295
      }, {
        "latitudeE7" : 450596160,
        "longitudeE7" : 76869020,
        "placeId" : "ChIJ47CkgGdtiEcRMEpqAmHg-QI",
        "name" : "Sem Scuola Estetica Moderna",
        "locationConfidence" : 0.069706485
      }, {
        "latitudeE7" : 450602083,
        "longitudeE7" : 76866263,
        "placeId" : "ChIJtTTcj2dtiEcRtjfTSegVQV8",
        "name" : "Gelateria Alberto Marchetti",
        "locationConfidence" : 0.06594822
      }, {
        "latitudeE7" : 450593983,
        "longitudeE7" : 76876689,
        "placeId" : "ChIJ5a01h11tiEcR_btCqDWZ4ZY",
        "name" : "Fondazione Carlo Molo Onlus",
        "locationConfidence" : 0.05945635
      } ],
      "editConfirmationStatus" : "NOT_CONFIRMED"
    }
  }, {
    "activitySegment" : {
      "startLocation" : {
        "latitudeE7" : 450627600,
        "longitudeE7" : 76790100
      },
      "endLocation" : {
        "latitudeE7" : 450760170,
        "longitudeE7" : 76553931
      },
      "duration" : {
        "startTimestampMs" : "1492695920612",
        "endTimestampMs" : "1492697259603"
      },
      "distance" : 3322,
      "activityType" : "IN_SUBWAY",
      "confidence" : "LOW",
      "activities" : [ {
        "activityType" : "IN_SUBWAY",
        "probability" : 1.4166505998727368
      }, {
        "activityType" : "IN_TRAM",
        "probability" : 83.96663075276277
      }, {
        "activityType" : "WALKING",
        "probability" : 6.830961764761858
      } ],
      "transitPath" : {
        "transitStops" : [ {
          "latitudeE7" : 450627600,
          "longitudeE7" : 76790100,
          "placeId" : "ChIJl1b0zWttiEcRxM9VBSTbEqM",
          "name" : "Porta Nuova"
        }, {
          "latitudeE7" : 450760170,
          "longitudeE7" : 76553931,
          "placeId" : "ChIJtVWx_gFtiEcR7ptfEFvH3lw",
          "name" : "Bernini"
        } ],
        "name" : "M1",
        "hexRgbColor" : "D50000"
      },
      "simplifiedRawPath" : {
        "points" : [ {
          "latE7" : 450591823,
          "lngE7" : 76877482,
          "timestampMs" : "1492695920612",
          "accuracyMeters" : 21
        }, {
          "latE7" : 450599348,
          "lngE7" : 76863821,
          "timestampMs" : "1492695981875",
          "accuracyMeters" : 20
        }, {
          "latE7" : 450638343,
          "lngE7" : 76693457,
          "timestampMs" : "1492696289283",
          "accuracyMeters" : 400
        }, {
          "latE7" : 450697604,
          "lngE7" : 76597845,
          "timestampMs" : "1492696691856",
          "accuracyMeters" : 500
        }, {
          "latE7" : 450688265,
          "lngE7" : 76605791,
          "timestampMs" : "1492696752541",
          "accuracyMeters" : 500
        }, {
          "latE7" : 450706671,
          "lngE7" : 76606198,
          "timestampMs" : "1492696817677",
          "accuracyMeters" : 110
        }, {
          "latE7" : 450729427,
          "lngE7" : 76561080,
          "timestampMs" : "1492696875758",
          "accuracyMeters" : 400
        } ]
      },
      "editConfirmationStatus" : "NOT_CONFIRMED"
    }
  }, {
    "activitySegment" : {
      "startLocation" : {
        "latitudeE7" : 450816564,
        "longitudeE7" : 76560464
      },
      "endLocation" : {
        "latitudeE7" : 450834828,
        "longitudeE7" : 76548881
      },
      "duration" : {
        "startTimestampMs" : "1492697259603",
        "endTimestampMs" : "1492697660562"
      },
      "distance" : 201,
      "activityType" : "WALKING",
      "confidence" : "MEDIUM",
      "activities" : [ {
        "activityType" : "WALKING",
        "probability" : 63.77056083995005
      }, {
        "activityType" : "IN_TRAM",
        "probability" : 22.76866396939543
      }, {
        "activityType" : "IN_PASSENGER_VEHICLE",
        "probability" : 5.303880755977716
      } ],
      "waypointPath" : {
        "waypoints" : [ {
          "latE7" : 450816650,
          "lngE7" : 76561403
        }, {
          "latE7" : 450835151,
          "lngE7" : 76545958
        } ]
      },
      "editConfirmationStatus" : "NOT_CONFIRMED"
    }
  }, {
    "placeVisit" : {
      "location" : {
        "latitudeE7" : 443987880,
        "longitudeE7" : 89478829,
        "placeId" : "ChIJR2AuZ7hD0xIRKQxgE3NPOZo",
        "address" : "Via della Libertà, 104, 16129 genova, Genova, Italia",
        "name" : "La Sagola",
        "sourceInfo" : {
          "deviceTag" : 1177253038
        },
        "locationConfidence" : 70.748245
      },
      "duration" : {
        "startTimestampMs" : "1493459565926",
        "endTimestampMs" : "1493460097849"
      },
      "placeConfidence" : "LOW_CONFIDENCE",
      "centerLatE7" : 443987918,
      "centerLngE7" : 89476609,
      "visitConfidence" : 88,
      "otherCandidateLocations" : [ {
        "latitudeE7" : 443988316,
        "longitudeE7" : 89476967,
        "placeId" : "ChIJf7NQ6bhD0xIRsTS9-c42q9E",
        "name" : "Panificio Zarattini Oliviero",
        "locationConfidence" : 1.7846358
      }, {
        "latitudeE7" : 443970840,
        "longitudeE7" : 89459289,
        "placeId" : "ChIJbVO24sdD0xIRrXWz8zSb3Z8",
        "name" : "Bar Paperino",
        "locationConfidence" : 0.7369308
      }, {
        "latitudeE7" : 443984910,
        "longitudeE7" : 89481210,
        "placeId" : "ChIJl4DGQrhD0xIR26B6Lvg8w0Y",
        "name" : "Ristorante Il Pampino",
        "locationConfidence" : 0.7121457
      }, {
        "latitudeE7" : 443998854,
        "longitudeE7" : 89480380,
        "placeId" : "ChIJQ5X1j7hD0xIRct-z43XvbKc",
        "name" : "Ristorante Wo Zen",
        "locationConfidence" : 0.6671331
      }, {
        "latitudeE7" : 443992730,
        "longitudeE7" : 89482222,
        "placeId" : "ChIJf7NQ6bhD0xIR_YuC5k5Bt7A",
        "name" : "Pizzeria 23 Febbraio",
        "locationConfidence" : 0.51730275
      }, {
        "latitudeE7" : 443986364,
        "longitudeE7" : 89478191,
        "placeId" : "ChIJP-lJZrhD0xIRc7NIYaKqTXE",
        "name" : "L'Angolo della Lucania",
        "locationConfidence" : 0.45462173
      }, {
        "latitudeE7" : 443983762,
        "longitudeE7" : 89479240,
        "placeId" : "ChIJqREzaLhD0xIReDuERx7cnZo",
        "name" : "Personal Bike Project",
        "locationConfidence" : 0.37944865
      }, {
        "latitudeE7" : 443984249,
        "longitudeE7" : 89468469,
        "placeId" : "ChIJQT7sdrhD0xIRvduTzUuPjsM",
        "name" : "Carrefour Market - Supermercato",
        "locationConfidence" : 0.3693325
      }, {
        "latitudeE7" : 443987021,
        "longitudeE7" : 89476378,
        "placeId" : "ChIJV01gZrhD0xIREEu6QmSDELg",
        "name" : "Beauty Island Centro Estetico Nails Center",
        "locationConfidence" : 0.36581868
      } ],
      "editConfirmationStatus" : "NOT_CONFIRMED"
    }
  }, {
    "activitySegment" : {
      "startLocation" : {
        "latitudeE7" : 443987918,
        "longitudeE7" : 89476609
      },
      "endLocation" : {
        "latitudeE7" : 451735275,
        "longitudeE7" : 76484450
      },
      "duration" : {
        "startTimestampMs" : "1493460097849",
        "endTimestampMs" : "1493999855281"
      },
      "activityType" : "UNKNOWN_ACTIVITY_TYPE",
      "activities" : [ {
        "activityType" : "UNKNOWN_ACTIVITY_TYPE",
        "probability" : 0.0
      } ],
      "simplifiedRawPath" : {
        "points" : [ {
          "latE7" : 444029538,
          "lngE7" : 89485987,
          "timestampMs" : "1493460156975",
          "accuracyMeters" : 20
        } ]
      }
    }
  } ]
}