{
  "story_activities_emoji_sliders": [
    {
      "title": "dario.bressanini",
      "string_list_data": [
        {
          "value": "77.41935",
          "timestamp": 1708865713
        }
      ]
    },
    {
      "title": "mikeleerose",
      "string_list_data": [
        {
          "value": "100",
          "timestamp": 1707937045
        }
      ]
    },
    {
      "title": "geopop",
      "string_list_data": [
        {
          "value": "100",
          "timestamp": 1706899501
        }
      ]
    },
    {
      "title": "economiaitalia",
      "string_list_data": [
        {
          "value": "100",
          "timestamp": 1686236412
        }
      ]
    },
    {
      "title": "economiaitalia",
      "string_list_data": [
        {
          "value": "82.096773",
          "timestamp": 1670610023
        }
      ]
    },
    {
      "title": "trippie.bri",
      "string_list_data": [
        {
          "value": "0",
          "timestamp": 1670524914
        }
      ]
    },
    {
      "title": "averagejuventinoguy",
      "string_list_data": [
        {
          "value": "35.967743",
          "timestamp": 1658141398
        }
      ]
    },
    {
      "title": "becomedy_uk",
      "string_list_data": [
        {
          "value": "17.258064",
          "timestamp": 1653942132
        }
      ]
    },
    {
      "title": "reelbunnies",
      "string_list_data": [
        {
          "value": "95.80645",
          "timestamp": 1652730677
        }
      ]
    },
    {
      "title": "avvocatoatomico",
      "string_list_data": [
        {
          "value": "91.451615",
          "timestamp": 1642617950
        }
      ]
    },
    {
      "title": "avvocatoatomico",
      "string_list_data": [
        {
          "value": "23.225807",
          "timestamp": 1639758378
        }
      ]
    },
    {
      "title": "giuliapremi",
      "string_list_data": [
        {
          "value": "70",
          "timestamp": 1639734606
        }
      ]
    },
    {
      "title": "maxfelicitas.official",
      "string_list_data": [
        {
          "value": "0",
          "timestamp": 1633274625
        }
      ]
    },
    {
      "title": "riseofkingdoms",
      "string_list_data": [
        {
          "value": "52.5",
          "timestamp": 1552564618
        }
      ]
    }
  ]
}