{
  "story_activities_polls": [
    {
      "title": "90_piu_recupero",
      "string_list_data": [
        {
          "value": "Sommer ",
          "timestamp": 1719637713
        }
      ]
    },
    {
      "title": "andrea_falcioni_ddd",
      "string_list_data": [
        {
          "value": "Assolutamente si",
          "timestamp": 1719172023
        }
      ]
    },
    {
      "title": "acroevo",
      "string_list_data": [
        {
          "value": "Elden Ring",
          "timestamp": 1719171800
        }
      ]
    },
    {
      "title": "geopop",
      "string_list_data": [
        {
          "value": "No",
          "timestamp": 1718908435
        }
      ]
    },
    {
      "title": "nilambr.07",
      "string_list_data": [
        {
          "value": "Team: Italy \u00f0\u009f\u0087\u00ae\u00f0\u009f\u0087\u00b9 ",
          "timestamp": 1718573767
        }
      ]
    },
    {
      "title": "torcha",
      "string_list_data": [
        {
          "value": "Non lo ritengo importante",
          "timestamp": 1718303519
        }
      ]
    },
    {
      "title": "torcha",
      "string_list_data": [
        {
          "value": "No, \u00c3\u00a8 indifferente",
          "timestamp": 1718303514
        }
      ]
    },
    {
      "title": "torcha",
      "string_list_data": [
        {
          "value": "Nessuna delle precedenti",
          "timestamp": 1718303511
        }
      ]
    },
    {
      "title": "torcha",
      "string_list_data": [
        {
          "value": "Minore di 5 gradi e poche kcal",
          "timestamp": 1718303506
        }
      ]
    },
    {
      "title": "torcha",
      "string_list_data": [
        {
          "value": "Mai",
          "timestamp": 1718303493
        }
      ]
    },
    {
      "title": "giovashow",
      "string_list_data": [
        {
          "value": "Cercher\u00c3\u00b2 una baracca sabbiosa in Asia ",
          "timestamp": 1717970406
        }
      ]
    },
    {
      "title": "oradecima",
      "string_list_data": [
        {
          "value": "Avoja daje sii",
          "timestamp": 1717952074
        }
      ]
    },
    {
      "title": "datapizza",
      "string_list_data": [
        {
          "value": "Solo in alcune casistiche particolari",
          "timestamp": 1717325131
        }
      ]
    },
    {
      "title": "nilambr.07",
      "string_list_data": [
        {
          "value": "Team: Italy\u00f0\u009f\u0087\u00ae\u00f0\u009f\u0087\u00b9",
          "timestamp": 1717279258
        }
      ]
    },
    {
      "title": "sinistra_unita",
      "string_list_data": [
        {
          "value": "Fallo",
          "timestamp": 1717244009
        }
      ]
    },
    {
      "title": "activenglish_programs",
      "string_list_data": [
        {
          "value": "I\u00e2\u0080\u0099ll be traveling for work.",
          "timestamp": 1717217949
        }
      ]
    },
    {
      "title": "giovashow",
      "string_list_data": [
        {
          "value": "Sentenzioso",
          "timestamp": 1717178273
        }
      ]
    },
    {
      "title": "becomedy_uk",
      "string_list_data": [
        {
          "value": "Benigni",
          "timestamp": 1716877129
        }
      ]
    },
    {
      "title": "phazyo.rai.3",
      "string_list_data": [
        {
          "value": "INCONTRARE UN ORSO DA SOLO NEL BOSCO",
          "timestamp": 1715927237
        }
      ]
    },
    {
      "title": "diablitadiablita100",
      "string_list_data": [
        {
          "value": "Yess! \u00f0\u009f\u0098\u008f",
          "timestamp": 1715356927
        }
      ]
    },
    {
      "title": "todayyearsold",
      "string_list_data": [
        {
          "value": "Twice a month",
          "timestamp": 1715291159
        }
      ]
    },
    {
      "title": "mysecretcase",
      "string_list_data": [
        {
          "value": "grower ",
          "timestamp": 1714775850
        }
      ]
    },
    {
      "title": "geopop",
      "string_list_data": [
        {
          "value": "S\u00c3\u00ac!",
          "timestamp": 1714630681
        }
      ]
    },
    {
      "title": "averagerayy",
      "string_list_data": [
        {
          "value": "Bulbasaur \u00f0\u009f\u008d\u0083",
          "timestamp": 1714410753
        }
      ]
    },
    {
      "title": "jordyn.worldx",
      "string_list_data": [
        {
          "value": "Ovviamente \u00f0\u009f\u0099\u0084",
          "timestamp": 1714216854
        }
      ]
    },
    {
      "title": "oradecima",
      "string_list_data": [
        {
          "value": "Un maiale",
          "timestamp": 1714073653
        }
      ]
    },
    {
      "title": "geopop",
      "string_list_data": [
        {
          "value": "Si",
          "timestamp": 1713852071
        }
      ]
    },
    {
      "title": "leantan_nty",
      "string_list_data": [
        {
          "value": "Lu Gano\u00f0\u009f\u0087\u00a8\u00f0\u009f\u0087\u00ad",
          "timestamp": 1713505673
        }
      ]
    },
    {
      "title": "oradecima",
      "string_list_data": [
        {
          "value": "Non vista, penso sia ok",
          "timestamp": 1713120208
        }
      ]
    },
    {
      "title": "yorkshire.fossils",
      "string_list_data": [
        {
          "value": "Sharks Teeth",
          "timestamp": 1712215811
        }
      ]
    },
    {
      "title": "oradecima",
      "string_list_data": [
        {
          "value": "auto si partita no",
          "timestamp": 1712091634
        }
      ]
    },
    {
      "title": "geopop",
      "string_list_data": [
        {
          "value": "No, non serve a nulla! \u00f0\u009f\u0098\u0092",
          "timestamp": 1710578232
        }
      ]
    },
    {
      "title": "geopop",
      "string_list_data": [
        {
          "value": "L\u00e2\u0080\u0099indice della mano sinistra",
          "timestamp": 1710454617
        }
      ]
    },
    {
      "title": "geopop",
      "string_list_data": [
        {
          "value": "Falso",
          "timestamp": 1710454608
        }
      ]
    },
    {
      "title": "sexwithalexa",
      "string_list_data": [
        {
          "value": "mind blowing s-x but you\u00e2\u0080\u0099ll get the flu",
          "timestamp": 1710353657
        }
      ]
    },
    {
      "title": "torcha",
      "string_list_data": [
        {
          "value": "Ho uno o pi\u00c3\u00b9 fratelli",
          "timestamp": 1709989929
        }
      ]
    },
    {
      "title": "sexwithalexa",
      "string_list_data": [
        {
          "value": "sit next to each other and read your own book",
          "timestamp": 1709747939
        }
      ]
    },
    {
      "title": "sexwithalexa",
      "string_list_data": [
        {
          "value": "watch a movie",
          "timestamp": 1709502088
        }
      ]
    },
    {
      "title": "sexwithalexa",
      "string_list_data": [
        {
          "value": "okay s-x once and well rested",
          "timestamp": 1709290761
        }
      ]
    },
    {
      "title": "sexwithalexa",
      "string_list_data": [
        {
          "value": "you never have you wash your hair again",
          "timestamp": 1708781422
        }
      ]
    },
    {
      "title": "breaking.dank",
      "string_list_data": [
        {
          "value": "il bro \u00c3\u00a8 il nuovo newton",
          "timestamp": 1708637533
        }
      ]
    },
    {
      "title": "torcha",
      "string_list_data": [
        {
          "value": "S\u00c3\u00ac",
          "timestamp": 1708616526
        }
      ]
    },
    {
      "title": "many_reels_in_trend",
      "string_list_data": [
        {
          "value": "4",
          "timestamp": 1708343957
        }
      ]
    },
    {
      "title": "annacainbianco",
      "string_list_data": [
        {
          "value": "Send my tape",
          "timestamp": 1708328683
        }
      ]
    },
    {
      "title": "enkkgram",
      "string_list_data": [
        {
          "value": "elder rings (continuiamo)",
          "timestamp": 1708110140
        }
      ]
    },
    {
      "title": "studytme_",
      "string_list_data": [
        {
          "value": "Sometimes",
          "timestamp": 1708003695
        }
      ]
    },
    {
      "title": "geopop",
      "string_list_data": [
        {
          "value": "Falso",
          "timestamp": 1706966346
        }
      ]
    },
    {
      "title": "geopop",
      "string_list_data": [
        {
          "value": "tiepida per poi salire",
          "timestamp": 1706966339
        }
      ]
    },
    {
      "title": "sexwithalexa",
      "string_list_data": [
        {
          "value": "always have to do a new position",
          "timestamp": 1706718798
        }
      ]
    },
    {
      "title": "tjpower",
      "string_list_data": [
        {
          "value": "No",
          "timestamp": 1706618869
        }
      ]
    },
    {
      "title": "torcha",
      "string_list_data": [
        {
          "value": "No \u00f0\u009f\u0098\u008c",
          "timestamp": 1704732050
        }
      ]
    },
    {
      "title": "torcha",
      "string_list_data": [
        {
          "value": "S\u00c3\u00ac, a volte \u00f0\u009f\u0098\u008c",
          "timestamp": 1704723406
        }
      ]
    },
    {
      "title": "psychologypeers",
      "string_list_data": [
        {
          "value": "Yes",
          "timestamp": 1704619709
        }
      ]
    },
    {
      "title": "biancapetals",
      "string_list_data": [
        {
          "value": "Steal my robe",
          "timestamp": 1704619664
        }
      ]
    },
    {
      "title": "torcha",
      "string_list_data": [
        {
          "value": "No \u00f0\u009f\u0091\u008e",
          "timestamp": 1704544194
        }
      ]
    },
    {
      "title": "Instagram User",
      "string_list_data": [
        {
          "value": "culo",
          "timestamp": 1704363862
        }
      ]
    },
    {
      "title": "Instagram User",
      "string_list_data": [
        {
          "value": "Ale ",
          "timestamp": 1704061874
        }
      ]
    },
    {
      "title": "Instagram User",
      "string_list_data": [
        {
          "value": "\u00f0\u009f\u0087\u00ba\u00f0\u009f\u0087\u00a6 Volodymyr Zelenskyy",
          "timestamp": 1704043449
        }
      ]
    },
    {
      "title": "alessandrozappulli",
      "string_list_data": [
        {
          "value": "Piemonte",
          "timestamp": 1703798580
        }
      ]
    },
    {
      "title": "ludopatizzati",
      "string_list_data": [
        {
          "value": "Mai giocato\u00f0\u009f\u0096\u0090",
          "timestamp": 1703266468
        }
      ]
    },
    {
      "title": "torcha",
      "string_list_data": [
        {
          "value": "S\u00c3\u00ac \u00f0\u009f\u0091\u008c",
          "timestamp": 1702725217
        }
      ]
    },
    {
      "title": "torcha",
      "string_list_data": [
        {
          "value": "Intrattenere il pubblico",
          "timestamp": 1702725213
        }
      ]
    },
    {
      "title": "professorformemes",
      "string_list_data": [
        {
          "value": "No",
          "timestamp": 1702211769
        }
      ]
    },
    {
      "title": "torcha",
      "string_list_data": [
        {
          "value": "Vorrei assomigliare a un personaggio famoso",
          "timestamp": 1701521852
        }
      ]
    },
    {
      "title": "professorformemes",
      "string_list_data": [
        {
          "value": "Yes",
          "timestamp": 1701244293
        }
      ]
    },
    {
      "title": "torcha",
      "string_list_data": [
        {
          "value": "S\u00c3\u00ac, anche definitivamente \u00f0\u009f\u0098\u008c",
          "timestamp": 1699769494
        }
      ]
    },
    {
      "title": "torcha",
      "string_list_data": [
        {
          "value": "S\u00c3\u00ac, in modo positivo\u00f0\u009f\u0098\u008a",
          "timestamp": 1699131217
        }
      ]
    },
    {
      "title": "torcha",
      "string_list_data": [
        {
          "value": "No \u00f0\u009f\u0098\u0092",
          "timestamp": 1699131212
        }
      ]
    },
    {
      "title": "torcha",
      "string_list_data": [
        {
          "value": "No \u00f0\u009f\u0091\u008e",
          "timestamp": 1699131210
        }
      ]
    },
    {
      "title": "torcha",
      "string_list_data": [
        {
          "value": "S\u00c3\u00ac \u00f0\u009f\u0091\u008c",
          "timestamp": 1699131207
        }
      ]
    },
    {
      "title": "torcha",
      "string_list_data": [
        {
          "value": "Tutti i giorni",
          "timestamp": 1699131202
        }
      ]
    },
    {
      "title": "torcha",
      "string_list_data": [
        {
          "value": "S\u00c3\u00ac \u00f0\u009f\u0091\u008c",
          "timestamp": 1699131197
        }
      ]
    },
    {
      "title": "middleearth_universe",
      "string_list_data": [
        {
          "value": "Yes",
          "timestamp": 1698594714
        }
      ]
    },
    {
      "title": "datapizza",
      "string_list_data": [
        {
          "value": "Meglio mai \u00f0\u009f\u0099\u0085",
          "timestamp": 1697443629
        }
      ]
    },
    {
      "title": "pillole.di.storia",
      "string_list_data": [
        {
          "value": "I sardi atlantidei",
          "timestamp": 1697292759
        }
      ]
    },
    {
      "title": "dario_moccia",
      "string_list_data": [
        {
          "value": "S\u00c3\u00ac",
          "timestamp": 1696787632
        }
      ]
    },
    {
      "title": "datapizza",
      "string_list_data": [
        {
          "value": "No, odio Alexa",
          "timestamp": 1696630311
        }
      ]
    },
    {
      "title": "luiza.conlazeta",
      "string_list_data": [
        {
          "value": "Io passo",
          "timestamp": 1696451210
        }
      ]
    },
    {
      "title": "luiza.conlazeta",
      "string_list_data": [
        {
          "value": "S\u00c3\u00ac",
          "timestamp": 1696451194
        }
      ]
    },
    {
      "title": "avvocatoatomico",
      "string_list_data": [
        {
          "value": "S\u00c3\u00ac",
          "timestamp": 1696439433
        }
      ]
    },
    {
      "title": "dario.bressanini",
      "string_list_data": [
        {
          "value": "Ha Entrambe",
          "timestamp": 1696371216
        }
      ]
    },
    {
      "title": "datapizza",
      "string_list_data": [
        {
          "value": "Per forza \u00f0\u009f\u0092\u00aa",
          "timestamp": 1696156497
        }
      ]
    },
    {
      "title": "Instagram User",
      "string_list_data": [
        {
          "value": "On time \u00f0\u009f\u0099\u008c\u00f0\u009f\u008f\u00bb",
          "timestamp": 1694928941
        }
      ]
    },
    {
      "title": "like_linton",
      "string_list_data": [
        {
          "value": "Yes",
          "timestamp": 1694721434
        }
      ]
    },
    {
      "title": "dadatwitch",
      "string_list_data": [
        {
          "value": "Full Pvp",
          "timestamp": 1694670199
        }
      ]
    },
    {
      "title": "amazonkindle",
      "string_list_data": [
        {
          "value": "Si in rosso",
          "timestamp": 1692988028
        }
      ]
    },
    {
      "title": "studytme_",
      "string_list_data": [
        {
          "value": "\u00f0\u009f\u0098\u00b4Pajamas",
          "timestamp": 1692398386
        }
      ]
    },
    {
      "title": "torcha",
      "string_list_data": [
        {
          "value": "S\u00c3\u00ac",
          "timestamp": 1691908420
        }
      ]
    },
    {
      "title": "torcha",
      "string_list_data": [
        {
          "value": "S\u00c3\u00ac",
          "timestamp": 1691908410
        }
      ]
    },
    {
      "title": "torcha",
      "string_list_data": [
        {
          "value": "Mi concentro di pi\u00c3\u00b9 nello spazio di casa",
          "timestamp": 1691908405
        }
      ]
    },
    {
      "title": "torcha",
      "string_list_data": [
        {
          "value": "Da remoto",
          "timestamp": 1691908389
        }
      ]
    },
    {
      "title": "psychologyposts_",
      "string_list_data": [
        {
          "value": "$20,000 - $30,000",
          "timestamp": 1691106020
        }
      ]
    },
    {
      "title": "torcha",
      "string_list_data": [
        {
          "value": "Mi interessano",
          "timestamp": 1690474209
        }
      ]
    },
    {
      "title": "ilmasseo",
      "string_list_data": [
        {
          "value": "DIOC4N SI BRUCIANO",
          "timestamp": 1690452688
        }
      ]
    },
    {
      "title": "Instagram User",
      "string_list_data": [
        {
          "value": "massive pp",
          "timestamp": 1690437825
        }
      ]
    },
    {
      "title": "torcha",
      "string_list_data": [
        {
          "value": "Preferirei pi\u00c3\u00b9 vacanze durante l\u00e2\u0080\u0099anno",
          "timestamp": 1690231269
        }
      ]
    },
    {
      "title": "torcha",
      "string_list_data": [
        {
          "value": "Non mi sembra una buona idea",
          "timestamp": 1690231229
        }
      ]
    },
    {
      "title": "dario.bressanini",
      "string_list_data": [
        {
          "value": "S\u00c3\u00ac",
          "timestamp": 1689761877
        }
      ]
    },
    {
      "title": "sportivi.parastatali",
      "string_list_data": [
        {
          "value": "AOUAR",
          "timestamp": 1689459016
        }
      ]
    },
    {
      "title": "studytme_",
      "string_list_data": [
        {
          "value": "No",
          "timestamp": 1689239379
        }
      ]
    },
    {
      "title": "psychologyposts_",
      "string_list_data": [
        {
          "value": "Healthy \u00f0\u009f\u0091\u0086\u00f0\u009f\u008f\u0083",
          "timestamp": 1689140695
        }
      ]
    },
    {
      "title": "datapizza",
      "string_list_data": [
        {
          "value": "Interessante \u00f0\u009f\u0094\u00a5",
          "timestamp": 1687702773
        }
      ]
    },
    {
      "title": "studytme_",
      "string_list_data": [
        {
          "value": "Between 6h and 8h",
          "timestamp": 1687326519
        }
      ]
    },
    {
      "title": "dario.bressanini",
      "string_list_data": [
        {
          "value": "Un poco",
          "timestamp": 1686479563
        }
      ]
    },
    {
      "title": "Instagram User",
      "string_list_data": [
        {
          "value": "SHE HAD SPACE",
          "timestamp": 1686380704
        }
      ]
    },
    {
      "title": "usman.87626",
      "string_list_data": [
        {
          "value": "NO",
          "timestamp": 1686121293
        }
      ]
    },
    {
      "title": "economiaitalia",
      "string_list_data": [
        {
          "value": "Era in perdita",
          "timestamp": 1684187080
        }
      ]
    },
    {
      "title": "dario.bressanini",
      "string_list_data": [
        {
          "value": "Ahem coff coff \u00f0\u009f\u00a7\u0090",
          "timestamp": 1682662672
        }
      ]
    },
    {
      "title": "economiaitalia",
      "string_list_data": [
        {
          "value": "No",
          "timestamp": 1679343146
        }
      ]
    },
    {
      "title": "pow3r",
      "string_list_data": [
        {
          "value": "Levala tutta",
          "timestamp": 1678386111
        }
      ]
    },
    {
      "title": "nannitwitch",
      "string_list_data": [
        {
          "value": "Refreshi",
          "timestamp": 1677432461
        }
      ]
    },
    {
      "title": "yiyang_yilangjun",
      "string_list_data": [
        {
          "value": "Normal\u00e2\u0080\u00a6.",
          "timestamp": 1676805492
        }
      ]
    },
    {
      "title": "eleonorasca",
      "string_list_data": [
        {
          "value": "Spagna",
          "timestamp": 1676579652
        }
      ]
    },
    {
      "title": "pow3r",
      "string_list_data": [
        {
          "value": "No",
          "timestamp": 1676207749
        }
      ]
    },
    {
      "title": "pow3r",
      "string_list_data": [
        {
          "value": "S\u00c3\u00ac",
          "timestamp": 1676207747
        }
      ]
    },
    {
      "title": "pow3r",
      "string_list_data": [
        {
          "value": "No",
          "timestamp": 1676207745
        }
      ]
    },
    {
      "title": "rrobe",
      "string_list_data": [
        {
          "value": "Straordinaria macchina primaria",
          "timestamp": 1675955755
        }
      ]
    },
    {
      "title": "Instagram User",
      "string_list_data": [
        {
          "value": "Quindi 2023 assolutamente normale \u00f0\u009f\u0094\u00a5\u00f0\u009f\u0094\u00a5\u00f0\u009f\u0094\u00a5\u00f0\u009f\u0094\u00a5\u00f0\u009f\u0092\u00aa\u00f0\u009f\u008f\u00bb\u00f0\u009f\u0092\u00aa\u00f0\u009f\u008f\u00bb",
          "timestamp": 1673704221
        }
      ]
    },
    {
      "title": "dario.bressanini",
      "string_list_data": [
        {
          "value": "Sbircio",
          "timestamp": 1673421724
        }
      ]
    },
    {
      "title": "dario.bressanini",
      "string_list_data": [
        {
          "value": "Sbircio",
          "timestamp": 1673000472
        }
      ]
    },
    {
      "title": "Instagram User",
      "string_list_data": [
        {
          "value": "Citt\u00c3\u00a0 del Vaticano",
          "timestamp": 1672490599
        }
      ]
    },
    {
      "title": "economiaitalia",
      "string_list_data": [
        {
          "value": "Bonaccini",
          "timestamp": 1670140809
        }
      ]
    },
    {
      "title": "krisfits_",
      "string_list_data": [
        {
          "value": "Non partecipavo",
          "timestamp": 1669982537
        }
      ]
    },
    {
      "title": "becomedy_uk",
      "string_list_data": [
        {
          "value": "Palermo",
          "timestamp": 1669707026
        }
      ]
    },
    {
      "title": "kathrynreidjewellery",
      "string_list_data": [
        {
          "value": "Bull Nose Ring",
          "timestamp": 1668707571
        }
      ]
    },
    {
      "title": "pow3r",
      "string_list_data": [
        {
          "value": "Barbatos",
          "timestamp": 1666533030
        }
      ]
    },
    {
      "title": "economiaitalia",
      "string_list_data": [
        {
          "value": "S\u00c3\u00ac",
          "timestamp": 1663964169
        }
      ]
    },
    {
      "title": "economiaitalia",
      "string_list_data": [
        {
          "value": "\u00c3\u0088 un male",
          "timestamp": 1663877674
        }
      ]
    },
    {
      "title": "economiaitalia",
      "string_list_data": [
        {
          "value": "\u00f0\u009f\u0092\u0080\u00f0\u009f\u0092\u0080\u00f0\u009f\u0092\u0080",
          "timestamp": 1663665623
        }
      ]
    },
    {
      "title": "Instagram User",
      "string_list_data": [
        {
          "value": "Il mio amico Bernardo",
          "timestamp": 1662230969
        }
      ]
    },
    {
      "title": "sommobuta",
      "string_list_data": [
        {
          "value": "Cristiano",
          "timestamp": 1660895866
        }
      ]
    },
    {
      "title": "sommobuta",
      "string_list_data": [
        {
          "value": "Del Piero",
          "timestamp": 1660895861
        }
      ]
    },
    {
      "title": "Instagram User",
      "string_list_data": [
        {
          "value": "Corsi di investimento, cripto, immobiliare",
          "timestamp": 1660555751
        }
      ]
    },
    {
      "title": "economiaitalia",
      "string_list_data": [
        {
          "value": "A sfavore",
          "timestamp": 1660501730
        }
      ]
    },
    {
      "title": "Instagram User",
      "string_list_data": [
        {
          "value": "Mm ma questa troia sa cucinare gnam gnam slurp",
          "timestamp": 1660471695
        }
      ]
    },
    {
      "title": "federicobandoni",
      "string_list_data": [
        {
          "value": "Puglia",
          "timestamp": 1660145542
        }
      ]
    },
    {
      "title": "giuliapremi",
      "string_list_data": [
        {
          "value": "In basso",
          "timestamp": 1660140930
        }
      ]
    },
    {
      "title": "averagejuventinoguy",
      "string_list_data": [
        {
          "value": "Molto!",
          "timestamp": 1660138205
        }
      ]
    },
    {
      "title": "casapappagallo",
      "string_list_data": [
        {
          "value": "SI",
          "timestamp": 1660123786
        }
      ]
    },
    {
      "title": "lascimmiapensa",
      "string_list_data": [
        {
          "value": "No",
          "timestamp": 1660027087
        }
      ]
    },
    {
      "title": "Instagram User",
      "string_list_data": [
        {
          "value": "Team italia",
          "timestamp": 1660027047
        }
      ]
    },
    {
      "title": "averagejuventinoguy",
      "string_list_data": [
        {
          "value": "S\u00c3\u00ac",
          "timestamp": 1659985123
        }
      ]
    },
    {
      "title": "averagejuventinoguy",
      "string_list_data": [
        {
          "value": "Non la vedr\u00c3\u00b2",
          "timestamp": 1659885632
        }
      ]
    },
    {
      "title": "averagejuventinoguy",
      "string_list_data": [
        {
          "value": "Ci sta, ma dovrebbero farla pi\u00c3\u00b9 tardi",
          "timestamp": 1659635986
        }
      ]
    },
    {
      "title": "Instagram User",
      "string_list_data": [
        {
          "value": "Pianifico un pac di 20 anni cos\u00c3\u00ac alla fine posso compra",
          "timestamp": 1659436343
        }
      ]
    },
    {
      "title": "giuliapremi",
      "string_list_data": [
        {
          "value": "Mai preso non so come (persone miracolate)",
          "timestamp": 1658576641
        }
      ]
    },
    {
      "title": "averagejuventinoguy",
      "string_list_data": [
        {
          "value": "S\u00c3\u00ac",
          "timestamp": 1658501306
        }
      ]
    },
    {
      "title": "averagejuventinoguy",
      "string_list_data": [
        {
          "value": "Arriva",
          "timestamp": 1658416162
        }
      ]
    },
    {
      "title": "economiaitalia",
      "string_list_data": [
        {
          "value": "No",
          "timestamp": 1658351320
        }
      ]
    },
    {
      "title": "averagejuventinoguy",
      "string_list_data": [
        {
          "value": "S\u00c3\u00ac",
          "timestamp": 1658175837
        }
      ]
    },
    {
      "title": "dellimellow",
      "string_list_data": [
        {
          "value": "S\u00c3\u00ac",
          "timestamp": 1658060456
        }
      ]
    },
    {
      "title": "Instagram User",
      "string_list_data": [
        {
          "value": "Photoshoppa 999999\u00e2\u0082\u00ac sulla tua app bancaria",
          "timestamp": 1658033514
        }
      ]
    },
    {
      "title": "dellimellow",
      "string_list_data": [
        {
          "value": "No",
          "timestamp": 1657955445
        }
      ]
    },
    {
      "title": "becomedy_uk",
      "string_list_data": [
        {
          "value": "Mai",
          "timestamp": 1657823841
        }
      ]
    },
    {
      "title": "averagejuventinoguy",
      "string_list_data": [
        {
          "value": "S\u00c3\u00ac",
          "timestamp": 1657804226
        }
      ]
    },
    {
      "title": "Instagram User",
      "string_list_data": [
        {
          "value": "Buttare 84k in querele, azioni legali e assicurazion",
          "timestamp": 1657735761
        }
      ]
    },
    {
      "title": "averagejuventinoguy",
      "string_list_data": [
        {
          "value": "Va via",
          "timestamp": 1657641415
        }
      ]
    },
    {
      "title": "averagejuventinoguy",
      "string_list_data": [
        {
          "value": "S\u00c3\u00ac",
          "timestamp": 1657455338
        }
      ]
    },
    {
      "title": "shadowcraftstudio.s",
      "string_list_data": [
        {
          "value": "JAVA",
          "timestamp": 1657400899
        }
      ]
    },
    {
      "title": "cosamangiamooggi",
      "string_list_data": [
        {
          "value": "Team Franci \u00f0\u009f\u00a6\u0084",
          "timestamp": 1657385924
        }
      ]
    },
    {
      "title": "lascimmiapensa",
      "string_list_data": [
        {
          "value": "Hannibal Lecter",
          "timestamp": 1657380266
        }
      ]
    },
    {
      "title": "lascimmiapensa",
      "string_list_data": [
        {
          "value": "Joker",
          "timestamp": 1657380264
        }
      ]
    },
    {
      "title": "dario.bressanini",
      "string_list_data": [
        {
          "value": "11,2%",
          "timestamp": 1657347077
        }
      ]
    },
    {
      "title": "il.cippe",
      "string_list_data": [
        {
          "value": "Melone",
          "timestamp": 1657298391
        }
      ]
    },
    {
      "title": "il.cippe",
      "string_list_data": [
        {
          "value": "Un'ora di aereo super turbolento",
          "timestamp": 1657205717
        }
      ]
    },
    {
      "title": "averagejuventinoguy",
      "string_list_data": [
        {
          "value": "Sium",
          "timestamp": 1657131680
        }
      ]
    },
    {
      "title": "becomedy_uk",
      "string_list_data": [
        {
          "value": "Sono uno/a sfigato/a incredibile",
          "timestamp": 1657041714
        }
      ]
    },
    {
      "title": "il.cippe",
      "string_list_data": [
        {
          "value": "Brutta, scomoda, difficile da arrivarci, mare top",
          "timestamp": 1656941665
        }
      ]
    },
    {
      "title": "lascimmiapensa",
      "string_list_data": [
        {
          "value": "Hans Landa",
          "timestamp": 1656623028
        }
      ]
    },
    {
      "title": "lascimmiapensa",
      "string_list_data": [
        {
          "value": "Darth Vader",
          "timestamp": 1656623025
        }
      ]
    },
    {
      "title": "lascimmiapensa",
      "string_list_data": [
        {
          "value": "Voldemort",
          "timestamp": 1656623021
        }
      ]
    },
    {
      "title": "lascimmiapensa",
      "string_list_data": [
        {
          "value": "Sauron",
          "timestamp": 1656623018
        }
      ]
    },
    {
      "title": "thequeenrosychin",
      "string_list_data": [
        {
          "value": "RAMEN\u00f0\u009f\u0087\u00af\u00f0\u009f\u0087\u00b5",
          "timestamp": 1656185397
        }
      ]
    },
    {
      "title": "thequeenrosychin",
      "string_list_data": [
        {
          "value": "GHIOZA\u00f0\u009f\u0087\u00af\u00f0\u009f\u0087\u00b5",
          "timestamp": 1656185396
        }
      ]
    },
    {
      "title": "dellimellow",
      "string_list_data": [
        {
          "value": "OGGI (ore 18.00)",
          "timestamp": 1655641133
        }
      ]
    },
    {
      "title": "ironiacronica",
      "string_list_data": [
        {
          "value": "Non so neanche rispondere",
          "timestamp": 1655063208
        }
      ]
    },
    {
      "title": "wallie_illustrator",
      "string_list_data": [
        {
          "value": "Luca Zaia",
          "timestamp": 1654095541
        }
      ]
    },
    {
      "title": "economiaitalia",
      "string_list_data": [
        {
          "value": "S\u00c3\u00ac",
          "timestamp": 1654080074
        }
      ]
    },
    {
      "title": "thequeenrosychin",
      "string_list_data": [
        {
          "value": "S\u00c3\u00ac",
          "timestamp": 1653845360
        }
      ]
    },
    {
      "title": "couplememetime",
      "string_list_data": [
        {
          "value": "McDonald's",
          "timestamp": 1653779489
        }
      ]
    },
    {
      "title": "dario.bressanini",
      "string_list_data": [
        {
          "value": "Non le faccio e/o non le mangio",
          "timestamp": 1653756544
        }
      ]
    },
    {
      "title": "couplememetime",
      "string_list_data": [
        {
          "value": "Lose your wallet",
          "timestamp": 1653595564
        }
      ]
    },
    {
      "title": "wallie_illustrator",
      "string_list_data": [
        {
          "value": "Tradire",
          "timestamp": 1653487137
        }
      ]
    },
    {
      "title": "becomedy_uk",
      "string_list_data": [
        {
          "value": "Londra",
          "timestamp": 1653250506
        }
      ]
    },
    {
      "title": "il.cippe",
      "string_list_data": [
        {
          "value": "Essere sterile",
          "timestamp": 1652798365
        }
      ]
    },
    {
      "title": "il.cippe",
      "string_list_data": [
        {
          "value": "No",
          "timestamp": 1652717750
        }
      ]
    },
    {
      "title": "lascimmiapensa",
      "string_list_data": [
        {
          "value": "Revenant",
          "timestamp": 1652597625
        }
      ]
    },
    {
      "title": "lascimmiapensa",
      "string_list_data": [
        {
          "value": "Il grande gatsby",
          "timestamp": 1652597621
        }
      ]
    },
    {
      "title": "Instagram User",
      "string_list_data": [
        {
          "value": "S\u00c3\u00ac",
          "timestamp": 1651414615
        }
      ]
    },
    {
      "title": "giuliapremi",
      "string_list_data": [
        {
          "value": "ALLERGIA, LASCIA STARE VA",
          "timestamp": 1651253441
        }
      ]
    },
    {
      "title": "giuliapremi",
      "string_list_data": [
        {
          "value": "O ti copri o ti scopri giulia decidi dio cristo",
          "timestamp": 1651005829
        }
      ]
    },
    {
      "title": "kurolily",
      "string_list_data": [
        {
          "value": "con aglio",
          "timestamp": 1650367664
        }
      ]
    },
    {
      "title": "lascimmiapensa",
      "string_list_data": [
        {
          "value": "Scarlett Johansson",
          "timestamp": 1648540774
        }
      ]
    },
    {
      "title": "lascimmiapensa",
      "string_list_data": [
        {
          "value": "Anne Hathaway",
          "timestamp": 1648540737
        }
      ]
    },
    {
      "title": "lascimmiapensa",
      "string_list_data": [
        {
          "value": "Zendaya",
          "timestamp": 1648540732
        }
      ]
    },
    {
      "title": "lascimmiapensa",
      "string_list_data": [
        {
          "value": "Sophia Loren",
          "timestamp": 1648540722
        }
      ]
    },
    {
      "title": "lascimmiapensa",
      "string_list_data": [
        {
          "value": "Emma Watson",
          "timestamp": 1648540718
        }
      ]
    },
    {
      "title": "plutotv",
      "string_list_data": [
        {
          "value": "One Piece",
          "timestamp": 1648033684
        }
      ]
    },
    {
      "title": "plutotv",
      "string_list_data": [
        {
          "value": "\u00f0\u009f\u0091\u0087\u00f0\u009f\u0091\u0087\u00f0\u009f\u0091\u0087\u00f0\u009f\u0091\u0087 One Piece",
          "timestamp": 1647954003
        }
      ]
    },
    {
      "title": "wallie_illustrator",
      "string_list_data": [
        {
          "value": "LETTERALMENTE INTERVENT ",
          "timestamp": 1645862026
        }
      ]
    },
    {
      "title": "il.cippe",
      "string_list_data": [
        {
          "value": "PISCIARTI IN PUBBLICO",
          "timestamp": 1645649793
        }
      ]
    },
    {
      "title": "gianmarcotamberi",
      "string_list_data": [
        {
          "value": "NO",
          "timestamp": 1645606459
        }
      ]
    },
    {
      "title": "quickenglishfluency",
      "string_list_data": [
        {
          "value": "MOVIE ON MOBILE",
          "timestamp": 1645037199
        }
      ]
    },
    {
      "title": "avvocatoatomico",
      "string_list_data": [
        {
          "value": "NO",
          "timestamp": 1644498526
        }
      ]
    },
    {
      "title": "il.cippe",
      "string_list_data": [
        {
          "value": "LECCARE CON MUTANDE",
          "timestamp": 1644324651
        }
      ]
    },
    {
      "title": "avvocatoatomico",
      "string_list_data": [
        {
          "value": "S\u00c3\u008c",
          "timestamp": 1644248801
        }
      ]
    },
    {
      "title": "quickenglishfluency",
      "string_list_data": [
        {
          "value": "SAD SONG",
          "timestamp": 1644110090
        }
      ]
    },
    {
      "title": "il.cippe",
      "string_list_data": [
        {
          "value": "NOVAX",
          "timestamp": 1643903181
        }
      ]
    },
    {
      "title": "quickenglishfluency",
      "string_list_data": [
        {
          "value": "NO",
          "timestamp": 1643885424
        }
      ]
    },
    {
      "title": "il.cippe",
      "string_list_data": [
        {
          "value": "4 ORE BENE",
          "timestamp": 1643828448
        }
      ]
    },
    {
      "title": "hurtingsouls",
      "string_list_data": [
        {
          "value": "VISIT",
          "timestamp": 1643793307
        }
      ]
    },
    {
      "title": "hurtingsouls",
      "string_list_data": [
        {
          "value": "VISIT",
          "timestamp": 1643793301
        }
      ]
    },
    {
      "title": "hurtingsouls",
      "string_list_data": [
        {
          "value": "VISIT",
          "timestamp": 1643793298
        }
      ]
    },
    {
      "title": "hurtingsouls",
      "string_list_data": [
        {
          "value": "VISIT ",
          "timestamp": 1643793292
        }
      ]
    },
    {
      "title": "hurtingsouls",
      "string_list_data": [
        {
          "value": "VISIT",
          "timestamp": 1643793290
        }
      ]
    },
    {
      "title": "lapartestranadellinternet",
      "string_list_data": [
        {
          "value": "FANELLI",
          "timestamp": 1643279395
        }
      ]
    },
    {
      "title": "il.cippe",
      "string_list_data": [
        {
          "value": "VOTI SUFFICIENTI",
          "timestamp": 1643153942
        }
      ]
    },
    {
      "title": "il.cippe",
      "string_list_data": [
        {
          "value": "DONNA CON PENE",
          "timestamp": 1642720225
        }
      ]
    },
    {
      "title": "lascimmiapensa",
      "string_list_data": [
        {
          "value": "THE IMITATION GAME",
          "timestamp": 1641802322
        }
      ]
    },
    {
      "title": "lascimmiapensa",
      "string_list_data": [
        {
          "value": "PULP FICTION",
          "timestamp": 1641802319
        }
      ]
    },
    {
      "title": "lascimmiapensa",
      "string_list_data": [
        {
          "value": "TAXI DRIVER",
          "timestamp": 1641802316
        }
      ]
    },
    {
      "title": "lascimmiapensa",
      "string_list_data": [
        {
          "value": "DJANGO",
          "timestamp": 1641802307
        }
      ]
    },
    {
      "title": "sdrumox",
      "string_list_data": [
        {
          "value": "PANETTONE",
          "timestamp": 1640511612
        }
      ]
    },
    {
      "title": "pow3r",
      "string_list_data": [
        {
          "value": "PANETTONE",
          "timestamp": 1640438569
        }
      ]
    },
    {
      "title": "giuliapremi",
      "string_list_data": [
        {
          "value": "METEOROLOGO NATO",
          "timestamp": 1640164665
        }
      ]
    },
    {
      "title": "michelleputtini",
      "string_list_data": [
        {
          "value": "No",
          "timestamp": 1639727349
        }
      ]
    },
    {
      "title": "il.cippe",
      "string_list_data": [
        {
          "value": "TEMPERATURA TOP",
          "timestamp": 1638917389
        }
      ]
    },
    {
      "title": "quickenglishfluency",
      "string_list_data": [
        {
          "value": "PARTY",
          "timestamp": 1638171159
        }
      ]
    },
    {
      "title": "lascimmiapensa",
      "string_list_data": [
        {
          "value": "NON VISTO",
          "timestamp": 1637653797
        }
      ]
    },
    {
      "title": "lascimmiapensa",
      "string_list_data": [
        {
          "value": "VISTO",
          "timestamp": 1637653793
        }
      ]
    },
    {
      "title": "lascimmiapensa",
      "string_list_data": [
        {
          "value": "NON VISTO",
          "timestamp": 1637653791
        }
      ]
    },
    {
      "title": "lascimmiapensa",
      "string_list_data": [
        {
          "value": "VISTO",
          "timestamp": 1637653788
        }
      ]
    },
    {
      "title": "lascimmiapensa",
      "string_list_data": [
        {
          "value": "NON VISTO",
          "timestamp": 1637653784
        }
      ]
    },
    {
      "title": "lascimmiapensa",
      "string_list_data": [
        {
          "value": "NON VISTO",
          "timestamp": 1637653781
        }
      ]
    },
    {
      "title": "lascimmiapensa",
      "string_list_data": [
        {
          "value": "NON VISTO",
          "timestamp": 1637653778
        }
      ]
    },
    {
      "title": "lascimmiapensa",
      "string_list_data": [
        {
          "value": "NON VISTO",
          "timestamp": 1637653775
        }
      ]
    },
    {
      "title": "quickenglishfluency",
      "string_list_data": [
        {
          "value": "NO",
          "timestamp": 1637166162
        }
      ]
    },
    {
      "title": "quickenglishfluency",
      "string_list_data": [
        {
          "value": "GAME",
          "timestamp": 1637166155
        }
      ]
    },
    {
      "title": "quickenglishfluency",
      "string_list_data": [
        {
          "value": "10 WISHES",
          "timestamp": 1637166146
        }
      ]
    },
    {
      "title": "quickenglishfluency",
      "string_list_data": [
        {
          "value": "NO",
          "timestamp": 1636796880
        }
      ]
    },
    {
      "title": "quickenglishfluency",
      "string_list_data": [
        {
          "value": "MILAN",
          "timestamp": 1636796874
        }
      ]
    },
    {
      "title": "quickenglishfluency",
      "string_list_data": [
        {
          "value": "NEW YORK \u00f0\u009f\u0091\u0086",
          "timestamp": 1636796864
        }
      ]
    },
    {
      "title": "il.cippe",
      "string_list_data": [
        {
          "value": "SENZA ACQUA",
          "timestamp": 1636639494
        }
      ]
    },
    {
      "title": "quickenglishfluency",
      "string_list_data": [
        {
          "value": "NO",
          "timestamp": 1636627578
        }
      ]
    },
    {
      "title": "quickenglishfluency",
      "string_list_data": [
        {
          "value": "KERALA",
          "timestamp": 1636627575
        }
      ]
    },
    {
      "title": "quickenglishfluency",
      "string_list_data": [
        {
          "value": "SAN FRANCISCO",
          "timestamp": 1636627570
        }
      ]
    },
    {
      "title": "lascimmiapensa",
      "string_list_data": [
        {
          "value": "NO TREMENDA",
          "timestamp": 1636562620
        }
      ]
    },
    {
      "title": "il.cippe",
      "string_list_data": [
        {
          "value": "LAVORO UTILE",
          "timestamp": 1636475909
        }
      ]
    },
    {
      "title": "becomedy_uk",
      "string_list_data": [
        {
          "value": "NO, SONO OFFES*",
          "timestamp": 1635860982
        }
      ]
    },
    {
      "title": "maxfelicitas.official",
      "string_list_data": [
        {
          "value": "No",
          "timestamp": 1635671501
        }
      ]
    },
    {
      "title": "stratiuniti",
      "string_list_data": [
        {
          "value": "PICCOLO JUAN",
          "timestamp": 1635667849
        }
      ]
    },
    {
      "title": "frankmaggiorino",
      "string_list_data": [
        {
          "value": "PAROLE",
          "timestamp": 1635258818
        }
      ]
    },
    {
      "title": "avvocatoatomico",
      "string_list_data": [
        {
          "value": "NO",
          "timestamp": 1635154879
        }
      ]
    },
    {
      "title": "immanuelcasto",
      "string_list_data": [
        {
          "value": "NO",
          "timestamp": 1634940960
        }
      ]
    },
    {
      "title": "lascimmiapensa",
      "string_list_data": [
        {
          "value": "BLADE RUNNER 2049",
          "timestamp": 1634666719
        }
      ]
    },
    {
      "title": "maxfelicitas.official",
      "string_list_data": [
        {
          "value": "No",
          "timestamp": 1634631611
        }
      ]
    },
    {
      "title": "frank_gramuglia",
      "string_list_data": [
        {
          "value": "LA EMARGINIAMO",
          "timestamp": 1634556798
        }
      ]
    },
    {
      "title": "frank_gramuglia",
      "string_list_data": [
        {
          "value": "No",
          "timestamp": 1634556790
        }
      ]
    },
    {
      "title": "frank_gramuglia",
      "string_list_data": [
        {
          "value": "CLITORIDE GROSSO",
          "timestamp": 1634137407
        }
      ]
    },
    {
      "title": "frank_gramuglia",
      "string_list_data": [
        {
          "value": "IO",
          "timestamp": 1634137400
        }
      ]
    },
    {
      "title": "ironiacronica",
      "string_list_data": [
        {
          "value": "IO NO",
          "timestamp": 1634137193
        }
      ]
    },
    {
      "title": "nova.rgb",
      "string_list_data": [
        {
          "value": "TINETTA",
          "timestamp": 1634136542
        }
      ]
    },
    {
      "title": "dario.bressanini",
      "string_list_data": [
        {
          "value": "SCAVO",
          "timestamp": 1633859487
        }
      ]
    },
    {
      "title": "frank_gramuglia",
      "string_list_data": [
        {
          "value": "NUMERO 1",
          "timestamp": 1633728824
        }
      ]
    },
    {
      "title": "avvocatoatomico",
      "string_list_data": [
        {
          "value": "S\u00c3\u008c",
          "timestamp": 1633707827
        }
      ]
    },
    {
      "title": "avvocatoatomico",
      "string_list_data": [
        {
          "value": "S\u00c3\u008c",
          "timestamp": 1633208693
        }
      ]
    },
    {
      "title": "frank_gramuglia",
      "string_list_data": [
        {
          "value": "No",
          "timestamp": 1633072604
        }
      ]
    },
    {
      "title": "agneseinnocente",
      "string_list_data": [
        {
          "value": "IN MEZZO",
          "timestamp": 1632782522
        }
      ]
    },
    {
      "title": "dadatwitch",
      "string_list_data": [
        {
          "value": "S\u00c3\u008c",
          "timestamp": 1632091143
        }
      ]
    },
    {
      "title": "dadatwitch",
      "string_list_data": [
        {
          "value": "NO",
          "timestamp": 1632091138
        }
      ]
    },
    {
      "title": "dadatwitch",
      "string_list_data": [
        {
          "value": "S\u00c3\u008c",
          "timestamp": 1632091132
        }
      ]
    },
    {
      "title": "lascimmiapensa",
      "string_list_data": [
        {
          "value": "VISTO",
          "timestamp": 1631861844
        }
      ]
    },
    {
      "title": "eon_italia",
      "string_list_data": [
        {
          "value": "NO",
          "timestamp": 1631610583
        }
      ]
    },
    {
      "title": "becomedy_uk",
      "string_list_data": [
        {
          "value": "NO",
          "timestamp": 1631439694
        }
      ]
    },
    {
      "title": "becomedy_uk",
      "string_list_data": [
        {
          "value": "CODARDI",
          "timestamp": 1631364475
        }
      ]
    },
    {
      "title": "gorynature",
      "string_list_data": [
        {
          "value": "\u00f0\u009f\u0091\u0087",
          "timestamp": 1631139298
        }
      ]
    },
    {
      "title": "krisfits_",
      "string_list_data": [
        {
          "value": "FIGHE",
          "timestamp": 1631000598
        }
      ]
    },
    {
      "title": "carmhack",
      "string_list_data": [
        {
          "value": "JAVA",
          "timestamp": 1630787797
        }
      ]
    },
    {
      "title": "carmhack",
      "string_list_data": [
        {
          "value": "COBOL",
          "timestamp": 1630787794
        }
      ]
    },
    {
      "title": "carmhack",
      "string_list_data": [
        {
          "value": "KOTLIN",
          "timestamp": 1630787792
        }
      ]
    },
    {
      "title": "carmhack",
      "string_list_data": [
        {
          "value": "HASKELL",
          "timestamp": 1630787787
        }
      ]
    },
    {
      "title": "carmhack",
      "string_list_data": [
        {
          "value": "C",
          "timestamp": 1630787785
        }
      ]
    },
    {
      "title": "giuliapremi",
      "string_list_data": [
        {
          "value": "\u00f0\u009f\u008f\u0084 ",
          "timestamp": 1630776129
        }
      ]
    },
    {
      "title": "agneseinnocente",
      "string_list_data": [
        {
          "value": "NON HO PAROLE",
          "timestamp": 1629741420
        }
      ]
    },
    {
      "title": "maxfelicitas.official",
      "string_list_data": [
        {
          "value": "TORNA SINGOLO",
          "timestamp": 1629704305
        }
      ]
    },
    {
      "title": "realdanikamori",
      "string_list_data": [
        {
          "value": "\u00f0\u009f\u00a5\u00b5",
          "timestamp": 1629326172
        }
      ]
    },
    {
      "title": "realdanikamori",
      "string_list_data": [
        {
          "value": "\u00f0\u009f\u00a5\u00b0",
          "timestamp": 1629326169
        }
      ]
    },
    {
      "title": "emdyofficial",
      "string_list_data": [
        {
          "value": "No",
          "timestamp": 1629240026
        }
      ]
    },
    {
      "title": "victorlaszlo88",
      "string_list_data": [
        {
          "value": "LOTR",
          "timestamp": 1629200095
        }
      ]
    },
    {
      "title": "legoitaly_official",
      "string_list_data": [
        {
          "value": "\u00f0\u009f\u0091\u0087",
          "timestamp": 1629116828
        }
      ]
    },
    {
      "title": "giuliapremi",
      "string_list_data": [
        {
          "value": "VERSO SUD",
          "timestamp": 1628803934
        }
      ]
    },
    {
      "title": "eleemoontv",
      "string_list_data": [
        {
          "value": "YES",
          "timestamp": 1628598568
        }
      ]
    },
    {
      "title": "pictetamitalia",
      "string_list_data": [
        {
          "value": "5G",
          "timestamp": 1628168984
        }
      ]
    },
    {
      "title": "Instagram User",
      "string_list_data": [
        {
          "value": "\u00d9\u0086\u00d8\u00b9\u00d9\u0085",
          "timestamp": 1628168896
        }
      ]
    },
    {
      "title": "ilmasseo",
      "string_list_data": [
        {
          "value": "SI",
          "timestamp": 1627648636
        }
      ]
    },
    {
      "title": "jessicanigri",
      "string_list_data": [
        {
          "value": "AH YES, NATURE. ",
          "timestamp": 1627138111
        }
      ]
    },
    {
      "title": "wallie_illustrator",
      "string_list_data": [
        {
          "value": "TIPO COS\u00c3\u008c",
          "timestamp": 1626693867
        }
      ]
    },
    {
      "title": "stratiuniti",
      "string_list_data": [
        {
          "value": "SI IN ROSSO",
          "timestamp": 1626608328
        }
      ]
    },
    {
      "title": "nannitwitch",
      "string_list_data": [
        {
          "value": "S\u00c3\u00ac",
          "timestamp": 1625481938
        }
      ]
    },
    {
      "title": "lolapisani",
      "string_list_data": [
        {
          "value": "S\u00c3\u008c",
          "timestamp": 1624533469
        }
      ]
    },
    {
      "title": "Instagram User",
      "string_list_data": [
        {
          "value": "BAMBI",
          "timestamp": 1623672096
        }
      ]
    },
    {
      "title": "foxxett",
      "string_list_data": [
        {
          "value": "NO, TROLLJIMA",
          "timestamp": 1623224749
        }
      ]
    },
    {
      "title": "giuliapremi",
      "string_list_data": [
        {
          "value": "No",
          "timestamp": 1623065539
        }
      ]
    },
    {
      "title": "Instagram User",
      "string_list_data": [
        {
          "value": "DCP",
          "timestamp": 1622361915
        }
      ]
    },
    {
      "title": "_baby_wife_",
      "string_list_data": [
        {
          "value": "SI NON VEDO L\u00e2\u0080\u0099ORA ",
          "timestamp": 1621584132
        }
      ]
    },
    {
      "title": "foxxett",
      "string_list_data": [
        {
          "value": "PER NIENTE!",
          "timestamp": 1620997821
        }
      ]
    },
    {
      "title": "foxxett",
      "string_list_data": [
        {
          "value": "UGUALI!",
          "timestamp": 1620997818
        }
      ]
    },
    {
      "title": "simonepanetty",
      "string_list_data": [
        {
          "value": "VERDI",
          "timestamp": 1620914279
        }
      ]
    },
    {
      "title": "pryncehuncho99",
      "string_list_data": [
        {
          "value": "NO SLATTT, ANCHE IO \u00f0\u009f\u0098\u00ad",
          "timestamp": 1620805225
        }
      ]
    },
    {
      "title": "Instagram User",
      "string_list_data": [
        {
          "value": "RICCIONE",
          "timestamp": 1620771256
        }
      ]
    },
    {
      "title": "Instagram User",
      "string_list_data": [
        {
          "value": "TORINO",
          "timestamp": 1620771243
        }
      ]
    },
    {
      "title": "merylsama",
      "string_list_data": [
        {
          "value": "MOVE",
          "timestamp": 1620731438
        }
      ]
    },
    {
      "title": "foxxett",
      "string_list_data": [
        {
          "value": "RESIDENT EVIL VILLAGE",
          "timestamp": 1620719938
        }
      ]
    },
    {
      "title": "merylsama",
      "string_list_data": [
        {
          "value": "YES!! ",
          "timestamp": 1617994511
        }
      ]
    },
    {
      "title": "merisiel_irum",
      "string_list_data": [
        {
          "value": "NO",
          "timestamp": 1614112751
        }
      ]
    },
    {
      "title": "jessicabuccii",
      "string_list_data": [
        {
          "value": "SESSIONE DI STUDIO FOLLE",
          "timestamp": 1611491341
        }
      ]
    },
    {
      "title": "wallie_illustrator",
      "string_list_data": [
        {
          "value": "DRAGOSTEA DIN TEI",
          "timestamp": 1611480380
        }
      ]
    },
    {
      "title": "wallie_illustrator",
      "string_list_data": [
        {
          "value": "L\u00e2\u0080\u0099ANSIA",
          "timestamp": 1611480374
        }
      ]
    },
    {
      "title": "wallie_illustrator",
      "string_list_data": [
        {
          "value": "LA FAME",
          "timestamp": 1611480372
        }
      ]
    },
    {
      "title": "wallie_illustrator",
      "string_list_data": [
        {
          "value": "I POLMONI",
          "timestamp": 1611480369
        }
      ]
    },
    {
      "title": "wallie_illustrator",
      "string_list_data": [
        {
          "value": "GLI SCHIAFFI",
          "timestamp": 1611480366
        }
      ]
    },
    {
      "title": "wallie_illustrator",
      "string_list_data": [
        {
          "value": "LA RABBIA",
          "timestamp": 1611480363
        }
      ]
    },
    {
      "title": "wallie_illustrator",
      "string_list_data": [
        {
          "value": "IL TUO POPOLO IN",
          "timestamp": 1611480356
        }
      ]
    },
    {
      "title": "wallie_illustrator",
      "string_list_data": [
        {
          "value": "IL SUDORE ",
          "timestamp": 1611480350
        }
      ]
    },
    {
      "title": "wallie_illustrator",
      "string_list_data": [
        {
          "value": "LA PLASTICA",
          "timestamp": 1611480347
        }
      ]
    },
    {
      "title": "wallie_illustrator",
      "string_list_data": [
        {
          "value": "AMADEUS",
          "timestamp": 1611480343
        }
      ]
    },
    {
      "title": "wallie_illustrator",
      "string_list_data": [
        {
          "value": "MESSI",
          "timestamp": 1611480339
        }
      ]
    },
    {
      "title": "luceluna_",
      "string_list_data": [
        {
          "value": "SERA",
          "timestamp": 1611152687
        }
      ]
    },
    {
      "title": "pow3r",
      "string_list_data": [
        {
          "value": "No",
          "timestamp": 1610964514
        }
      ]
    },
    {
      "title": "venzoffthewall",
      "string_list_data": [
        {
          "value": "OVVIO",
          "timestamp": 1609179376
        }
      ]
    },
    {
      "title": "Instagram User",
      "string_list_data": [
        {
          "value": "NO",
          "timestamp": 1605694560
        }
      ]
    },
    {
      "title": "Instagram User",
      "string_list_data": [
        {
          "value": "S\u00c3\u008c",
          "timestamp": 1602678023
        }
      ]
    },
    {
      "title": "Instagram User",
      "string_list_data": [
        {
          "value": "S\u00c3\u008c",
          "timestamp": 1601879709
        }
      ]
    },
    {
      "title": "robertazacchero",
      "string_list_data": [
        {
          "value": "No",
          "timestamp": 1601668930
        }
      ]
    },
    {
      "title": "Instagram User",
      "string_list_data": [
        {
          "value": "NO",
          "timestamp": 1600624469
        }
      ]
    },
    {
      "title": "Instagram User",
      "string_list_data": [
        {
          "value": "S\u00c3\u008c",
          "timestamp": 1600384788
        }
      ]
    },
    {
      "title": "Instagram User",
      "string_list_data": [
        {
          "value": "S\u00c3\u008c",
          "timestamp": 1600214104
        }
      ]
    },
    {
      "title": "rdsnext",
      "string_list_data": [
        {
          "value": "CERBERO PODCAST",
          "timestamp": 1599743749
        }
      ]
    },
    {
      "title": "tapetra.cz",
      "string_list_data": [
        {
          "value": "NE",
          "timestamp": 1593815037
        }
      ]
    },
    {
      "title": "karinmaaaka",
      "string_list_data": [
        {
          "value": "MA SI DAI",
          "timestamp": 1593814896
        }
      ]
    },
    {
      "title": "karinmaaaka",
      "string_list_data": [
        {
          "value": "SI DAI",
          "timestamp": 1591744053
        }
      ]
    },
    {
      "title": "Instagram User",
      "string_list_data": [
        {
          "value": "IO",
          "timestamp": 1579289027
        }
      ]
    },
    {
      "title": "tapetra.cz",
      "string_list_data": [
        {
          "value": "NE",
          "timestamp": 1563441031
        }
      ]
    },
    {
      "title": "historical_logic",
      "string_list_data": [
        {
          "value": "PARIGI",
          "timestamp": 1561740726
        }
      ]
    },
    {
      "title": "historical_logic",
      "string_list_data": [
        {
          "value": "RUSSA",
          "timestamp": 1561740709
        }
      ]
    },
    {
      "title": "historical_logic",
      "string_list_data": [
        {
          "value": "GIAPPONE",
          "timestamp": 1561740702
        }
      ]
    },
    {
      "title": "historical_logic",
      "string_list_data": [
        {
          "value": "STORIA MEDIOEVALE",
          "timestamp": 1561740698
        }
      ]
    },
    {
      "title": "riseofkingdoms",
      "string_list_data": [
        {
          "value": "NO",
          "timestamp": 1557497974
        }
      ]
    },
    {
      "title": "storiedipaperi",
      "string_list_data": [
        {
          "value": "ROCK",
          "timestamp": 1555854989
        }
      ]
    },
    {
      "title": "ilsignordistruggere",
      "string_list_data": [
        {
          "value": "No",
          "timestamp": 1552605985
        }
      ]
    },
    {
      "title": "riseofkingdoms",
      "string_list_data": [
        {
          "value": "MEHMED",
          "timestamp": 1552412916
        }
      ]
    }
  ]
}