{
  "story_activities_quizzes": [
    {
      "title": "nos__ita",
      "string_list_data": [
        {
          "value": "2016",
          "timestamp": 1719590600
        }
      ]
    },
    {
      "title": "activenglish_programs",
      "string_list_data": [
        {
          "value": "Trial",
          "timestamp": 1717217988
        }
      ]
    },
    {
      "title": "activenglish_programs",
      "string_list_data": [
        {
          "value": "To be transparent",
          "timestamp": 1717217978
        }
      ]
    },
    {
      "title": "activenglish_programs",
      "string_list_data": [
        {
          "value": "This is a first. Unknown territory.",
          "timestamp": 1717217972
        }
      ]
    },
    {
      "title": "nos__ita",
      "string_list_data": [
        {
          "value": "840\u00e2\u0082\u00ac al mese",
          "timestamp": 1716969961
        }
      ]
    },
    {
      "title": "studytme_",
      "string_list_data": [
        {
          "value": "Staring into their eyes",
          "timestamp": 1713937455
        }
      ]
    },
    {
      "title": "nos__ita",
      "string_list_data": [
        {
          "value": "Option 2",
          "timestamp": 1710499878
        }
      ]
    },
    {
      "title": "pillole.di.storia",
      "string_list_data": [
        {
          "value": "Option 0",
          "timestamp": 1701528445
        }
      ]
    },
    {
      "title": "pillole.di.storia",
      "string_list_data": [
        {
          "value": "Option 3",
          "timestamp": 1701528435
        }
      ]
    },
    {
      "title": "jennifer.roncato",
      "string_list_data": [
        {
          "value": "Option 3",
          "timestamp": 1689866045
        }
      ]
    },
    {
      "title": "avvocatoatomico",
      "string_list_data": [
        {
          "value": "Option 3",
          "timestamp": 1688142643
        }
      ]
    },
    {
      "title": "avvocatoatomico",
      "string_list_data": [
        {
          "value": "Option 1",
          "timestamp": 1686398420
        }
      ]
    },
    {
      "title": "dario.bressanini",
      "string_list_data": [
        {
          "value": "Option 0",
          "timestamp": 1674425745
        }
      ]
    },
    {
      "title": "dario.bressanini",
      "string_list_data": [
        {
          "value": "Option 0",
          "timestamp": 1674425738
        }
      ]
    },
    {
      "title": "dario.bressanini",
      "string_list_data": [
        {
          "value": "Option 1",
          "timestamp": 1674425732
        }
      ]
    },
    {
      "title": "dario.bressanini",
      "string_list_data": [
        {
          "value": "Option 0",
          "timestamp": 1674425727
        }
      ]
    },
    {
      "title": "dario.bressanini",
      "string_list_data": [
        {
          "value": "Option 0",
          "timestamp": 1674425710
        }
      ]
    },
    {
      "title": "avvocatoatomico",
      "string_list_data": [
        {
          "value": "Option 3",
          "timestamp": 1652382215
        }
      ]
    },
    {
      "title": "avvocatoatomico",
      "string_list_data": [
        {
          "value": "Option 2",
          "timestamp": 1652364141
        }
      ]
    },
    {
      "title": "open_giornaleonline",
      "string_list_data": [
        {
          "value": "Option 1",
          "timestamp": 1652337567
        }
      ]
    },
    {
      "title": "avvocatoatomico",
      "string_list_data": [
        {
          "value": "Option 1",
          "timestamp": 1644248793
        }
      ]
    },
    {
      "title": "avvocatoatomico",
      "string_list_data": [
        {
          "value": "Option 1",
          "timestamp": 1641635571
        }
      ]
    },
    {
      "title": "lefotochehannosegnatounepoca",
      "string_list_data": [
        {
          "value": "Option 0",
          "timestamp": 1637491203
        }
      ]
    },
    {
      "title": "aoc",
      "string_list_data": [
        {
          "value": "Option 0",
          "timestamp": 1635620170
        }
      ]
    },
    {
      "title": "krisfits_",
      "string_list_data": [
        {
          "value": "Option 1",
          "timestamp": 1635529316
        }
      ]
    },
    {
      "title": "fedez",
      "string_list_data": [
        {
          "value": "Option 1",
          "timestamp": 1633707631
        }
      ]
    },
    {
      "title": "atlantideep",
      "string_list_data": [
        {
          "value": "Option 3",
          "timestamp": 1629569196
        }
      ]
    },
    {
      "title": "atlantideep",
      "string_list_data": [
        {
          "value": "Option 1",
          "timestamp": 1627763959
        }
      ]
    },
    {
      "title": "atlantideep",
      "string_list_data": [
        {
          "value": "Option 2",
          "timestamp": 1627763947
        }
      ]
    },
    {
      "title": "atlantideep",
      "string_list_data": [
        {
          "value": "Option 3",
          "timestamp": 1627763934
        }
      ]
    },
    {
      "title": "bratnasty69",
      "string_list_data": [
        {
          "value": "Option 2",
          "timestamp": 1620632505
        }
      ]
    },
    {
      "title": "bratnasty69",
      "string_list_data": [
        {
          "value": "Option 2",
          "timestamp": 1620632497
        }
      ]
    },
    {
      "title": "bratnasty69",
      "string_list_data": [
        {
          "value": "Option 2",
          "timestamp": 1620632492
        }
      ]
    },
    {
      "title": "bratnasty69",
      "string_list_data": [
        {
          "value": "Option 0",
          "timestamp": 1620632488
        }
      ]
    },
    {
      "title": "atlantideep",
      "string_list_data": [
        {
          "value": "Option 2",
          "timestamp": 1620553726
        }
      ]
    },
    {
      "title": "atlantideep",
      "string_list_data": [
        {
          "value": "Option 2",
          "timestamp": 1619938386
        }
      ]
    },
    {
      "title": "open_giornaleonline",
      "string_list_data": [
        {
          "value": "Option 2",
          "timestamp": 1613864170
        }
      ]
    },
    {
      "title": "open_giornaleonline",
      "string_list_data": [
        {
          "value": "Option 0",
          "timestamp": 1613864163
        }
      ]
    },
    {
      "title": "open_giornaleonline",
      "string_list_data": [
        {
          "value": "Option 1",
          "timestamp": 1613864151
        }
      ]
    },
    {
      "title": "marco_embow",
      "string_list_data": [
        {
          "value": "Option 1",
          "timestamp": 1596459691
        }
      ]
    },
    {
      "title": "historical_logic",
      "string_list_data": [
        {
          "value": "Option 0",
          "timestamp": 1561740683
        }
      ]
    },
    {
      "title": "riseofkingdoms",
      "string_list_data": [
        {
          "value": "Option 0",
          "timestamp": 1560757074
        }
      ]
    },
    {
      "title": "riseofkingdoms",
      "string_list_data": [
        {
          "value": "Option 0",
          "timestamp": 1558608300
        }
      ]
    }
  ]
}