{
  "story_activities_reaction_sticker_reactions": [
    {
      "title": "elite_games_simulator",
      "media_list_data": [
        
      ],
      "string_list_data": [
        {
          "href": "",
          "value": "",
          "timestamp": 1710856933
        }
      ]
    },
    {
      "title": "datapizza",
      "media_list_data": [
        
      ],
      "string_list_data": [
        {
          "href": "",
          "value": "",
          "timestamp": 1691670081
        }
      ]
    }
  ]
}