{
  "story_activities_story_likes": [
    {
      "title": "enrico.cravanzola",
      "string_list_data": [
        {
          "timestamp": 1718030566
        }
      ]
    },
    {
      "title": "mariapi92",
      "string_list_data": [
        {
          "timestamp": 1702108560
        }
      ]
    },
    {
      "title": "mariapi92",
      "string_list_data": [
        {
          "timestamp": 1682176619
        }
      ]
    },
    {
      "title": "mariapi92",
      "string_list_data": [
        {
          "timestamp": 1671916752
        }
      ]
    },
    {
      "title": "mariapi92",
      "string_list_data": [
        {
          "timestamp": 1662208169
        }
      ]
    },
    {
      "title": "dadatwitch",
      "string_list_data": [
        {
          "timestamp": 1645571524
        }
      ]
    },
    {
      "title": "dadatwitch",
      "string_list_data": [
        {
          "timestamp": 1645571508
        }
      ]
    }
  ]
}