[
  {
    "libraryDoc": {
      "doc": {
        "documentType": "Music Song",
        "title": "Symphony No. 7 in A Major, Op. 92: II. Allegretto"
      }
    }
  },
  {
    "libraryDoc": {
      "doc": {
        "documentType": "Music Song",
        "title": "Indian Summer"
      }
    }
  },
  {
    "libraryDoc": {
      "doc": {
        "documentType": "Music Song",
        "title": "Run On for a Long Time"
      }
    }
  },
  {
    "libraryDoc": {
      "doc": {
        "documentType": "Android Apps",
        "title": "WINDTRE"
      },
      "acquisitionTime": "2015-12-30T16:42:52.336Z"
    }
  },
  {
    "libraryDoc": {
      "doc": {
        "documentType": "Android Apps",
        "title": "Visualizzatore PDF di Google"
      },
      "acquisitionTime": "2016-01-08T13:10:33.994Z"
    }
  },
  {
    "libraryDoc": {
      "doc": {
        "documentType": "Android Apps",
        "title": "Microsoft OneDrive"
      },
      "acquisitionTime": "2016-01-12T08:11:51.883Z"
    }
  },
  {
    "libraryDoc": {
      "doc": {
        "documentType": "Android Apps",
        "title": "Pokémon: Magikarp Jump"
      },
      "acquisitionTime": "2017-05-27T11:02:59.538Z"
    }
  },
  {
    "libraryDoc": {
      "doc": {
        "documentType": "Android Apps",
        "title": "Fake GPS location"
      },
      "acquisitionTime": "2017-05-29T22:14:39.025Z"
    }
  },
  {
    "libraryDoc": {
      "doc": {
        "documentType": "Android Apps",
        "title": "Super Mario Run"
      },
      "acquisitionTime": "2017-08-19T22:15:26.648Z"
    }
  }]