[{
  "orderHistory": {
    "orderId": "GPA.9999-3143-7989-44444",
    "creationTime": "2021-03-25T14:14:14.674Z",
    "billingInstrument": {
      "displayName": "PayPal: davide@gmail.com"
    },
    "otherInstruments": [{
      "displayName": "PayPal: davide@gmail.com"
    }],
    "associatedContact": [{
      "name": "Davide Rossi",
      "addressLine": ["c.venezia", "1"],
      "countryCode": "IT",
      "city": "Torino",
      "state": "TO",
      "postalCode": "10011"
    }],
    "ipAddress": "88.333.444.555",
    "ipCountry": "IT",
    "userLocale": {
      "languageCode": "it_IT",
      "country": "IT"
    },
    "totalPrice": "5,49 €",
    "tax": "0,99 €",
    "refundAmount": "0,00 €",
    "preorder": false,
    "lineItem": [{
      "doc": {
        "documentType": "In App Item",
        "title": "Special Offer 5 (Questland: Turn Based RPG)"
      },
      "quantity": "1"
    }]
  }
},
{
  "orderHistory": {
    "orderId": "12999768.13652444444403650",
    "creationTime": "2014-02-11T20:39:47.917Z",
    "billingInstrument": {
      "cardClass": "UNKNOWN_CARD_CLASS",
      "cardType": "VISA",
      "expiration": "9/2018",
      "displayName": "Visa-9552"
    },
    "billingContact": {
      "name": "Davide Rossi",
      "addressLine": ["c.venezia", "1"],
      "countryCode": "IT",
      "city": "Torino",
      "state": "TO",
      "postalCode": "10011",
      "phoneNumber": "3335678910"
    },
    "associatedContact": [{
      "name": "Davide Rossi",
      "addressLine": ["c.venezia", "1"],
      "countryCode": "IT",
      "city": "Torino",
      "state": "TO",
      "postalCode": "10011",
      "phoneNumber": "3335678910"
    }],
    "ipAddress": "2.333.555.666",
    "ipCountry": "IT",
    "userLocale": {
      "languageCode": "it_IT",
      "country": "IT"
    },
    "totalPrice": "4,49 €",
    "tax": "0,00 €",
    "refundAmount": "0,00 €",
    "preorder": false,
    "lineItem": [{
      "doc": {
        "documentType": "Android Apps",
        "title": "DraStic DS Emulator"
      },
      "quantity": "1"
    }]
  }
}]