{
  "apps_and_websites_off_meta_activity": [
    {
      "name": "strava.com",
      "events": [
        {
          "id": 845436102209527,
          "type": "PAGE_VIEW",
          "timestamp": 1719729900
        }
      ]
    },
    {
      "name": "Charliecustard Builds",
      "events": [
        {
          "id": 1152072659280321,
          "type": "PAGE_VIEW",
          "timestamp": 1719470160
        }
      ]
    },
    {
      "name": "ilpost.it",
      "events": [
        {
          "id": 775796355951056,
          "type": "PAGE_VIEW",
          "timestamp": 1719298440
        },
        {
          "id": 775796355951056,
          "type": "PAGE_VIEW",
          "timestamp": 1718382180
        },
        {
          "id": 775796355951056,
          "type": "PAGE_VIEW",
          "timestamp": 1716457680
        },
        {
          "id": 775796355951056,
          "type": "PAGE_VIEW",
          "timestamp": 1715708220
        },
        {
          "id": 775796355951056,
          "type": "PAGE_VIEW",
          "timestamp": 1715586360
        },
        {
          "id": 775796355951056,
          "type": "PAGE_VIEW",
          "timestamp": 1714411440
        },
        {
          "id": 775796355951056,
          "type": "PAGE_VIEW",
          "timestamp": 1712568300
        },
        {
          "id": 775796355951056,
          "type": "PAGE_VIEW",
          "timestamp": 1711404300
        },
        {
          "id": 775796355951056,
          "type": "PAGE_VIEW",
          "timestamp": 1711197660
        },
        {
          "id": 775796355951056,
          "type": "PAGE_VIEW",
          "timestamp": 1710517140
        },
        {
          "id": 775796355951056,
          "type": "PAGE_VIEW",
          "timestamp": 1710267660
        }
      ]
    },
    {
      "name": "plantify.ai",
      "events": [
        {
          "id": 2112362282433859,
          "type": "PAGE_VIEW",
          "timestamp": 1717697580
        }
      ]
    },
    {
      "name": "Il Post",
      "events": [
        {
          "id": 775796355951056,
          "type": "PAGE_VIEW",
          "timestamp": 1716196860
        }
      ]
    },
    {
      "name": "brainypro.org",
      "events": [
        {
          "id": 364924356562566,
          "type": "COMPLETE_REGISTRATION",
          "timestamp": 1715764500
        },
        {
          "id": 731683772236938,
          "type": "COMPLETE_REGISTRATION",
          "timestamp": 1715764500
        },
        {
          "id": 364924356562566,
          "type": "CONTACT",
          "timestamp": 1715764020
        },
        {
          "id": 731683772236938,
          "type": "CONTACT",
          "timestamp": 1715764020
        }
      ]
    },
    {
      "name": "gantlights.com",
      "events": [
        {
          "id": 221051021635258,
          "type": "PAGE_VIEW",
          "timestamp": 1714313520
        }
      ]
    },
    {
      "name": "italianonprofit.it",
      "events": [
        {
          "id": 468198244245589,
          "type": "PAGE_VIEW",
          "timestamp": 1714116120
        },
        {
          "id": 485844660178852,
          "type": "PAGE_VIEW",
          "timestamp": 1714116120
        },
        {
          "id": 1442549862424496,
          "type": "PAGE_VIEW",
          "timestamp": 1714116120
        }
      ]
    },
    {
      "name": "hoo.be",
      "events": [
        {
          "id": 503821956671020,
          "type": "PAGE_VIEW",
          "timestamp": 1712905800
        },
        {
          "id": 503821956671020,
          "type": "PAGE_VIEW",
          "timestamp": 1710306960
        },
        {
          "id": 503821956671020,
          "type": "PAGE_VIEW",
          "timestamp": 1706862600
        }
      ]
    },
    {
      "name": "garmentworkshop.com",
      "events": [
        {
          "id": 979821823145435,
          "type": "VIEW_CONTENT",
          "timestamp": 1712329440
        }
      ]
    },
    {
      "name": "Manifatture Daddato spa",
      "events": [
        {
          "id": 979821823145435,
          "type": "VIEW_CONTENT",
          "timestamp": 1712329440
        }
      ]
    },
    {
      "name": "linktr.ee",
      "events": [
        {
          "id": 558811507626827,
          "type": "PAGE_VIEW",
          "timestamp": 1711530540
        }
      ]
    },
    {
      "name": "lit.link",
      "events": [
        {
          "id": 1706964916132305,
          "type": "PAGE_VIEW",
          "timestamp": 1711526280
        },
        {
          "id": 1706964916132305,
          "type": "PAGE_VIEW",
          "timestamp": 1710660780
        },
        {
          "id": 1706964916132305,
          "type": "PAGE_VIEW",
          "timestamp": 1695686460
        }
      ]
    },
    {
      "name": "msha.ke",
      "events": [
        {
          "id": 1219075808660268,
          "type": "PAGE_VIEW",
          "timestamp": 1710144360
        },
        {
          "id": 1219075808660268,
          "type": "PAGE_VIEW",
          "timestamp": 1706516040
        },
        {
          "id": 1219075808660268,
          "type": "PAGE_VIEW",
          "timestamp": 1695765480
        },
        {
          "id": 1219075808660268,
          "type": "PAGE_VIEW",
          "timestamp": 1695686940
        }
      ]
    },
    {
      "name": "masterofrealms.com",
      "events": [
        {
          "id": 3644318415844663,
          "type": "PAGE_VIEW",
          "timestamp": 1709471820
        },
        {
          "id": 3644318415844663,
          "type": "PAGE_VIEW",
          "timestamp": 1709471220
        }
      ]
    },
    {
      "name": "screenweek.it",
      "events": [
        {
          "id": 258179547720692,
          "type": "PAGE_VIEW",
          "timestamp": 1708779660
        }
      ]
    },
    {
      "name": "Jurefit Limited",
      "events": [
        {
          "id": 979592559557288,
          "type": "CUSTOM",
          "timestamp": 1706948460
        },
        {
          "id": 979592559557288,
          "type": "CUSTOM",
          "timestamp": 1704360300
        },
        {
          "id": 979592559557288,
          "type": "START_TRIAL",
          "timestamp": 1704356400
        }
      ]
    },
    {
      "name": "remote9.com",
      "events": [
        {
          "id": 5935684219870529,
          "type": "LEAD",
          "timestamp": 1705928400
        }
      ]
    },
    {
      "name": "jarlia.com",
      "events": [
        {
          "id": 157331857190702,
          "type": "PAGE_VIEW",
          "timestamp": 1705752060
        }
      ]
    },
    {
      "name": "listening.com",
      "events": [
        {
          "id": 1786909311682467,
          "type": "PAGE_VIEW",
          "timestamp": 1705231560
        }
      ]
    },
    {
      "name": "nibble-app.com",
      "events": [
        {
          "id": 979592559557288,
          "type": "PAGE_VIEW",
          "timestamp": 1704360780
        },
        {
          "id": 979592559557288,
          "type": "PAGE_VIEW",
          "timestamp": 1704358800
        },
        {
          "id": 979592559557288,
          "type": "PAGE_VIEW",
          "timestamp": 1704357540
        },
        {
          "id": 979592559557288,
          "type": "PAGE_VIEW",
          "timestamp": 1704356880
        },
        {
          "id": 979592559557288,
          "type": "PAGE_VIEW",
          "timestamp": 1704355800
        }
      ]
    },
    {
      "name": "studioghibli.it",
      "events": [
        {
          "id": 376352265858027,
          "type": "PAGE_VIEW",
          "timestamp": 1704120840
        }
      ]
    },
    {
      "name": "fashioze.com",
      "events": [
        {
          "id": 917391599568773,
          "type": "INITIATE_CHECKOUT",
          "timestamp": 1704028440
        }
      ]
    },
    {
      "name": "popspace.it",
      "events": [
        {
          "id": 1537424899963179,
          "type": "PAGE_VIEW",
          "timestamp": 1703860800
        }
      ]
    },
    {
      "name": "dollynoire.com",
      "events": [
        {
          "id": 1520771878139762,
          "type": "PAGE_VIEW",
          "timestamp": 1701732180
        }
      ]
    },
    {
      "name": "mavenpile.com",
      "events": [
        {
          "id": 1245918576089626,
          "type": "VIEW_CONTENT",
          "timestamp": 1701678120
        }
      ]
    },
    {
      "name": "headway-product.com",
      "events": [
        {
          "id": 562635571650362,
          "type": "PAGE_VIEW",
          "timestamp": 1701530220
        }
      ]
    },
    {
      "name": "simple-painting.com",
      "events": [
        {
          "id": 400675841319706,
          "type": "PAGE_VIEW",
          "timestamp": 1700987340
        }
      ]
    },
    {
      "name": "hermanmiller.com",
      "events": [
        {
          "id": 736426119822087,
          "type": "PAGE_VIEW",
          "timestamp": 1694198820
        },
        {
          "id": 736426119822087,
          "type": "PAGE_VIEW",
          "timestamp": 1689334980
        }
      ]
    },
    {
      "name": "blank-sunglasses.com",
      "events": [
        {
          "id": 316115915490962,
          "type": "VIEW_CONTENT",
          "timestamp": 1693685460
        }
      ]
    },
    {
      "name": "bfan.link",
      "events": [
        {
          "id": 147944990848019,
          "type": "PAGE_VIEW",
          "timestamp": 1693247340
        }
      ]
    },
    {
      "name": "emilyexcels.com",
      "events": [
        {
          "id": 533183151869922,
          "type": "PAGE_VIEW",
          "timestamp": 1689876780
        },
        {
          "id": 607028348015318,
          "type": "PAGE_VIEW",
          "timestamp": 1689876780
        }
      ]
    },
    {
      "name": "sihoooffice.com",
      "events": [
        {
          "id": 271891381495517,
          "type": "VIEW_CONTENT",
          "timestamp": 1689806280
        }
      ]
    },
    {
      "name": "PCHUNTER",
      "events": [
        {
          "id": 777318989456359,
          "type": "CUSTOM",
          "timestamp": 1689407040
        }
      ]
    },
    {
      "name": "mute-labs.com",
      "events": [
        {
          "id": 213842206659136,
          "type": "PAGE_VIEW",
          "timestamp": 1689335040
        }
      ]
    },
    {
      "name": "vercel.app",
      "events": [
        {
          "id": 778690226152966,
          "type": "PAGE_VIEW",
          "timestamp": 1688365620
        }
      ]
    },
    {
      "name": "federic\u00c2\u00ae Collection",
      "events": [
        {
          "id": 144176913742045,
          "type": "PURCHASE",
          "timestamp": 1683712860
        },
        {
          "id": 144176913742045,
          "type": "ADD_TO_CART",
          "timestamp": 1683712500
        }
      ]
    },
    {
      "name": "zenmarket.jp",
      "events": [
        {
          "id": 1125968480779087,
          "type": "PAGE_VIEW",
          "timestamp": 1682455560
        }
      ]
    },
    {
      "name": "sparklyroses.com",
      "events": [
        {
          "id": 1964091807115491,
          "type": "VIEW_CONTENT",
          "timestamp": 1674805620
        }
      ]
    },
    {
      "name": "Kidoriman",
      "events": [
        {
          "id": 2428537313843500,
          "type": "VIEW_CONTENT",
          "timestamp": 1673649660
        }
      ]
    },
    {
      "name": "kidoriman.com",
      "events": [
        {
          "id": 2428537313843500,
          "type": "PAGE_VIEW",
          "timestamp": 1673649600
        }
      ]
    },
    {
      "name": "buildiverse.com",
      "events": [
        {
          "id": 368955770883280,
          "type": "PAGE_VIEW",
          "timestamp": 1669446960
        }
      ]
    },
    {
      "name": "sothebys.com",
      "events": [
        {
          "id": 1144024888992891,
          "type": "CUSTOM",
          "timestamp": 1666531620
        }
      ]
    },
    {
      "name": "primaedicola.it",
      "events": [
        {
          "id": 308728432974156,
          "type": "VIEW_CONTENT",
          "timestamp": 1665941520
        }
      ]
    }
  ]
}