{
  "text_post_app_text_post_app_following": [
    {
      "title": "",
      "media_list_data": [
        
      ],
      "string_list_data": [
        {
          "href": "https://www.threads.net/sealegacy",
          "value": "sealegacy",
          "timestamp": 1717442790
        }
      ]
    },
    {
      "title": "",
      "media_list_data": [
        
      ],
      "string_list_data": [
        {
          "href": "https://www.threads.net/historicalhomesofamerica",
          "value": "historicalhomesofamerica",
          "timestamp": 1714859416
        }
      ]
    },
    {
      "title": "",
      "media_list_data": [
        
      ],
      "string_list_data": [
        {
          "href": "https://www.threads.net/guinceri_il_ristorante_",
          "value": "guinceri_il_ristorante_",
          "timestamp": 1713821738
        }
      ]
    },
    {
      "title": "",
      "media_list_data": [
        
      ],
      "string_list_data": [
        {
          "href": "https://www.threads.net/grimandpanda",
          "value": "grimandpanda",
          "timestamp": 1712754663
        }
      ]
    },
    {
      "title": "",
      "media_list_data": [
        
      ],
      "string_list_data": [
        {
          "href": "https://www.threads.net/officaledmundmcmillen",
          "value": "officaledmundmcmillen",
          "timestamp": 1712641327
        }
      ]
    },
    {
      "title": "",
      "media_list_data": [
        
      ],
      "string_list_data": [
        {
          "href": "https://www.threads.net/agneseinnocente",
          "value": "agneseinnocente",
          "timestamp": 1710377667
        }
      ]
    },
    {
      "title": "",
      "media_list_data": [
        
      ],
      "string_list_data": [
        {
          "href": "https://www.threads.net/yiyang_yilangjun",
          "value": "yiyang_yilangjun",
          "timestamp": 1707044508
        }
      ]
    },
    {
      "title": "",
      "media_list_data": [
        
      ],
      "string_list_data": [
        {
          "href": "https://www.threads.net/avvocatoatomico",
          "value": "avvocatoatomico",
          "timestamp": 1705421757
        }
      ]
    },
    {
      "title": "",
      "media_list_data": [
        
      ],
      "string_list_data": [
        {
          "href": "https://www.threads.net/teo_the_teach",
          "value": "teo_the_teach",
          "timestamp": 1704482959
        }
      ]
    },
    {
      "title": "",
      "media_list_data": [
        
      ],
      "string_list_data": [
        {
          "href": "https://www.threads.net/eli.espositoo",
          "value": "eli.espositoo",
          "timestamp": 1704068981
        }
      ]
    },
    {
      "title": "",
      "media_list_data": [
        
      ],
      "string_list_data": [
        {
          "href": "https://www.threads.net/dr.elegantia",
          "value": "dr.elegantia",
          "timestamp": 1704026992
        }
      ]
    },
    {
      "title": "",
      "media_list_data": [
        
      ],
      "string_list_data": [
        {
          "href": "https://www.threads.net/ausonia23",
          "value": "ausonia23",
          "timestamp": 1703964886
        }
      ]
    },
    {
      "title": "",
      "media_list_data": [
        
      ],
      "string_list_data": [
        {
          "href": "https://www.threads.net/phazyo.rai.3",
          "value": "phazyo.rai.3",
          "timestamp": 1703661252
        }
      ]
    },
    {
      "title": "",
      "media_list_data": [
        
      ],
      "string_list_data": [
        {
          "href": "https://www.threads.net/shahak",
          "value": "shahak",
          "timestamp": 1703598748
        }
      ]
    },
    {
      "title": "",
      "media_list_data": [
        
      ],
      "string_list_data": [
        {
          "href": "https://www.threads.net/alessandro_ottenga",
          "value": "alessandro_ottenga",
          "timestamp": 1703117989
        }
      ]
    },
    {
      "title": "",
      "media_list_data": [
        
      ],
      "string_list_data": [
        {
          "href": "https://www.threads.net/foodemperor",
          "value": "foodemperor",
          "timestamp": 1702976849
        }
      ]
    },
    {
      "title": "",
      "media_list_data": [
        
      ],
      "string_list_data": [
        {
          "href": "https://www.threads.net/_thebissholes_",
          "value": "_thebissholes_",
          "timestamp": 1702903506
        }
      ]
    },
    {
      "title": "",
      "media_list_data": [
        
      ],
      "string_list_data": [
        {
          "href": "https://www.threads.net/todericoart",
          "value": "todericoart",
          "timestamp": 1702863607
        }
      ]
    },
    {
      "title": "",
      "media_list_data": [
        
      ],
      "string_list_data": [
        {
          "href": "https://www.threads.net/dario_moccia",
          "value": "dario_moccia",
          "timestamp": 1702831436
        }
      ]
    },
    {
      "title": "",
      "media_list_data": [
        
      ],
      "string_list_data": [
        {
          "href": "https://www.threads.net/blurs7",
          "value": "blurs7",
          "timestamp": 1702824789
        }
      ]
    },
    {
      "title": "",
      "media_list_data": [
        
      ],
      "string_list_data": [
        {
          "href": "https://www.threads.net/giovashow",
          "value": "giovashow",
          "timestamp": 1702818107
        }
      ]
    },
    {
      "title": "",
      "media_list_data": [
        
      ],
      "string_list_data": [
        {
          "href": "https://www.threads.net/_unr3.al_",
          "value": "_unr3.al_",
          "timestamp": 1702812259
        }
      ]
    },
    {
      "title": "",
      "media_list_data": [
        
      ],
      "string_list_data": [
        {
          "href": "https://www.threads.net/quello_che_doppia",
          "value": "quello_che_doppia",
          "timestamp": 1702806304
        }
      ]
    },
    {
      "title": "",
      "media_list_data": [
        
      ],
      "string_list_data": [
        {
          "href": "https://www.threads.net/politicallyretro",
          "value": "politicallyretro",
          "timestamp": 1702737043
        }
      ]
    },
    {
      "title": "",
      "media_list_data": [
        
      ],
      "string_list_data": [
        {
          "href": "https://www.threads.net/lollipopginger",
          "value": "lollipopginger",
          "timestamp": 1702731828
        }
      ]
    },
    {
      "title": "",
      "media_list_data": [
        
      ],
      "string_list_data": [
        {
          "href": "https://www.threads.net/zerocalcare",
          "value": "zerocalcare",
          "timestamp": 1702715131
        }
      ]
    },
    {
      "title": "",
      "media_list_data": [
        
      ],
      "string_list_data": [
        {
          "href": "https://www.threads.net/chiaramaiuripsicologa",
          "value": "chiaramaiuripsicologa",
          "timestamp": 1702711840
        }
      ]
    },
    {
      "title": "",
      "media_list_data": [
        
      ],
      "string_list_data": [
        {
          "href": "https://www.threads.net/roccotanica_official",
          "value": "roccotanica_official",
          "timestamp": 1702701246
        }
      ]
    },
    {
      "title": "",
      "media_list_data": [
        
      ],
      "string_list_data": [
        {
          "href": "https://www.threads.net/insintesi_",
          "value": "insintesi_",
          "timestamp": 1702677550
        }
      ]
    },
    {
      "title": "",
      "media_list_data": [
        
      ],
      "string_list_data": [
        {
          "href": "https://www.threads.net/gaillardremi",
          "value": "gaillardremi",
          "timestamp": 1702669473
        }
      ]
    },
    {
      "title": "",
      "media_list_data": [
        
      ],
      "string_list_data": [
        {
          "href": "https://www.threads.net/poly.quizshow",
          "value": "poly.quizshow",
          "timestamp": 1702667996
        }
      ]
    },
    {
      "title": "",
      "media_list_data": [
        
      ],
      "string_list_data": [
        {
          "href": "https://www.threads.net/dadatwitch",
          "value": "dadatwitch",
          "timestamp": 1702658635
        }
      ]
    },
    {
      "title": "",
      "media_list_data": [
        
      ],
      "string_list_data": [
        {
          "href": "https://www.threads.net/dario.bressanini",
          "value": "dario.bressanini",
          "timestamp": 1702655484
        }
      ]
    },
    {
      "title": "",
      "media_list_data": [
        
      ],
      "string_list_data": [
        {
          "href": "https://www.threads.net/centerofegyptology",
          "value": "centerofegyptology",
          "timestamp": 1702650882
        }
      ]
    },
    {
      "title": "",
      "media_list_data": [
        
      ],
      "string_list_data": [
        {
          "href": "https://www.threads.net/pow3r",
          "value": "pow3r",
          "timestamp": 1702643583
        }
      ]
    },
    {
      "title": "",
      "media_list_data": [
        
      ],
      "string_list_data": [
        {
          "href": "https://www.threads.net/nannitwitch",
          "value": "nannitwitch",
          "timestamp": 1702641793
        }
      ]
    },
    {
      "title": "",
      "media_list_data": [
        
      ],
      "string_list_data": [
        {
          "href": "https://www.threads.net/extremesatisfyingcleaning_",
          "value": "extremesatisfyingcleaning_",
          "timestamp": 1702641288
        }
      ]
    },
    {
      "title": "",
      "media_list_data": [
        
      ],
      "string_list_data": [
        {
          "href": "https://www.threads.net/psychologyposts_",
          "value": "psychologyposts_",
          "timestamp": 1702638041
        }
      ]
    },
    {
      "title": "",
      "media_list_data": [
        
      ],
      "string_list_data": [
        {
          "href": "https://www.threads.net/enkkgram",
          "value": "enkkgram",
          "timestamp": 1702637025
        }
      ]
    },
    {
      "title": "",
      "media_list_data": [
        
      ],
      "string_list_data": [
        {
          "href": "https://www.threads.net/bikeandraft",
          "value": "bikeandraft",
          "timestamp": 1702627996
        }
      ]
    },
    {
      "title": "",
      "media_list_data": [
        
      ],
      "string_list_data": [
        {
          "href": "https://www.threads.net/nova.rgb",
          "value": "nova.rgb",
          "timestamp": 1702599483
        }
      ]
    },
    {
      "title": "",
      "media_list_data": [
        
      ],
      "string_list_data": [
        {
          "href": "https://www.threads.net/giulia.pompili",
          "value": "giulia.pompili",
          "timestamp": 1702598657
        }
      ]
    },
    {
      "title": "",
      "media_list_data": [
        
      ],
      "string_list_data": [
        {
          "href": "https://www.threads.net/ilmasseo",
          "value": "ilmasseo",
          "timestamp": 1702596343
        }
      ]
    },
    {
      "title": "",
      "media_list_data": [
        
      ],
      "string_list_data": [
        {
          "href": "https://www.threads.net/cosamangiamooggi",
          "value": "cosamangiamooggi",
          "timestamp": 1702591252
        }
      ]
    },
    {
      "title": "",
      "media_list_data": [
        
      ],
      "string_list_data": [
        {
          "href": "https://www.threads.net/paoloconte_official",
          "value": "paoloconte_official",
          "timestamp": 1702591252
        }
      ]
    },
    {
      "title": "",
      "media_list_data": [
        
      ],
      "string_list_data": [
        {
          "href": "https://www.threads.net/economiaitalia",
          "value": "economiaitalia",
          "timestamp": 1702591248
        }
      ]
    },
    {
      "title": "",
      "media_list_data": [
        
      ],
      "string_list_data": [
        {
          "href": "https://www.threads.net/turkuazkitchen",
          "value": "turkuazkitchen",
          "timestamp": 1702591248
        }
      ]
    },
    {
      "title": "",
      "media_list_data": [
        
      ],
      "string_list_data": [
        {
          "href": "https://www.threads.net/il_post",
          "value": "il_post",
          "timestamp": 1702591248
        }
      ]
    },
    {
      "title": "",
      "media_list_data": [
        
      ],
      "string_list_data": [
        {
          "href": "https://www.threads.net/delittodicogne",
          "value": "delittodicogne",
          "timestamp": 1702591248
        }
      ]
    },
    {
      "title": "",
      "media_list_data": [
        
      ],
      "string_list_data": [
        {
          "href": "https://www.threads.net/annacainbianco",
          "value": "annacainbianco",
          "timestamp": 1702591248
        }
      ]
    },
    {
      "title": "",
      "media_list_data": [
        
      ],
      "string_list_data": [
        {
          "href": "https://www.threads.net/etnominanudatenemus",
          "value": "etnominanudatenemus",
          "timestamp": 1702591248
        }
      ]
    },
    {
      "title": "",
      "media_list_data": [
        
      ],
      "string_list_data": [
        {
          "href": "https://www.threads.net/michele_bavassano",
          "value": "michele_bavassano",
          "timestamp": 1702591248
        }
      ]
    },
    {
      "title": "",
      "media_list_data": [
        
      ],
      "string_list_data": [
        {
          "href": "https://www.threads.net/grandiraponi",
          "value": "grandiraponi",
          "timestamp": 1702591248
        }
      ]
    },
    {
      "title": "",
      "media_list_data": [
        
      ],
      "string_list_data": [
        {
          "href": "https://www.threads.net/rrobe",
          "value": "rrobe",
          "timestamp": 1702591248
        }
      ]
    },
    {
      "title": "",
      "media_list_data": [
        
      ],
      "string_list_data": [
        {
          "href": "https://www.threads.net/marcocappato",
          "value": "marcocappato",
          "timestamp": 1702591248
        }
      ]
    },
    {
      "title": "",
      "media_list_data": [
        
      ],
      "string_list_data": [
        {
          "href": "https://www.threads.net/comedydistrict",
          "value": "comedydistrict",
          "timestamp": 1702591241
        }
      ]
    },
    {
      "title": "",
      "media_list_data": [
        
      ],
      "string_list_data": [
        {
          "href": "https://www.threads.net/bestcomedyclips_ever",
          "value": "bestcomedyclips_ever",
          "timestamp": 1702591241
        }
      ]
    },
    {
      "title": "",
      "media_list_data": [
        
      ],
      "string_list_data": [
        {
          "href": "https://www.threads.net/georainbolt",
          "value": "georainbolt",
          "timestamp": 1702591241
        }
      ]
    },
    {
      "title": "",
      "media_list_data": [
        
      ],
      "string_list_data": [
        {
          "href": "https://www.threads.net/mr.kitters.the.cat",
          "value": "mr.kitters.the.cat",
          "timestamp": 1702591241
        }
      ]
    },
    {
      "title": "",
      "media_list_data": [
        
      ],
      "string_list_data": [
        {
          "href": "https://www.threads.net/justjtoons",
          "value": "justjtoons",
          "timestamp": 1702591241
        }
      ]
    },
    {
      "title": "",
      "media_list_data": [
        
      ],
      "string_list_data": [
        {
          "href": "https://www.threads.net/smitchellarts",
          "value": "smitchellarts",
          "timestamp": 1702591241
        }
      ]
    },
    {
      "title": "",
      "media_list_data": [
        
      ],
      "string_list_data": [
        {
          "href": "https://www.threads.net/askmeknowledge",
          "value": "askmeknowledge",
          "timestamp": 1702591241
        }
      ]
    },
    {
      "title": "",
      "media_list_data": [
        
      ],
      "string_list_data": [
        {
          "href": "https://www.threads.net/botezlive",
          "value": "botezlive",
          "timestamp": 1702591241
        }
      ]
    },
    {
      "title": "",
      "media_list_data": [
        
      ],
      "string_list_data": [
        {
          "href": "https://www.threads.net/gonzoisacat",
          "value": "gonzoisacat",
          "timestamp": 1702591241
        }
      ]
    },
    {
      "title": "",
      "media_list_data": [
        
      ],
      "string_list_data": [
        {
          "href": "https://www.threads.net/buildgonuts",
          "value": "buildgonuts",
          "timestamp": 1702591241
        }
      ]
    },
    {
      "title": "",
      "media_list_data": [
        
      ],
      "string_list_data": [
        {
          "href": "https://www.threads.net/mamlambofossils",
          "value": "mamlambofossils",
          "timestamp": 1702591241
        }
      ]
    },
    {
      "title": "",
      "media_list_data": [
        
      ],
      "string_list_data": [
        {
          "href": "https://www.threads.net/waner_photography",
          "value": "waner_photography",
          "timestamp": 1702591241
        }
      ]
    },
    {
      "title": "",
      "media_list_data": [
        
      ],
      "string_list_data": [
        {
          "href": "https://www.threads.net/hubermanlab",
          "value": "hubermanlab",
          "timestamp": 1702591241
        }
      ]
    },
    {
      "title": "",
      "media_list_data": [
        
      ],
      "string_list_data": [
        {
          "href": "https://www.threads.net/maurozingarelli",
          "value": "maurozingarelli",
          "timestamp": 1702591241
        }
      ]
    },
    {
      "title": "",
      "media_list_data": [
        
      ],
      "string_list_data": [
        {
          "href": "https://www.threads.net/selfinthecity",
          "value": "selfinthecity",
          "timestamp": 1702591241
        }
      ]
    },
    {
      "title": "",
      "media_list_data": [
        
      ],
      "string_list_data": [
        {
          "href": "https://www.threads.net/andrewschulz",
          "value": "andrewschulz",
          "timestamp": 1702591241
        }
      ]
    },
    {
      "title": "",
      "media_list_data": [
        
      ],
      "string_list_data": [
        {
          "href": "https://www.threads.net/jillianturecki",
          "value": "jillianturecki",
          "timestamp": 1702591241
        }
      ]
    },
    {
      "title": "",
      "media_list_data": [
        
      ],
      "string_list_data": [
        {
          "href": "https://www.threads.net/studytme_",
          "value": "studytme_",
          "timestamp": 1702591241
        }
      ]
    },
    {
      "title": "",
      "media_list_data": [
        
      ],
      "string_list_data": [
        {
          "href": "https://www.threads.net/tjpower",
          "value": "tjpower",
          "timestamp": 1702591241
        }
      ]
    },
    {
      "title": "",
      "media_list_data": [
        
      ],
      "string_list_data": [
        {
          "href": "https://www.threads.net/cylecam.fpv",
          "value": "cylecam.fpv",
          "timestamp": 1702591241
        }
      ]
    },
    {
      "title": "",
      "media_list_data": [
        
      ],
      "string_list_data": [
        {
          "href": "https://www.threads.net/reptiliatus",
          "value": "reptiliatus",
          "timestamp": 1702591241
        }
      ]
    },
    {
      "title": "",
      "media_list_data": [
        
      ],
      "string_list_data": [
        {
          "href": "https://www.threads.net/factmayor",
          "value": "factmayor",
          "timestamp": 1702591237
        }
      ]
    },
    {
      "title": "",
      "media_list_data": [
        
      ],
      "string_list_data": [
        {
          "href": "https://www.threads.net/japanhomequest",
          "value": "japanhomequest",
          "timestamp": 1702591237
        }
      ]
    },
    {
      "title": "",
      "media_list_data": [
        
      ],
      "string_list_data": [
        {
          "href": "https://www.threads.net/acroevo",
          "value": "acroevo",
          "timestamp": 1702591237
        }
      ]
    },
    {
      "title": "",
      "media_list_data": [
        
      ],
      "string_list_data": [
        {
          "href": "https://www.threads.net/oldemiso",
          "value": "oldemiso",
          "timestamp": 1702591237
        }
      ]
    },
    {
      "title": "",
      "media_list_data": [
        
      ],
      "string_list_data": [
        {
          "href": "https://www.threads.net/datapizza",
          "value": "datapizza",
          "timestamp": 1702591237
        }
      ]
    },
    {
      "title": "",
      "media_list_data": [
        
      ],
      "string_list_data": [
        {
          "href": "https://www.threads.net/sweeper3d",
          "value": "sweeper3d",
          "timestamp": 1702591237
        }
      ]
    },
    {
      "title": "",
      "media_list_data": [
        
      ],
      "string_list_data": [
        {
          "href": "https://www.threads.net/torcha",
          "value": "torcha",
          "timestamp": 1702591237
        }
      ]
    },
    {
      "title": "",
      "media_list_data": [
        
      ],
      "string_list_data": [
        {
          "href": "https://www.threads.net/cooking_with_kian",
          "value": "cooking_with_kian",
          "timestamp": 1702591233
        }
      ]
    },
    {
      "title": "",
      "media_list_data": [
        
      ],
      "string_list_data": [
        {
          "href": "https://www.threads.net/spritzai",
          "value": "spritzai",
          "timestamp": 1702591233
        }
      ]
    },
    {
      "title": "",
      "media_list_data": [
        
      ],
      "string_list_data": [
        {
          "href": "https://www.threads.net/improveyourenglishwithevelyn",
          "value": "improveyourenglishwithevelyn",
          "timestamp": 1702591233
        }
      ]
    },
    {
      "title": "",
      "media_list_data": [
        
      ],
      "string_list_data": [
        {
          "href": "https://www.threads.net/iamkangeon",
          "value": "iamkangeon",
          "timestamp": 1702591233
        }
      ]
    },
    {
      "title": "",
      "media_list_data": [
        
      ],
      "string_list_data": [
        {
          "href": "https://www.threads.net/liminal.bot",
          "value": "liminal.bot",
          "timestamp": 1702591233
        }
      ]
    },
    {
      "title": "",
      "media_list_data": [
        
      ],
      "string_list_data": [
        {
          "href": "https://www.threads.net/mikeleerose",
          "value": "mikeleerose",
          "timestamp": 1702591233
        }
      ]
    },
    {
      "title": "",
      "media_list_data": [
        
      ],
      "string_list_data": [
        {
          "href": "https://www.threads.net/pbmacro",
          "value": "pbmacro",
          "timestamp": 1702591233
        }
      ]
    },
    {
      "title": "",
      "media_list_data": [
        
      ],
      "string_list_data": [
        {
          "href": "https://www.threads.net/jayfujiwara",
          "value": "jayfujiwara",
          "timestamp": 1702591233
        }
      ]
    },
    {
      "title": "",
      "media_list_data": [
        
      ],
      "string_list_data": [
        {
          "href": "https://www.threads.net/ruffandpuffyyc",
          "value": "ruffandpuffyyc",
          "timestamp": 1702591233
        }
      ]
    },
    {
      "title": "",
      "media_list_data": [
        
      ],
      "string_list_data": [
        {
          "href": "https://www.threads.net/brutbuilds",
          "value": "brutbuilds",
          "timestamp": 1702591233
        }
      ]
    },
    {
      "title": "",
      "media_list_data": [
        
      ],
      "string_list_data": [
        {
          "href": "https://www.threads.net/fascinating.fractals",
          "value": "fascinating.fractals",
          "timestamp": 1702591233
        }
      ]
    },
    {
      "title": "",
      "media_list_data": [
        
      ],
      "string_list_data": [
        {
          "href": "https://www.threads.net/googlefordevs",
          "value": "googlefordevs",
          "timestamp": 1702591233
        }
      ]
    },
    {
      "title": "",
      "media_list_data": [
        
      ],
      "string_list_data": [
        {
          "href": "https://www.threads.net/oradecima",
          "value": "oradecima",
          "timestamp": 1702591233
        }
      ]
    },
    {
      "title": "",
      "media_list_data": [
        
      ],
      "string_list_data": [
        {
          "href": "https://www.threads.net/hideo_kojima",
          "value": "hideo_kojima",
          "timestamp": 1702591233
        }
      ]
    },
    {
      "title": "",
      "media_list_data": [
        
      ],
      "string_list_data": [
        {
          "href": "https://www.threads.net/jameslloydcole",
          "value": "jameslloydcole",
          "timestamp": 1702591233
        }
      ]
    },
    {
      "title": "",
      "media_list_data": [
        
      ],
      "string_list_data": [
        {
          "href": "https://www.threads.net/cheapoldhouses",
          "value": "cheapoldhouses",
          "timestamp": 1702591233
        }
      ]
    },
    {
      "title": "",
      "media_list_data": [
        
      ],
      "string_list_data": [
        {
          "href": "https://www.threads.net/fultonleemusic",
          "value": "fultonleemusic",
          "timestamp": 1702591233
        }
      ]
    },
    {
      "title": "",
      "media_list_data": [
        
      ],
      "string_list_data": [
        {
          "href": "https://www.threads.net/rex_papi",
          "value": "rex_papi",
          "timestamp": 1702591233
        }
      ]
    },
    {
      "title": "",
      "media_list_data": [
        
      ],
      "string_list_data": [
        {
          "href": "https://www.threads.net/mippy34",
          "value": "mippy34",
          "timestamp": 1702591233
        }
      ]
    },
    {
      "title": "",
      "media_list_data": [
        
      ],
      "string_list_data": [
        {
          "href": "https://www.threads.net/jokeswithmark",
          "value": "jokeswithmark",
          "timestamp": 1702591233
        }
      ]
    },
    {
      "title": "",
      "media_list_data": [
        
      ],
      "string_list_data": [
        {
          "href": "https://www.threads.net/miniminuteman",
          "value": "miniminuteman",
          "timestamp": 1702591233
        }
      ]
    },
    {
      "title": "",
      "media_list_data": [
        
      ],
      "string_list_data": [
        {
          "href": "https://www.threads.net/lyle4ever",
          "value": "lyle4ever",
          "timestamp": 1702591233
        }
      ]
    },
    {
      "title": "",
      "media_list_data": [
        
      ],
      "string_list_data": [
        {
          "href": "https://www.threads.net/splishbie",
          "value": "splishbie",
          "timestamp": 1702591233
        }
      ]
    },
    {
      "title": "",
      "media_list_data": [
        
      ],
      "string_list_data": [
        {
          "href": "https://www.threads.net/jarcuri",
          "value": "jarcuri",
          "timestamp": 1702591233
        }
      ]
    },
    {
      "title": "",
      "media_list_data": [
        
      ],
      "string_list_data": [
        {
          "href": "https://www.threads.net/dragoscomedy",
          "value": "dragoscomedy",
          "timestamp": 1702591233
        }
      ]
    },
    {
      "title": "",
      "media_list_data": [
        
      ],
      "string_list_data": [
        {
          "href": "https://www.threads.net/joshadammeyers",
          "value": "joshadammeyers",
          "timestamp": 1702591233
        }
      ]
    },
    {
      "title": "",
      "media_list_data": [
        
      ],
      "string_list_data": [
        {
          "href": "https://www.threads.net/thatwasepic",
          "value": "thatwasepic",
          "timestamp": 1702591233
        }
      ]
    },
    {
      "title": "",
      "media_list_data": [
        
      ],
      "string_list_data": [
        {
          "href": "https://www.threads.net/mrstevenmoore",
          "value": "mrstevenmoore",
          "timestamp": 1702591233
        }
      ]
    },
    {
      "title": "",
      "media_list_data": [
        
      ],
      "string_list_data": [
        {
          "href": "https://www.threads.net/chiemyyyyy",
          "value": "chiemyyyyy",
          "timestamp": 1702591233
        }
      ]
    }
  ]
}