{
  "text_post_app_text_post_app_followers": [
    {
      "title": "",
      "media_list_data": [
        
      ],
      "string_list_data": [
        {
          "href": "https://www.threads.net/elsagram_96",
          "value": "elsagram_96",
          "timestamp": 1704369226
        }
      ]
    },
    {
      "title": "",
      "media_list_data": [
        
      ],
      "string_list_data": [
        {
          "href": "https://www.threads.net/giammi_hr_",
          "value": "giammi_hr_",
          "timestamp": 1704238505
        }
      ]
    },
    {
      "title": "",
      "media_list_data": [
        
      ],
      "string_list_data": [
        {
          "href": "https://www.threads.net/gltzerbinipersonalizzatilucca",
          "value": "gltzerbinipersonalizzatilucca",
          "timestamp": 1704221983
        }
      ]
    },
    {
      "title": "",
      "media_list_data": [
        
      ],
      "string_list_data": [
        {
          "href": "https://www.threads.net/alessandro.pala_",
          "value": "alessandro.pala_",
          "timestamp": 1704196248
        }
      ]
    },
    {
      "title": "",
      "media_list_data": [
        
      ],
      "string_list_data": [
        {
          "href": "https://www.threads.net/matteo_mantovani08",
          "value": "matteo_mantovani08",
          "timestamp": 1703836761
        }
      ]
    },
    {
      "title": "",
      "media_list_data": [
        
      ],
      "string_list_data": [
        {
          "href": "https://www.threads.net/itsvaniagrammm",
          "value": "itsvaniagrammm",
          "timestamp": 1703473872
        }
      ]
    },
    {
      "title": "",
      "media_list_data": [
        
      ],
      "string_list_data": [
        {
          "href": "https://www.threads.net/alessandropadrin_00",
          "value": "alessandropadrin_00",
          "timestamp": 1703180330
        }
      ]
    },
    {
      "title": "",
      "media_list_data": [
        
      ],
      "string_list_data": [
        {
          "href": "https://www.threads.net/alessandro_ottenga",
          "value": "alessandro_ottenga",
          "timestamp": 1703127391
        }
      ]
    },
    {
      "title": "",
      "media_list_data": [
        
      ],
      "string_list_data": [
        {
          "href": "https://www.threads.net/oldemiso",
          "value": "oldemiso",
          "timestamp": 1702730814
        }
      ]
    }
  ]
}