{
  "text_post_app_media_likes": [
    {
      "title": "emilianosquillante",
      "media_list_data": [
        
      ],
      "string_list_data": [
        {
          "href": "https://www.threads.net/@emilianosquillante/post/C12UzERIbdA/",
          "value": "\u00f0\u009f\u0091\u008d",
          "timestamp": 1704789261
        }
      ]
    },
    {
      "title": "razvananghel",
      "media_list_data": [
        
      ],
      "string_list_data": [
        {
          "href": "https://www.threads.net/@razvananghel/post/C1ulCBpIIhy/",
          "value": "\u00f0\u009f\u0091\u008d",
          "timestamp": 1704553396
        }
      ]
    },
    {
      "title": "najanajaps",
      "media_list_data": [
        
      ],
      "string_list_data": [
        {
          "href": "https://www.threads.net/@najanajaps/post/C1rKtfmoev8/",
          "value": "\u00f0\u009f\u0091\u008d",
          "timestamp": 1704374726
        }
      ]
    },
    {
      "title": "tank.sinatra",
      "media_list_data": [
        
      ],
      "string_list_data": [
        {
          "href": "https://www.threads.net/@tank.sinatra/post/C1nTVBYrzl6/",
          "value": "\u00f0\u009f\u0091\u008d",
          "timestamp": 1704374404
        }
      ]
    },
    {
      "title": "officina_caio",
      "media_list_data": [
        
      ],
      "string_list_data": [
        {
          "href": "https://www.threads.net/@officina_caio/post/C1pQfz7NVFO/",
          "value": "\u00f0\u009f\u0091\u008d",
          "timestamp": 1704364327
        }
      ]
    },
    {
      "title": "i.mindstuff",
      "media_list_data": [
        
      ],
      "string_list_data": [
        {
          "href": "https://www.threads.net/@i.mindstuff/post/C1kf61myymP/",
          "value": "\u00f0\u009f\u0091\u008d",
          "timestamp": 1704184747
        }
      ]
    },
    {
      "title": "marco_verde97",
      "media_list_data": [
        
      ],
      "string_list_data": [
        {
          "href": "https://www.threads.net/@marco_verde97/post/C1hFZjOo5QH/",
          "value": "\u00f0\u009f\u0091\u008d",
          "timestamp": 1704029336
        }
      ]
    },
    {
      "title": "matteoperizzolo_",
      "media_list_data": [
        
      ],
      "string_list_data": [
        {
          "href": "https://www.threads.net/@matteoperizzolo_/post/C1g60kpNl-Z/",
          "value": "\u00f0\u009f\u0091\u008d",
          "timestamp": 1704029286
        }
      ]
    },
    {
      "title": "shahak",
      "media_list_data": [
        
      ],
      "string_list_data": [
        {
          "href": "https://www.threads.net/@shahak/post/C1fS39Ns7hu/",
          "value": "\u00f0\u009f\u0091\u008d",
          "timestamp": 1704028821
        }
      ]
    }
  ]
}