{
  "text_post_app_text_post_app_permanent_follow_requests": [
    {
      "title": "",
      "media_list_data": [
        
      ],
      "string_list_data": [
        {
          "href": "https://www.threads.net/atlantideep",
          "value": "atlantideep",
          "timestamp": 1702591252
        }
      ]
    },
    {
      "title": "",
      "media_list_data": [
        
      ],
      "string_list_data": [
        {
          "href": "https://www.threads.net/nannitwitch",
          "value": "nannitwitch",
          "timestamp": 1702591252
        }
      ]
    },
    {
      "title": "",
      "media_list_data": [
        
      ],
      "string_list_data": [
        {
          "href": "https://www.threads.net/loftdesigne.world",
          "value": "loftdesigne.world",
          "timestamp": 1702591252
        }
      ]
    },
    {
      "title": "",
      "media_list_data": [
        
      ],
      "string_list_data": [
        {
          "href": "https://www.threads.net/crudeliamemon",
          "value": "crudeliamemon",
          "timestamp": 1702591252
        }
      ]
    },
    {
      "title": "",
      "media_list_data": [
        
      ],
      "string_list_data": [
        {
          "href": "https://www.threads.net/hostelyuigahama",
          "value": "hostelyuigahama",
          "timestamp": 1702591252
        }
      ]
    },
    {
      "title": "",
      "media_list_data": [
        
      ],
      "string_list_data": [
        {
          "href": "https://www.threads.net/dario_moccia",
          "value": "dario_moccia",
          "timestamp": 1702591252
        }
      ]
    },
    {
      "title": "",
      "media_list_data": [
        
      ],
      "string_list_data": [
        {
          "href": "https://www.threads.net/ilmasseo",
          "value": "ilmasseo",
          "timestamp": 1702591252
        }
      ]
    },
    {
      "title": "",
      "media_list_data": [
        
      ],
      "string_list_data": [
        {
          "href": "https://www.threads.net/paulnicklen",
          "value": "paulnicklen",
          "timestamp": 1702591252
        }
      ]
    },
    {
      "title": "",
      "media_list_data": [
        
      ],
      "string_list_data": [
        {
          "href": "https://www.threads.net/studio_peco",
          "value": "studio_peco",
          "timestamp": 1702591249
        }
      ]
    },
    {
      "title": "",
      "media_list_data": [
        
      ],
      "string_list_data": [
        {
          "href": "https://www.threads.net/mustbe3d",
          "value": "mustbe3d",
          "timestamp": 1702591249
        }
      ]
    },
    {
      "title": "",
      "media_list_data": [
        
      ],
      "string_list_data": [
        {
          "href": "https://www.threads.net/peanosimone",
          "value": "peanosimone",
          "timestamp": 1702591249
        }
      ]
    },
    {
      "title": "",
      "media_list_data": [
        
      ],
      "string_list_data": [
        {
          "href": "https://www.threads.net/depressedworldz",
          "value": "depressedworldz",
          "timestamp": 1702591249
        }
      ]
    },
    {
      "title": "",
      "media_list_data": [
        
      ],
      "string_list_data": [
        {
          "href": "https://www.threads.net/phazyo.rai.3",
          "value": "phazyo.rai.3",
          "timestamp": 1702591249
        }
      ]
    },
    {
      "title": "",
      "media_list_data": [
        
      ],
      "string_list_data": [
        {
          "href": "https://www.threads.net/fantasy_forest_arts",
          "value": "fantasy_forest_arts",
          "timestamp": 1702591249
        }
      ]
    },
    {
      "title": "",
      "media_list_data": [
        
      ],
      "string_list_data": [
        {
          "href": "https://www.threads.net/_unr3.al_",
          "value": "_unr3.al_",
          "timestamp": 1702591249
        }
      ]
    },
    {
      "title": "",
      "media_list_data": [
        
      ],
      "string_list_data": [
        {
          "href": "https://www.threads.net/enkkgram",
          "value": "enkkgram",
          "timestamp": 1702591249
        }
      ]
    },
    {
      "title": "",
      "media_list_data": [
        
      ],
      "string_list_data": [
        {
          "href": "https://www.threads.net/kidoriman_lifestyle",
          "value": "kidoriman_lifestyle",
          "timestamp": 1702591249
        }
      ]
    },
    {
      "title": "",
      "media_list_data": [
        
      ],
      "string_list_data": [
        {
          "href": "https://www.threads.net/drawingartgram",
          "value": "drawingartgram",
          "timestamp": 1702591249
        }
      ]
    },
    {
      "title": "",
      "media_list_data": [
        
      ],
      "string_list_data": [
        {
          "href": "https://www.threads.net/politicallyretro",
          "value": "politicallyretro",
          "timestamp": 1702591249
        }
      ]
    },
    {
      "title": "",
      "media_list_data": [
        
      ],
      "string_list_data": [
        {
          "href": "https://www.threads.net/politicallyincorrect_is_back",
          "value": "politicallyincorrect_is_back",
          "timestamp": 1702591249
        }
      ]
    },
    {
      "title": "",
      "media_list_data": [
        
      ],
      "string_list_data": [
        {
          "href": "https://www.threads.net/kakarotzu23",
          "value": "kakarotzu23",
          "timestamp": 1702591249
        }
      ]
    },
    {
      "title": "",
      "media_list_data": [
        
      ],
      "string_list_data": [
        {
          "href": "https://www.threads.net/videostupefacenti",
          "value": "videostupefacenti",
          "timestamp": 1702591249
        }
      ]
    },
    {
      "title": "",
      "media_list_data": [
        
      ],
      "string_list_data": [
        {
          "href": "https://www.threads.net/humandataincome",
          "value": "humandataincome",
          "timestamp": 1702591249
        }
      ]
    },
    {
      "title": "",
      "media_list_data": [
        
      ],
      "string_list_data": [
        {
          "href": "https://www.threads.net/ita_pictures",
          "value": "ita_pictures",
          "timestamp": 1702591249
        }
      ]
    },
    {
      "title": "",
      "media_list_data": [
        
      ],
      "string_list_data": [
        {
          "href": "https://www.threads.net/ciakclub",
          "value": "ciakclub",
          "timestamp": 1702591249
        }
      ]
    },
    {
      "title": "",
      "media_list_data": [
        
      ],
      "string_list_data": [
        {
          "href": "https://www.threads.net/devacassel",
          "value": "devacassel",
          "timestamp": 1702591249
        }
      ]
    },
    {
      "title": "",
      "media_list_data": [
        
      ],
      "string_list_data": [
        {
          "href": "https://www.threads.net/alessandro_ottenga",
          "value": "alessandro_ottenga",
          "timestamp": 1702591249
        }
      ]
    },
    {
      "title": "",
      "media_list_data": [
        
      ],
      "string_list_data": [
        {
          "href": "https://www.threads.net/dario.bressanini",
          "value": "dario.bressanini",
          "timestamp": 1702591249
        }
      ]
    },
    {
      "title": "",
      "media_list_data": [
        
      ],
      "string_list_data": [
        {
          "href": "https://www.threads.net/lefotochehannosegnatounepoca",
          "value": "lefotochehannosegnatounepoca",
          "timestamp": 1702591249
        }
      ]
    },
    {
      "title": "",
      "media_list_data": [
        
      ],
      "string_list_data": [
        {
          "href": "https://www.threads.net/toru.barcelona",
          "value": "toru.barcelona",
          "timestamp": 1702591249
        }
      ]
    },
    {
      "title": "",
      "media_list_data": [
        
      ],
      "string_list_data": [
        {
          "href": "https://www.threads.net/fotocaparezza",
          "value": "fotocaparezza",
          "timestamp": 1702591249
        }
      ]
    },
    {
      "title": "",
      "media_list_data": [
        
      ],
      "string_list_data": [
        {
          "href": "https://www.threads.net/artworks_station",
          "value": "artworks_station",
          "timestamp": 1702591249
        }
      ]
    },
    {
      "title": "",
      "media_list_data": [
        
      ],
      "string_list_data": [
        {
          "href": "https://www.threads.net/enrico.cravanzola",
          "value": "enrico.cravanzola",
          "timestamp": 1702591249
        }
      ]
    },
    {
      "title": "",
      "media_list_data": [
        
      ],
      "string_list_data": [
        {
          "href": "https://www.threads.net/foodemperor",
          "value": "foodemperor",
          "timestamp": 1702591249
        }
      ]
    },
    {
      "title": "",
      "media_list_data": [
        
      ],
      "string_list_data": [
        {
          "href": "https://www.threads.net/dadatwitch",
          "value": "dadatwitch",
          "timestamp": 1702591249
        }
      ]
    },
    {
      "title": "",
      "media_list_data": [
        
      ],
      "string_list_data": [
        {
          "href": "https://www.threads.net/filosofia_coatta",
          "value": "filosofia_coatta",
          "timestamp": 1702591249
        }
      ]
    },
    {
      "title": "",
      "media_list_data": [
        
      ],
      "string_list_data": [
        {
          "href": "https://www.threads.net/zoosparkle",
          "value": "zoosparkle",
          "timestamp": 1702591249
        }
      ]
    },
    {
      "title": "",
      "media_list_data": [
        
      ],
      "string_list_data": [
        {
          "href": "https://www.threads.net/agneseinnocente",
          "value": "agneseinnocente",
          "timestamp": 1702591249
        }
      ]
    },
    {
      "title": "",
      "media_list_data": [
        
      ],
      "string_list_data": [
        {
          "href": "https://www.threads.net/mariapi92",
          "value": "mariapi92",
          "timestamp": 1702591249
        }
      ]
    },
    {
      "title": "",
      "media_list_data": [
        
      ],
      "string_list_data": [
        {
          "href": "https://www.threads.net/arredo3",
          "value": "arredo3",
          "timestamp": 1702591249
        }
      ]
    },
    {
      "title": "",
      "media_list_data": [
        
      ],
      "string_list_data": [
        {
          "href": "https://www.threads.net/zerocalcare",
          "value": "zerocalcare",
          "timestamp": 1702591249
        }
      ]
    },
    {
      "title": "",
      "media_list_data": [
        
      ],
      "string_list_data": [
        {
          "href": "https://www.threads.net/sealegacy",
          "value": "sealegacy",
          "timestamp": 1702591249
        }
      ]
    },
    {
      "title": "",
      "media_list_data": [
        
      ],
      "string_list_data": [
        {
          "href": "https://www.threads.net/retireinprogress",
          "value": "retireinprogress",
          "timestamp": 1702591249
        }
      ]
    },
    {
      "title": "",
      "media_list_data": [
        
      ],
      "string_list_data": [
        {
          "href": "https://www.threads.net/pow3r",
          "value": "pow3r",
          "timestamp": 1702591249
        }
      ]
    },
    {
      "title": "",
      "media_list_data": [
        
      ],
      "string_list_data": [
        {
          "href": "https://www.threads.net/nova.rgb",
          "value": "nova.rgb",
          "timestamp": 1702591249
        }
      ]
    },
    {
      "title": "",
      "media_list_data": [
        
      ],
      "string_list_data": [
        {
          "href": "https://www.threads.net/_thebissholes_",
          "value": "_thebissholes_",
          "timestamp": 1702591242
        }
      ]
    },
    {
      "title": "",
      "media_list_data": [
        
      ],
      "string_list_data": [
        {
          "href": "https://www.threads.net/pokeca_art_life",
          "value": "pokeca_art_life",
          "timestamp": 1702591242
        }
      ]
    },
    {
      "title": "",
      "media_list_data": [
        
      ],
      "string_list_data": [
        {
          "href": "https://www.threads.net/thecomicsunseen",
          "value": "thecomicsunseen",
          "timestamp": 1702591242
        }
      ]
    },
    {
      "title": "",
      "media_list_data": [
        
      ],
      "string_list_data": [
        {
          "href": "https://www.threads.net/gobluna",
          "value": "gobluna",
          "timestamp": 1702591242
        }
      ]
    },
    {
      "title": "",
      "media_list_data": [
        
      ],
      "string_list_data": [
        {
          "href": "https://www.threads.net/finejapanart",
          "value": "finejapanart",
          "timestamp": 1702591242
        }
      ]
    },
    {
      "title": "",
      "media_list_data": [
        
      ],
      "string_list_data": [
        {
          "href": "https://www.threads.net/wanderskyhigh",
          "value": "wanderskyhigh",
          "timestamp": 1702591242
        }
      ]
    },
    {
      "title": "",
      "media_list_data": [
        
      ],
      "string_list_data": [
        {
          "href": "https://www.threads.net/junopii_",
          "value": "junopii_",
          "timestamp": 1702591242
        }
      ]
    },
    {
      "title": "",
      "media_list_data": [
        
      ],
      "string_list_data": [
        {
          "href": "https://www.threads.net/smkey.design",
          "value": "smkey.design",
          "timestamp": 1702591242
        }
      ]
    },
    {
      "title": "",
      "media_list_data": [
        
      ],
      "string_list_data": [
        {
          "href": "https://www.threads.net/no___extra",
          "value": "no___extra",
          "timestamp": 1702591242
        }
      ]
    },
    {
      "title": "",
      "media_list_data": [
        
      ],
      "string_list_data": [
        {
          "href": "https://www.threads.net/lareginadellecinture",
          "value": "lareginadellecinture",
          "timestamp": 1702591242
        }
      ]
    },
    {
      "title": "",
      "media_list_data": [
        
      ],
      "string_list_data": [
        {
          "href": "https://www.threads.net/cachemirepodcast",
          "value": "cachemirepodcast",
          "timestamp": 1702591242
        }
      ]
    },
    {
      "title": "",
      "media_list_data": [
        
      ],
      "string_list_data": [
        {
          "href": "https://www.threads.net/sostienenrico",
          "value": "sostienenrico",
          "timestamp": 1702591242
        }
      ]
    },
    {
      "title": "",
      "media_list_data": [
        
      ],
      "string_list_data": [
        {
          "href": "https://www.threads.net/avvocatoatomico",
          "value": "avvocatoatomico",
          "timestamp": 1702591242
        }
      ]
    },
    {
      "title": "",
      "media_list_data": [
        
      ],
      "string_list_data": [
        {
          "href": "https://www.threads.net/psychologypeers",
          "value": "psychologypeers",
          "timestamp": 1702591242
        }
      ]
    },
    {
      "title": "",
      "media_list_data": [
        
      ],
      "string_list_data": [
        {
          "href": "https://www.threads.net/kintsugi_aikozushi",
          "value": "kintsugi_aikozushi",
          "timestamp": 1702591242
        }
      ]
    },
    {
      "title": "",
      "media_list_data": [
        
      ],
      "string_list_data": [
        {
          "href": "https://www.threads.net/psychologyposts_",
          "value": "psychologyposts_",
          "timestamp": 1702591242
        }
      ]
    },
    {
      "title": "",
      "media_list_data": [
        
      ],
      "string_list_data": [
        {
          "href": "https://www.threads.net/officaledmundmcmillen",
          "value": "officaledmundmcmillen",
          "timestamp": 1702591242
        }
      ]
    },
    {
      "title": "",
      "media_list_data": [
        
      ],
      "string_list_data": [
        {
          "href": "https://www.threads.net/bikeandraft",
          "value": "bikeandraft",
          "timestamp": 1702591242
        }
      ]
    },
    {
      "title": "",
      "media_list_data": [
        
      ],
      "string_list_data": [
        {
          "href": "https://www.threads.net/maimai_yoga",
          "value": "maimai_yoga",
          "timestamp": 1702591242
        }
      ]
    },
    {
      "title": "",
      "media_list_data": [
        
      ],
      "string_list_data": [
        {
          "href": "https://www.threads.net/poly.quizshow",
          "value": "poly.quizshow",
          "timestamp": 1702591242
        }
      ]
    },
    {
      "title": "",
      "media_list_data": [
        
      ],
      "string_list_data": [
        {
          "href": "https://www.threads.net/luxuryedesigninternational",
          "value": "luxuryedesigninternational",
          "timestamp": 1702591242
        }
      ]
    },
    {
      "title": "",
      "media_list_data": [
        
      ],
      "string_list_data": [
        {
          "href": "https://www.threads.net/yiyang_yilangjun",
          "value": "yiyang_yilangjun",
          "timestamp": 1702591242
        }
      ]
    },
    {
      "title": "",
      "media_list_data": [
        
      ],
      "string_list_data": [
        {
          "href": "https://www.threads.net/ausonia23",
          "value": "ausonia23",
          "timestamp": 1702591242
        }
      ]
    },
    {
      "title": "",
      "media_list_data": [
        
      ],
      "string_list_data": [
        {
          "href": "https://www.threads.net/rafaelaraujo2222",
          "value": "rafaelaraujo2222",
          "timestamp": 1702591242
        }
      ]
    },
    {
      "title": "",
      "media_list_data": [
        
      ],
      "string_list_data": [
        {
          "href": "https://www.threads.net/blurs7",
          "value": "blurs7",
          "timestamp": 1702591242
        }
      ]
    },
    {
      "title": "",
      "media_list_data": [
        
      ],
      "string_list_data": [
        {
          "href": "https://www.threads.net/nasa_marshall",
          "value": "nasa_marshall",
          "timestamp": 1702591242
        }
      ]
    },
    {
      "title": "",
      "media_list_data": [
        
      ],
      "string_list_data": [
        {
          "href": "https://www.threads.net/boldrinmichele",
          "value": "boldrinmichele",
          "timestamp": 1702591242
        }
      ]
    },
    {
      "title": "",
      "media_list_data": [
        
      ],
      "string_list_data": [
        {
          "href": "https://www.threads.net/jimmyzhangreels",
          "value": "jimmyzhangreels",
          "timestamp": 1702591237
        }
      ]
    },
    {
      "title": "",
      "media_list_data": [
        
      ],
      "string_list_data": [
        {
          "href": "https://www.threads.net/insintesi_",
          "value": "insintesi_",
          "timestamp": 1702591237
        }
      ]
    },
    {
      "title": "",
      "media_list_data": [
        
      ],
      "string_list_data": [
        {
          "href": "https://www.threads.net/yokogao.mag",
          "value": "yokogao.mag",
          "timestamp": 1702591237
        }
      ]
    },
    {
      "title": "",
      "media_list_data": [
        
      ],
      "string_list_data": [
        {
          "href": "https://www.threads.net/bebop.genesis",
          "value": "bebop.genesis",
          "timestamp": 1702591237
        }
      ]
    },
    {
      "title": "",
      "media_list_data": [
        
      ],
      "string_list_data": [
        {
          "href": "https://www.threads.net/sciencepill_",
          "value": "sciencepill_",
          "timestamp": 1702591237
        }
      ]
    },
    {
      "title": "",
      "media_list_data": [
        
      ],
      "string_list_data": [
        {
          "href": "https://www.threads.net/_krisfits",
          "value": "_krisfits",
          "timestamp": 1702591237
        }
      ]
    },
    {
      "title": "",
      "media_list_data": [
        
      ],
      "string_list_data": [
        {
          "href": "https://www.threads.net/husdyrarts",
          "value": "husdyrarts",
          "timestamp": 1702591237
        }
      ]
    },
    {
      "title": "",
      "media_list_data": [
        
      ],
      "string_list_data": [
        {
          "href": "https://www.threads.net/lezionidifumetto.it",
          "value": "lezionidifumetto.it",
          "timestamp": 1702591237
        }
      ]
    },
    {
      "title": "",
      "media_list_data": [
        
      ],
      "string_list_data": [
        {
          "href": "https://www.threads.net/laragazzadimilano_18",
          "value": "laragazzadimilano_18",
          "timestamp": 1702591237
        }
      ]
    },
    {
      "title": "",
      "media_list_data": [
        
      ],
      "string_list_data": [
        {
          "href": "https://www.threads.net/getdownwithseanandmarley",
          "value": "getdownwithseanandmarley",
          "timestamp": 1702591237
        }
      ]
    },
    {
      "title": "",
      "media_list_data": [
        
      ],
      "string_list_data": [
        {
          "href": "https://www.threads.net/baccaliegiayy",
          "value": "baccaliegiayy",
          "timestamp": 1702591237
        }
      ]
    },
    {
      "title": "",
      "media_list_data": [
        
      ],
      "string_list_data": [
        {
          "href": "https://www.threads.net/delittodicagna",
          "value": "delittodicagna",
          "timestamp": 1702591237
        }
      ]
    },
    {
      "title": "",
      "media_list_data": [
        
      ],
      "string_list_data": [
        {
          "href": "https://www.threads.net/centerofegyptology",
          "value": "centerofegyptology",
          "timestamp": 1702591237
        }
      ]
    },
    {
      "title": "",
      "media_list_data": [
        
      ],
      "string_list_data": [
        {
          "href": "https://www.threads.net/_takasagomidori_",
          "value": "_takasagomidori_",
          "timestamp": 1702591237
        }
      ]
    },
    {
      "title": "",
      "media_list_data": [
        
      ],
      "string_list_data": [
        {
          "href": "https://www.threads.net/madeyourdaybetter",
          "value": "madeyourdaybetter",
          "timestamp": 1702591237
        }
      ]
    },
    {
      "title": "",
      "media_list_data": [
        
      ],
      "string_list_data": [
        {
          "href": "https://www.threads.net/3blue1brown",
          "value": "3blue1brown",
          "timestamp": 1702591237
        }
      ]
    },
    {
      "title": "",
      "media_list_data": [
        
      ],
      "string_list_data": [
        {
          "href": "https://www.threads.net/historicalhomesofamerica",
          "value": "historicalhomesofamerica",
          "timestamp": 1702591237
        }
      ]
    },
    {
      "title": "",
      "media_list_data": [
        
      ],
      "string_list_data": [
        {
          "href": "https://www.threads.net/ncibackup",
          "value": "ncibackup",
          "timestamp": 1702591237
        }
      ]
    },
    {
      "title": "",
      "media_list_data": [
        
      ],
      "string_list_data": [
        {
          "href": "https://www.threads.net/roccotanica_official",
          "value": "roccotanica_official",
          "timestamp": 1702591237
        }
      ]
    },
    {
      "title": "",
      "media_list_data": [
        
      ],
      "string_list_data": [
        {
          "href": "https://www.threads.net/plazadeaubrey",
          "value": "plazadeaubrey",
          "timestamp": 1702591237
        }
      ]
    },
    {
      "title": "",
      "media_list_data": [
        
      ],
      "string_list_data": [
        {
          "href": "https://www.threads.net/giulia.pompili",
          "value": "giulia.pompili",
          "timestamp": 1702591237
        }
      ]
    },
    {
      "title": "",
      "media_list_data": [
        
      ],
      "string_list_data": [
        {
          "href": "https://www.threads.net/yorkshire.fossils",
          "value": "yorkshire.fossils",
          "timestamp": 1702591237
        }
      ]
    },
    {
      "title": "",
      "media_list_data": [
        
      ],
      "string_list_data": [
        {
          "href": "https://www.threads.net/guinceri_il_ristorante_",
          "value": "guinceri_il_ristorante_",
          "timestamp": 1702591237
        }
      ]
    },
    {
      "title": "",
      "media_list_data": [
        
      ],
      "string_list_data": [
        {
          "href": "https://www.threads.net/professorformemes",
          "value": "professorformemes",
          "timestamp": 1702591237
        }
      ]
    },
    {
      "title": "",
      "media_list_data": [
        
      ],
      "string_list_data": [
        {
          "href": "https://www.threads.net/gamergiurista",
          "value": "gamergiurista",
          "timestamp": 1702591237
        }
      ]
    },
    {
      "title": "",
      "media_list_data": [
        
      ],
      "string_list_data": [
        {
          "href": "https://www.threads.net/todericoart",
          "value": "todericoart",
          "timestamp": 1702591237
        }
      ]
    },
    {
      "title": "",
      "media_list_data": [
        
      ],
      "string_list_data": [
        {
          "href": "https://www.threads.net/gaillardremi",
          "value": "gaillardremi",
          "timestamp": 1702591237
        }
      ]
    },
    {
      "title": "",
      "media_list_data": [
        
      ],
      "string_list_data": [
        {
          "href": "https://www.threads.net/sarah_keyworth",
          "value": "sarah_keyworth",
          "timestamp": 1702591237
        }
      ]
    },
    {
      "title": "",
      "media_list_data": [
        
      ],
      "string_list_data": [
        {
          "href": "https://www.threads.net/like_linton",
          "value": "like_linton",
          "timestamp": 1702591237
        }
      ]
    },
    {
      "title": "",
      "media_list_data": [
        
      ],
      "string_list_data": [
        {
          "href": "https://www.threads.net/amedeobalbi",
          "value": "amedeobalbi",
          "timestamp": 1702591237
        }
      ]
    },
    {
      "title": "",
      "media_list_data": [
        
      ],
      "string_list_data": [
        {
          "href": "https://www.threads.net/troybond69",
          "value": "troybond69",
          "timestamp": 1702591237
        }
      ]
    },
    {
      "title": "",
      "media_list_data": [
        
      ],
      "string_list_data": [
        {
          "href": "https://www.threads.net/comedydynamics",
          "value": "comedydynamics",
          "timestamp": 1702591237
        }
      ]
    },
    {
      "title": "",
      "media_list_data": [
        
      ],
      "string_list_data": [
        {
          "href": "https://www.threads.net/cards_library",
          "value": "cards_library",
          "timestamp": 1702591235
        }
      ]
    },
    {
      "title": "",
      "media_list_data": [
        
      ],
      "string_list_data": [
        {
          "href": "https://www.threads.net/weare.stoa",
          "value": "weare.stoa",
          "timestamp": 1702591235
        }
      ]
    },
    {
      "title": "",
      "media_list_data": [
        
      ],
      "string_list_data": [
        {
          "href": "https://www.threads.net/shahak",
          "value": "shahak",
          "timestamp": 1702591235
        }
      ]
    },
    {
      "title": "",
      "media_list_data": [
        
      ],
      "string_list_data": [
        {
          "href": "https://www.threads.net/grimandpanda",
          "value": "grimandpanda",
          "timestamp": 1702591234
        }
      ]
    },
    {
      "title": "",
      "media_list_data": [
        
      ],
      "string_list_data": [
        {
          "href": "https://www.threads.net/boysbeingboys",
          "value": "boysbeingboys",
          "timestamp": 1702591234
        }
      ]
    },
    {
      "title": "",
      "media_list_data": [
        
      ],
      "string_list_data": [
        {
          "href": "https://www.threads.net/maythesciencebewithyou",
          "value": "maythesciencebewithyou",
          "timestamp": 1702591234
        }
      ]
    },
    {
      "title": "",
      "media_list_data": [
        
      ],
      "string_list_data": [
        {
          "href": "https://www.threads.net/studioflimpo",
          "value": "studioflimpo",
          "timestamp": 1702591234
        }
      ]
    },
    {
      "title": "",
      "media_list_data": [
        
      ],
      "string_list_data": [
        {
          "href": "https://www.threads.net/python_is_trash",
          "value": "python_is_trash",
          "timestamp": 1702591234
        }
      ]
    },
    {
      "title": "",
      "media_list_data": [
        
      ],
      "string_list_data": [
        {
          "href": "https://www.threads.net/quello_che_doppia",
          "value": "quello_che_doppia",
          "timestamp": 1702591234
        }
      ]
    },
    {
      "title": "",
      "media_list_data": [
        
      ],
      "string_list_data": [
        {
          "href": "https://www.threads.net/theshodogirl",
          "value": "theshodogirl",
          "timestamp": 1702591234
        }
      ]
    },
    {
      "title": "",
      "media_list_data": [
        
      ],
      "string_list_data": [
        {
          "href": "https://www.threads.net/elite_games_simulator",
          "value": "elite_games_simulator",
          "timestamp": 1702591234
        }
      ]
    },
    {
      "title": "",
      "media_list_data": [
        
      ],
      "string_list_data": [
        {
          "href": "https://www.threads.net/ww2wayfinder",
          "value": "ww2wayfinder",
          "timestamp": 1702591234
        }
      ]
    },
    {
      "title": "",
      "media_list_data": [
        
      ],
      "string_list_data": [
        {
          "href": "https://www.threads.net/spookymoments",
          "value": "spookymoments",
          "timestamp": 1702591234
        }
      ]
    },
    {
      "title": "",
      "media_list_data": [
        
      ],
      "string_list_data": [
        {
          "href": "https://www.threads.net/chewythompsonn",
          "value": "chewythompsonn",
          "timestamp": 1702591234
        }
      ]
    },
    {
      "title": "",
      "media_list_data": [
        
      ],
      "string_list_data": [
        {
          "href": "https://www.threads.net/histoireduneflamme",
          "value": "histoireduneflamme",
          "timestamp": 1702591234
        }
      ]
    },
    {
      "title": "",
      "media_list_data": [
        
      ],
      "string_list_data": [
        {
          "href": "https://www.threads.net/everyslice_",
          "value": "everyslice_",
          "timestamp": 1702591234
        }
      ]
    },
    {
      "title": "",
      "media_list_data": [
        
      ],
      "string_list_data": [
        {
          "href": "https://www.threads.net/archeoplastica",
          "value": "archeoplastica",
          "timestamp": 1702591234
        }
      ]
    },
    {
      "title": "",
      "media_list_data": [
        
      ],
      "string_list_data": [
        {
          "href": "https://www.threads.net/extremesatisfyingcleaning_",
          "value": "extremesatisfyingcleaning_",
          "timestamp": 1702591234
        }
      ]
    },
    {
      "title": "",
      "media_list_data": [
        
      ],
      "string_list_data": [
        {
          "href": "https://www.threads.net/carokowanzenglish",
          "value": "carokowanzenglish",
          "timestamp": 1702591234
        }
      ]
    },
    {
      "title": "",
      "media_list_data": [
        
      ],
      "string_list_data": [
        {
          "href": "https://www.threads.net/teo_the_teach",
          "value": "teo_the_teach",
          "timestamp": 1702591234
        }
      ]
    },
    {
      "title": "",
      "media_list_data": [
        
      ],
      "string_list_data": [
        {
          "href": "https://www.threads.net/wd.detailing",
          "value": "wd.detailing",
          "timestamp": 1702591234
        }
      ]
    },
    {
      "title": "",
      "media_list_data": [
        
      ],
      "string_list_data": [
        {
          "href": "https://www.threads.net/chiaramaiuripsicologa",
          "value": "chiaramaiuripsicologa",
          "timestamp": 1702591234
        }
      ]
    },
    {
      "title": "",
      "media_list_data": [
        
      ],
      "string_list_data": [
        {
          "href": "https://www.threads.net/liberioltre",
          "value": "liberioltre",
          "timestamp": 1702591234
        }
      ]
    },
    {
      "title": "",
      "media_list_data": [
        
      ],
      "string_list_data": [
        {
          "href": "https://www.threads.net/italy_isnt_real",
          "value": "italy_isnt_real",
          "timestamp": 1702591234
        }
      ]
    },
    {
      "title": "",
      "media_list_data": [
        
      ],
      "string_list_data": [
        {
          "href": "https://www.threads.net/pillole.di.storia",
          "value": "pillole.di.storia",
          "timestamp": 1702591234
        }
      ]
    },
    {
      "title": "",
      "media_list_data": [
        
      ],
      "string_list_data": [
        {
          "href": "https://www.threads.net/thewaltonadventure",
          "value": "thewaltonadventure",
          "timestamp": 1702591234
        }
      ]
    },
    {
      "title": "",
      "media_list_data": [
        
      ],
      "string_list_data": [
        {
          "href": "https://www.threads.net/weavingthe7",
          "value": "weavingthe7",
          "timestamp": 1702591234
        }
      ]
    },
    {
      "title": "",
      "media_list_data": [
        
      ],
      "string_list_data": [
        {
          "href": "https://www.threads.net/giovashow",
          "value": "giovashow",
          "timestamp": 1702591234
        }
      ]
    },
    {
      "title": "",
      "media_list_data": [
        
      ],
      "string_list_data": [
        {
          "href": "https://www.threads.net/fabri_fibra",
          "value": "fabri_fibra",
          "timestamp": 1702591234
        }
      ]
    },
    {
      "title": "",
      "media_list_data": [
        
      ],
      "string_list_data": [
        {
          "href": "https://www.threads.net/martaxcos",
          "value": "martaxcos",
          "timestamp": 1702591234
        }
      ]
    },
    {
      "title": "",
      "media_list_data": [
        
      ],
      "string_list_data": [
        {
          "href": "https://www.threads.net/atlantideep",
          "value": "atlantideep",
          "timestamp": 1702591252
        }
      ]
    },
    {
      "title": "",
      "media_list_data": [
        
      ],
      "string_list_data": [
        {
          "href": "https://www.threads.net/nannitwitch",
          "value": "nannitwitch",
          "timestamp": 1702591252
        }
      ]
    },
    {
      "title": "",
      "media_list_data": [
        
      ],
      "string_list_data": [
        {
          "href": "https://www.threads.net/loftdesigne.world",
          "value": "loftdesigne.world",
          "timestamp": 1702591252
        }
      ]
    },
    {
      "title": "",
      "media_list_data": [
        
      ],
      "string_list_data": [
        {
          "href": "https://www.threads.net/crudeliamemon",
          "value": "crudeliamemon",
          "timestamp": 1702591252
        }
      ]
    },
    {
      "title": "",
      "media_list_data": [
        
      ],
      "string_list_data": [
        {
          "href": "https://www.threads.net/hostelyuigahama",
          "value": "hostelyuigahama",
          "timestamp": 1702591252
        }
      ]
    },
    {
      "title": "",
      "media_list_data": [
        
      ],
      "string_list_data": [
        {
          "href": "https://www.threads.net/dario_moccia",
          "value": "dario_moccia",
          "timestamp": 1702591252
        }
      ]
    },
    {
      "title": "",
      "media_list_data": [
        
      ],
      "string_list_data": [
        {
          "href": "https://www.threads.net/ilmasseo",
          "value": "ilmasseo",
          "timestamp": 1702591252
        }
      ]
    },
    {
      "title": "",
      "media_list_data": [
        
      ],
      "string_list_data": [
        {
          "href": "https://www.threads.net/paulnicklen",
          "value": "paulnicklen",
          "timestamp": 1702591252
        }
      ]
    },
    {
      "title": "",
      "media_list_data": [
        
      ],
      "string_list_data": [
        {
          "href": "https://www.threads.net/studio_peco",
          "value": "studio_peco",
          "timestamp": 1702591249
        }
      ]
    },
    {
      "title": "",
      "media_list_data": [
        
      ],
      "string_list_data": [
        {
          "href": "https://www.threads.net/mustbe3d",
          "value": "mustbe3d",
          "timestamp": 1702591249
        }
      ]
    },
    {
      "title": "",
      "media_list_data": [
        
      ],
      "string_list_data": [
        {
          "href": "https://www.threads.net/peanosimone",
          "value": "peanosimone",
          "timestamp": 1702591249
        }
      ]
    },
    {
      "title": "",
      "media_list_data": [
        
      ],
      "string_list_data": [
        {
          "href": "https://www.threads.net/depressedworldz",
          "value": "depressedworldz",
          "timestamp": 1702591249
        }
      ]
    },
    {
      "title": "",
      "media_list_data": [
        
      ],
      "string_list_data": [
        {
          "href": "https://www.threads.net/phazyo.rai.3",
          "value": "phazyo.rai.3",
          "timestamp": 1702591249
        }
      ]
    },
    {
      "title": "",
      "media_list_data": [
        
      ],
      "string_list_data": [
        {
          "href": "https://www.threads.net/fantasy_forest_arts",
          "value": "fantasy_forest_arts",
          "timestamp": 1702591249
        }
      ]
    },
    {
      "title": "",
      "media_list_data": [
        
      ],
      "string_list_data": [
        {
          "href": "https://www.threads.net/_unr3.al_",
          "value": "_unr3.al_",
          "timestamp": 1702591249
        }
      ]
    },
    {
      "title": "",
      "media_list_data": [
        
      ],
      "string_list_data": [
        {
          "href": "https://www.threads.net/enkkgram",
          "value": "enkkgram",
          "timestamp": 1702591249
        }
      ]
    },
    {
      "title": "",
      "media_list_data": [
        
      ],
      "string_list_data": [
        {
          "href": "https://www.threads.net/kidoriman_lifestyle",
          "value": "kidoriman_lifestyle",
          "timestamp": 1702591249
        }
      ]
    },
    {
      "title": "",
      "media_list_data": [
        
      ],
      "string_list_data": [
        {
          "href": "https://www.threads.net/drawingartgram",
          "value": "drawingartgram",
          "timestamp": 1702591249
        }
      ]
    },
    {
      "title": "",
      "media_list_data": [
        
      ],
      "string_list_data": [
        {
          "href": "https://www.threads.net/politicallyretro",
          "value": "politicallyretro",
          "timestamp": 1702591249
        }
      ]
    },
    {
      "title": "",
      "media_list_data": [
        
      ],
      "string_list_data": [
        {
          "href": "https://www.threads.net/politicallyincorrect_is_back",
          "value": "politicallyincorrect_is_back",
          "timestamp": 1702591249
        }
      ]
    },
    {
      "title": "",
      "media_list_data": [
        
      ],
      "string_list_data": [
        {
          "href": "https://www.threads.net/kakarotzu23",
          "value": "kakarotzu23",
          "timestamp": 1702591249
        }
      ]
    },
    {
      "title": "",
      "media_list_data": [
        
      ],
      "string_list_data": [
        {
          "href": "https://www.threads.net/videostupefacenti",
          "value": "videostupefacenti",
          "timestamp": 1702591249
        }
      ]
    },
    {
      "title": "",
      "media_list_data": [
        
      ],
      "string_list_data": [
        {
          "href": "https://www.threads.net/humandataincome",
          "value": "humandataincome",
          "timestamp": 1702591249
        }
      ]
    },
    {
      "title": "",
      "media_list_data": [
        
      ],
      "string_list_data": [
        {
          "href": "https://www.threads.net/ita_pictures",
          "value": "ita_pictures",
          "timestamp": 1702591249
        }
      ]
    },
    {
      "title": "",
      "media_list_data": [
        
      ],
      "string_list_data": [
        {
          "href": "https://www.threads.net/ciakclub",
          "value": "ciakclub",
          "timestamp": 1702591249
        }
      ]
    },
    {
      "title": "",
      "media_list_data": [
        
      ],
      "string_list_data": [
        {
          "href": "https://www.threads.net/devacassel",
          "value": "devacassel",
          "timestamp": 1702591249
        }
      ]
    },
    {
      "title": "",
      "media_list_data": [
        
      ],
      "string_list_data": [
        {
          "href": "https://www.threads.net/alessandro_ottenga",
          "value": "alessandro_ottenga",
          "timestamp": 1702591249
        }
      ]
    },
    {
      "title": "",
      "media_list_data": [
        
      ],
      "string_list_data": [
        {
          "href": "https://www.threads.net/dario.bressanini",
          "value": "dario.bressanini",
          "timestamp": 1702591249
        }
      ]
    },
    {
      "title": "",
      "media_list_data": [
        
      ],
      "string_list_data": [
        {
          "href": "https://www.threads.net/lefotochehannosegnatounepoca",
          "value": "lefotochehannosegnatounepoca",
          "timestamp": 1702591249
        }
      ]
    },
    {
      "title": "",
      "media_list_data": [
        
      ],
      "string_list_data": [
        {
          "href": "https://www.threads.net/toru.barcelona",
          "value": "toru.barcelona",
          "timestamp": 1702591249
        }
      ]
    },
    {
      "title": "",
      "media_list_data": [
        
      ],
      "string_list_data": [
        {
          "href": "https://www.threads.net/fotocaparezza",
          "value": "fotocaparezza",
          "timestamp": 1702591249
        }
      ]
    },
    {
      "title": "",
      "media_list_data": [
        
      ],
      "string_list_data": [
        {
          "href": "https://www.threads.net/artworks_station",
          "value": "artworks_station",
          "timestamp": 1702591249
        }
      ]
    },
    {
      "title": "",
      "media_list_data": [
        
      ],
      "string_list_data": [
        {
          "href": "https://www.threads.net/enrico.cravanzola",
          "value": "enrico.cravanzola",
          "timestamp": 1702591249
        }
      ]
    },
    {
      "title": "",
      "media_list_data": [
        
      ],
      "string_list_data": [
        {
          "href": "https://www.threads.net/foodemperor",
          "value": "foodemperor",
          "timestamp": 1702591249
        }
      ]
    },
    {
      "title": "",
      "media_list_data": [
        
      ],
      "string_list_data": [
        {
          "href": "https://www.threads.net/dadatwitch",
          "value": "dadatwitch",
          "timestamp": 1702591249
        }
      ]
    },
    {
      "title": "",
      "media_list_data": [
        
      ],
      "string_list_data": [
        {
          "href": "https://www.threads.net/filosofia_coatta",
          "value": "filosofia_coatta",
          "timestamp": 1702591249
        }
      ]
    },
    {
      "title": "",
      "media_list_data": [
        
      ],
      "string_list_data": [
        {
          "href": "https://www.threads.net/zoosparkle",
          "value": "zoosparkle",
          "timestamp": 1702591249
        }
      ]
    },
    {
      "title": "",
      "media_list_data": [
        
      ],
      "string_list_data": [
        {
          "href": "https://www.threads.net/agneseinnocente",
          "value": "agneseinnocente",
          "timestamp": 1702591249
        }
      ]
    },
    {
      "title": "",
      "media_list_data": [
        
      ],
      "string_list_data": [
        {
          "href": "https://www.threads.net/mariapi92",
          "value": "mariapi92",
          "timestamp": 1702591249
        }
      ]
    },
    {
      "title": "",
      "media_list_data": [
        
      ],
      "string_list_data": [
        {
          "href": "https://www.threads.net/arredo3",
          "value": "arredo3",
          "timestamp": 1702591249
        }
      ]
    },
    {
      "title": "",
      "media_list_data": [
        
      ],
      "string_list_data": [
        {
          "href": "https://www.threads.net/zerocalcare",
          "value": "zerocalcare",
          "timestamp": 1702591249
        }
      ]
    },
    {
      "title": "",
      "media_list_data": [
        
      ],
      "string_list_data": [
        {
          "href": "https://www.threads.net/sealegacy",
          "value": "sealegacy",
          "timestamp": 1702591249
        }
      ]
    },
    {
      "title": "",
      "media_list_data": [
        
      ],
      "string_list_data": [
        {
          "href": "https://www.threads.net/retireinprogress",
          "value": "retireinprogress",
          "timestamp": 1702591249
        }
      ]
    },
    {
      "title": "",
      "media_list_data": [
        
      ],
      "string_list_data": [
        {
          "href": "https://www.threads.net/pow3r",
          "value": "pow3r",
          "timestamp": 1702591249
        }
      ]
    },
    {
      "title": "",
      "media_list_data": [
        
      ],
      "string_list_data": [
        {
          "href": "https://www.threads.net/nova.rgb",
          "value": "nova.rgb",
          "timestamp": 1702591249
        }
      ]
    },
    {
      "title": "",
      "media_list_data": [
        
      ],
      "string_list_data": [
        {
          "href": "https://www.threads.net/_thebissholes_",
          "value": "_thebissholes_",
          "timestamp": 1702591242
        }
      ]
    },
    {
      "title": "",
      "media_list_data": [
        
      ],
      "string_list_data": [
        {
          "href": "https://www.threads.net/pokeca_art_life",
          "value": "pokeca_art_life",
          "timestamp": 1702591242
        }
      ]
    },
    {
      "title": "",
      "media_list_data": [
        
      ],
      "string_list_data": [
        {
          "href": "https://www.threads.net/thecomicsunseen",
          "value": "thecomicsunseen",
          "timestamp": 1702591242
        }
      ]
    },
    {
      "title": "",
      "media_list_data": [
        
      ],
      "string_list_data": [
        {
          "href": "https://www.threads.net/gobluna",
          "value": "gobluna",
          "timestamp": 1702591242
        }
      ]
    },
    {
      "title": "",
      "media_list_data": [
        
      ],
      "string_list_data": [
        {
          "href": "https://www.threads.net/finejapanart",
          "value": "finejapanart",
          "timestamp": 1702591242
        }
      ]
    },
    {
      "title": "",
      "media_list_data": [
        
      ],
      "string_list_data": [
        {
          "href": "https://www.threads.net/wanderskyhigh",
          "value": "wanderskyhigh",
          "timestamp": 1702591242
        }
      ]
    },
    {
      "title": "",
      "media_list_data": [
        
      ],
      "string_list_data": [
        {
          "href": "https://www.threads.net/junopii_",
          "value": "junopii_",
          "timestamp": 1702591242
        }
      ]
    },
    {
      "title": "",
      "media_list_data": [
        
      ],
      "string_list_data": [
        {
          "href": "https://www.threads.net/smkey.design",
          "value": "smkey.design",
          "timestamp": 1702591242
        }
      ]
    },
    {
      "title": "",
      "media_list_data": [
        
      ],
      "string_list_data": [
        {
          "href": "https://www.threads.net/no___extra",
          "value": "no___extra",
          "timestamp": 1702591242
        }
      ]
    },
    {
      "title": "",
      "media_list_data": [
        
      ],
      "string_list_data": [
        {
          "href": "https://www.threads.net/lareginadellecinture",
          "value": "lareginadellecinture",
          "timestamp": 1702591242
        }
      ]
    },
    {
      "title": "",
      "media_list_data": [
        
      ],
      "string_list_data": [
        {
          "href": "https://www.threads.net/cachemirepodcast",
          "value": "cachemirepodcast",
          "timestamp": 1702591242
        }
      ]
    },
    {
      "title": "",
      "media_list_data": [
        
      ],
      "string_list_data": [
        {
          "href": "https://www.threads.net/sostienenrico",
          "value": "sostienenrico",
          "timestamp": 1702591242
        }
      ]
    },
    {
      "title": "",
      "media_list_data": [
        
      ],
      "string_list_data": [
        {
          "href": "https://www.threads.net/avvocatoatomico",
          "value": "avvocatoatomico",
          "timestamp": 1702591242
        }
      ]
    },
    {
      "title": "",
      "media_list_data": [
        
      ],
      "string_list_data": [
        {
          "href": "https://www.threads.net/psychologypeers",
          "value": "psychologypeers",
          "timestamp": 1702591242
        }
      ]
    },
    {
      "title": "",
      "media_list_data": [
        
      ],
      "string_list_data": [
        {
          "href": "https://www.threads.net/kintsugi_aikozushi",
          "value": "kintsugi_aikozushi",
          "timestamp": 1702591242
        }
      ]
    },
    {
      "title": "",
      "media_list_data": [
        
      ],
      "string_list_data": [
        {
          "href": "https://www.threads.net/psychologyposts_",
          "value": "psychologyposts_",
          "timestamp": 1702591242
        }
      ]
    },
    {
      "title": "",
      "media_list_data": [
        
      ],
      "string_list_data": [
        {
          "href": "https://www.threads.net/officaledmundmcmillen",
          "value": "officaledmundmcmillen",
          "timestamp": 1702591242
        }
      ]
    },
    {
      "title": "",
      "media_list_data": [
        
      ],
      "string_list_data": [
        {
          "href": "https://www.threads.net/bikeandraft",
          "value": "bikeandraft",
          "timestamp": 1702591242
        }
      ]
    },
    {
      "title": "",
      "media_list_data": [
        
      ],
      "string_list_data": [
        {
          "href": "https://www.threads.net/maimai_yoga",
          "value": "maimai_yoga",
          "timestamp": 1702591242
        }
      ]
    },
    {
      "title": "",
      "media_list_data": [
        
      ],
      "string_list_data": [
        {
          "href": "https://www.threads.net/poly.quizshow",
          "value": "poly.quizshow",
          "timestamp": 1702591242
        }
      ]
    },
    {
      "title": "",
      "media_list_data": [
        
      ],
      "string_list_data": [
        {
          "href": "https://www.threads.net/luxuryedesigninternational",
          "value": "luxuryedesigninternational",
          "timestamp": 1702591242
        }
      ]
    },
    {
      "title": "",
      "media_list_data": [
        
      ],
      "string_list_data": [
        {
          "href": "https://www.threads.net/yiyang_yilangjun",
          "value": "yiyang_yilangjun",
          "timestamp": 1702591242
        }
      ]
    },
    {
      "title": "",
      "media_list_data": [
        
      ],
      "string_list_data": [
        {
          "href": "https://www.threads.net/ausonia23",
          "value": "ausonia23",
          "timestamp": 1702591242
        }
      ]
    },
    {
      "title": "",
      "media_list_data": [
        
      ],
      "string_list_data": [
        {
          "href": "https://www.threads.net/rafaelaraujo2222",
          "value": "rafaelaraujo2222",
          "timestamp": 1702591242
        }
      ]
    },
    {
      "title": "",
      "media_list_data": [
        
      ],
      "string_list_data": [
        {
          "href": "https://www.threads.net/blurs7",
          "value": "blurs7",
          "timestamp": 1702591242
        }
      ]
    },
    {
      "title": "",
      "media_list_data": [
        
      ],
      "string_list_data": [
        {
          "href": "https://www.threads.net/nasa_marshall",
          "value": "nasa_marshall",
          "timestamp": 1702591242
        }
      ]
    },
    {
      "title": "",
      "media_list_data": [
        
      ],
      "string_list_data": [
        {
          "href": "https://www.threads.net/boldrinmichele",
          "value": "boldrinmichele",
          "timestamp": 1702591242
        }
      ]
    },
    {
      "title": "",
      "media_list_data": [
        
      ],
      "string_list_data": [
        {
          "href": "https://www.threads.net/jimmyzhangreels",
          "value": "jimmyzhangreels",
          "timestamp": 1702591237
        }
      ]
    },
    {
      "title": "",
      "media_list_data": [
        
      ],
      "string_list_data": [
        {
          "href": "https://www.threads.net/insintesi_",
          "value": "insintesi_",
          "timestamp": 1702591237
        }
      ]
    },
    {
      "title": "",
      "media_list_data": [
        
      ],
      "string_list_data": [
        {
          "href": "https://www.threads.net/yokogao.mag",
          "value": "yokogao.mag",
          "timestamp": 1702591237
        }
      ]
    },
    {
      "title": "",
      "media_list_data": [
        
      ],
      "string_list_data": [
        {
          "href": "https://www.threads.net/bebop.genesis",
          "value": "bebop.genesis",
          "timestamp": 1702591237
        }
      ]
    },
    {
      "title": "",
      "media_list_data": [
        
      ],
      "string_list_data": [
        {
          "href": "https://www.threads.net/sciencepill_",
          "value": "sciencepill_",
          "timestamp": 1702591237
        }
      ]
    },
    {
      "title": "",
      "media_list_data": [
        
      ],
      "string_list_data": [
        {
          "href": "https://www.threads.net/_krisfits",
          "value": "_krisfits",
          "timestamp": 1702591237
        }
      ]
    },
    {
      "title": "",
      "media_list_data": [
        
      ],
      "string_list_data": [
        {
          "href": "https://www.threads.net/husdyrarts",
          "value": "husdyrarts",
          "timestamp": 1702591237
        }
      ]
    },
    {
      "title": "",
      "media_list_data": [
        
      ],
      "string_list_data": [
        {
          "href": "https://www.threads.net/lezionidifumetto.it",
          "value": "lezionidifumetto.it",
          "timestamp": 1702591237
        }
      ]
    },
    {
      "title": "",
      "media_list_data": [
        
      ],
      "string_list_data": [
        {
          "href": "https://www.threads.net/laragazzadimilano_18",
          "value": "laragazzadimilano_18",
          "timestamp": 1702591237
        }
      ]
    },
    {
      "title": "",
      "media_list_data": [
        
      ],
      "string_list_data": [
        {
          "href": "https://www.threads.net/getdownwithseanandmarley",
          "value": "getdownwithseanandmarley",
          "timestamp": 1702591237
        }
      ]
    },
    {
      "title": "",
      "media_list_data": [
        
      ],
      "string_list_data": [
        {
          "href": "https://www.threads.net/baccaliegiayy",
          "value": "baccaliegiayy",
          "timestamp": 1702591237
        }
      ]
    },
    {
      "title": "",
      "media_list_data": [
        
      ],
      "string_list_data": [
        {
          "href": "https://www.threads.net/delittodicagna",
          "value": "delittodicagna",
          "timestamp": 1702591237
        }
      ]
    },
    {
      "title": "",
      "media_list_data": [
        
      ],
      "string_list_data": [
        {
          "href": "https://www.threads.net/centerofegyptology",
          "value": "centerofegyptology",
          "timestamp": 1702591237
        }
      ]
    },
    {
      "title": "",
      "media_list_data": [
        
      ],
      "string_list_data": [
        {
          "href": "https://www.threads.net/_takasagomidori_",
          "value": "_takasagomidori_",
          "timestamp": 1702591237
        }
      ]
    },
    {
      "title": "",
      "media_list_data": [
        
      ],
      "string_list_data": [
        {
          "href": "https://www.threads.net/madeyourdaybetter",
          "value": "madeyourdaybetter",
          "timestamp": 1702591237
        }
      ]
    },
    {
      "title": "",
      "media_list_data": [
        
      ],
      "string_list_data": [
        {
          "href": "https://www.threads.net/3blue1brown",
          "value": "3blue1brown",
          "timestamp": 1702591237
        }
      ]
    },
    {
      "title": "",
      "media_list_data": [
        
      ],
      "string_list_data": [
        {
          "href": "https://www.threads.net/historicalhomesofamerica",
          "value": "historicalhomesofamerica",
          "timestamp": 1702591237
        }
      ]
    },
    {
      "title": "",
      "media_list_data": [
        
      ],
      "string_list_data": [
        {
          "href": "https://www.threads.net/ncibackup",
          "value": "ncibackup",
          "timestamp": 1702591237
        }
      ]
    },
    {
      "title": "",
      "media_list_data": [
        
      ],
      "string_list_data": [
        {
          "href": "https://www.threads.net/roccotanica_official",
          "value": "roccotanica_official",
          "timestamp": 1702591237
        }
      ]
    },
    {
      "title": "",
      "media_list_data": [
        
      ],
      "string_list_data": [
        {
          "href": "https://www.threads.net/plazadeaubrey",
          "value": "plazadeaubrey",
          "timestamp": 1702591237
        }
      ]
    },
    {
      "title": "",
      "media_list_data": [
        
      ],
      "string_list_data": [
        {
          "href": "https://www.threads.net/giulia.pompili",
          "value": "giulia.pompili",
          "timestamp": 1702591237
        }
      ]
    },
    {
      "title": "",
      "media_list_data": [
        
      ],
      "string_list_data": [
        {
          "href": "https://www.threads.net/yorkshire.fossils",
          "value": "yorkshire.fossils",
          "timestamp": 1702591237
        }
      ]
    },
    {
      "title": "",
      "media_list_data": [
        
      ],
      "string_list_data": [
        {
          "href": "https://www.threads.net/guinceri_il_ristorante_",
          "value": "guinceri_il_ristorante_",
          "timestamp": 1702591237
        }
      ]
    },
    {
      "title": "",
      "media_list_data": [
        
      ],
      "string_list_data": [
        {
          "href": "https://www.threads.net/professorformemes",
          "value": "professorformemes",
          "timestamp": 1702591237
        }
      ]
    },
    {
      "title": "",
      "media_list_data": [
        
      ],
      "string_list_data": [
        {
          "href": "https://www.threads.net/gamergiurista",
          "value": "gamergiurista",
          "timestamp": 1702591237
        }
      ]
    },
    {
      "title": "",
      "media_list_data": [
        
      ],
      "string_list_data": [
        {
          "href": "https://www.threads.net/todericoart",
          "value": "todericoart",
          "timestamp": 1702591237
        }
      ]
    },
    {
      "title": "",
      "media_list_data": [
        
      ],
      "string_list_data": [
        {
          "href": "https://www.threads.net/gaillardremi",
          "value": "gaillardremi",
          "timestamp": 1702591237
        }
      ]
    },
    {
      "title": "",
      "media_list_data": [
        
      ],
      "string_list_data": [
        {
          "href": "https://www.threads.net/sarah_keyworth",
          "value": "sarah_keyworth",
          "timestamp": 1702591237
        }
      ]
    },
    {
      "title": "",
      "media_list_data": [
        
      ],
      "string_list_data": [
        {
          "href": "https://www.threads.net/like_linton",
          "value": "like_linton",
          "timestamp": 1702591237
        }
      ]
    },
    {
      "title": "",
      "media_list_data": [
        
      ],
      "string_list_data": [
        {
          "href": "https://www.threads.net/amedeobalbi",
          "value": "amedeobalbi",
          "timestamp": 1702591237
        }
      ]
    },
    {
      "title": "",
      "media_list_data": [
        
      ],
      "string_list_data": [
        {
          "href": "https://www.threads.net/troybond69",
          "value": "troybond69",
          "timestamp": 1702591237
        }
      ]
    },
    {
      "title": "",
      "media_list_data": [
        
      ],
      "string_list_data": [
        {
          "href": "https://www.threads.net/comedydynamics",
          "value": "comedydynamics",
          "timestamp": 1702591237
        }
      ]
    },
    {
      "title": "",
      "media_list_data": [
        
      ],
      "string_list_data": [
        {
          "href": "https://www.threads.net/cards_library",
          "value": "cards_library",
          "timestamp": 1702591235
        }
      ]
    },
    {
      "title": "",
      "media_list_data": [
        
      ],
      "string_list_data": [
        {
          "href": "https://www.threads.net/weare.stoa",
          "value": "weare.stoa",
          "timestamp": 1702591235
        }
      ]
    },
    {
      "title": "",
      "media_list_data": [
        
      ],
      "string_list_data": [
        {
          "href": "https://www.threads.net/shahak",
          "value": "shahak",
          "timestamp": 1702591235
        }
      ]
    },
    {
      "title": "",
      "media_list_data": [
        
      ],
      "string_list_data": [
        {
          "href": "https://www.threads.net/grimandpanda",
          "value": "grimandpanda",
          "timestamp": 1702591234
        }
      ]
    },
    {
      "title": "",
      "media_list_data": [
        
      ],
      "string_list_data": [
        {
          "href": "https://www.threads.net/boysbeingboys",
          "value": "boysbeingboys",
          "timestamp": 1702591234
        }
      ]
    },
    {
      "title": "",
      "media_list_data": [
        
      ],
      "string_list_data": [
        {
          "href": "https://www.threads.net/maythesciencebewithyou",
          "value": "maythesciencebewithyou",
          "timestamp": 1702591234
        }
      ]
    },
    {
      "title": "",
      "media_list_data": [
        
      ],
      "string_list_data": [
        {
          "href": "https://www.threads.net/studioflimpo",
          "value": "studioflimpo",
          "timestamp": 1702591234
        }
      ]
    },
    {
      "title": "",
      "media_list_data": [
        
      ],
      "string_list_data": [
        {
          "href": "https://www.threads.net/python_is_trash",
          "value": "python_is_trash",
          "timestamp": 1702591234
        }
      ]
    },
    {
      "title": "",
      "media_list_data": [
        
      ],
      "string_list_data": [
        {
          "href": "https://www.threads.net/quello_che_doppia",
          "value": "quello_che_doppia",
          "timestamp": 1702591234
        }
      ]
    },
    {
      "title": "",
      "media_list_data": [
        
      ],
      "string_list_data": [
        {
          "href": "https://www.threads.net/theshodogirl",
          "value": "theshodogirl",
          "timestamp": 1702591234
        }
      ]
    },
    {
      "title": "",
      "media_list_data": [
        
      ],
      "string_list_data": [
        {
          "href": "https://www.threads.net/elite_games_simulator",
          "value": "elite_games_simulator",
          "timestamp": 1702591234
        }
      ]
    },
    {
      "title": "",
      "media_list_data": [
        
      ],
      "string_list_data": [
        {
          "href": "https://www.threads.net/ww2wayfinder",
          "value": "ww2wayfinder",
          "timestamp": 1702591234
        }
      ]
    },
    {
      "title": "",
      "media_list_data": [
        
      ],
      "string_list_data": [
        {
          "href": "https://www.threads.net/spookymoments",
          "value": "spookymoments",
          "timestamp": 1702591234
        }
      ]
    },
    {
      "title": "",
      "media_list_data": [
        
      ],
      "string_list_data": [
        {
          "href": "https://www.threads.net/chewythompsonn",
          "value": "chewythompsonn",
          "timestamp": 1702591234
        }
      ]
    },
    {
      "title": "",
      "media_list_data": [
        
      ],
      "string_list_data": [
        {
          "href": "https://www.threads.net/histoireduneflamme",
          "value": "histoireduneflamme",
          "timestamp": 1702591234
        }
      ]
    },
    {
      "title": "",
      "media_list_data": [
        
      ],
      "string_list_data": [
        {
          "href": "https://www.threads.net/everyslice_",
          "value": "everyslice_",
          "timestamp": 1702591234
        }
      ]
    },
    {
      "title": "",
      "media_list_data": [
        
      ],
      "string_list_data": [
        {
          "href": "https://www.threads.net/archeoplastica",
          "value": "archeoplastica",
          "timestamp": 1702591234
        }
      ]
    },
    {
      "title": "",
      "media_list_data": [
        
      ],
      "string_list_data": [
        {
          "href": "https://www.threads.net/extremesatisfyingcleaning_",
          "value": "extremesatisfyingcleaning_",
          "timestamp": 1702591234
        }
      ]
    },
    {
      "title": "",
      "media_list_data": [
        
      ],
      "string_list_data": [
        {
          "href": "https://www.threads.net/carokowanzenglish",
          "value": "carokowanzenglish",
          "timestamp": 1702591234
        }
      ]
    },
    {
      "title": "",
      "media_list_data": [
        
      ],
      "string_list_data": [
        {
          "href": "https://www.threads.net/teo_the_teach",
          "value": "teo_the_teach",
          "timestamp": 1702591234
        }
      ]
    },
    {
      "title": "",
      "media_list_data": [
        
      ],
      "string_list_data": [
        {
          "href": "https://www.threads.net/wd.detailing",
          "value": "wd.detailing",
          "timestamp": 1702591234
        }
      ]
    },
    {
      "title": "",
      "media_list_data": [
        
      ],
      "string_list_data": [
        {
          "href": "https://www.threads.net/chiaramaiuripsicologa",
          "value": "chiaramaiuripsicologa",
          "timestamp": 1702591234
        }
      ]
    },
    {
      "title": "",
      "media_list_data": [
        
      ],
      "string_list_data": [
        {
          "href": "https://www.threads.net/liberioltre",
          "value": "liberioltre",
          "timestamp": 1702591234
        }
      ]
    },
    {
      "title": "",
      "media_list_data": [
        
      ],
      "string_list_data": [
        {
          "href": "https://www.threads.net/italy_isnt_real",
          "value": "italy_isnt_real",
          "timestamp": 1702591234
        }
      ]
    },
    {
      "title": "",
      "media_list_data": [
        
      ],
      "string_list_data": [
        {
          "href": "https://www.threads.net/pillole.di.storia",
          "value": "pillole.di.storia",
          "timestamp": 1702591234
        }
      ]
    },
    {
      "title": "",
      "media_list_data": [
        
      ],
      "string_list_data": [
        {
          "href": "https://www.threads.net/thewaltonadventure",
          "value": "thewaltonadventure",
          "timestamp": 1702591234
        }
      ]
    },
    {
      "title": "",
      "media_list_data": [
        
      ],
      "string_list_data": [
        {
          "href": "https://www.threads.net/weavingthe7",
          "value": "weavingthe7",
          "timestamp": 1702591234
        }
      ]
    },
    {
      "title": "",
      "media_list_data": [
        
      ],
      "string_list_data": [
        {
          "href": "https://www.threads.net/giovashow",
          "value": "giovashow",
          "timestamp": 1702591234
        }
      ]
    },
    {
      "title": "",
      "media_list_data": [
        
      ],
      "string_list_data": [
        {
          "href": "https://www.threads.net/fabri_fibra",
          "value": "fabri_fibra",
          "timestamp": 1702591234
        }
      ]
    },
    {
      "title": "",
      "media_list_data": [
        
      ],
      "string_list_data": [
        {
          "href": "https://www.threads.net/martaxcos",
          "value": "martaxcos",
          "timestamp": 1702591234
        }
      ]
    }
  ]
}