{
  "text_post_app_text_posts": [
    {
      "media": [
        {
          "uri": "",
          "creation_timestamp": 1704702794,
          "media_metadata": {
            "camera_metadata": {
              "has_camera_metadata": false
            }
          },
          "title": "scrivendolo su threads. cringe",
          "cross_post_source": {
            "source_app": "FB"
          },
          "text_app_post": {
            "reply_control": "everyone",
            "geo_gated_country_list": ""
          }
        }
      ]
    },
    {
      "media": [
        {
          "uri": "",
          "creation_timestamp": 1703970605,
          "media_metadata": {
            "camera_metadata": {
              "has_camera_metadata": false
            }
          },
          "title": "scritto su un social network di una azienda miliardaria. cringe",
          "cross_post_source": {
            "source_app": "FB"
          },
          "text_app_post": {
            "reply_control": "everyone",
            "geo_gated_country_list": ""
          }
        }
      ]
    }
  ]
}