{
  "profile_account_insights": [
    {
      "title": "",
      "media_map_data": {
        
      },
      "string_map_data": {
        "Contact Syncing": {
          "href": "",
          "value": "True",
          "timestamp": 0
        },
        "First Country Code": {
          "href": "",
          "value": "IT",
          "timestamp": 0
        },
        "Has Shared Live Video": {
          "href": "",
          "value": "True",
          "timestamp": 0
        },
        "Last Login": {
          "href": "",
          "value": "",
          "timestamp": 1719397009
        },
        "Last Logout": {
          "href": "",
          "value": "",
          "timestamp": 1710347036
        },
        "First Story Time": {
          "href": "",
          "value": "",
          "timestamp": 1710243722
        },
        "Last Story Time": {
          "href": "",
          "value": "",
          "timestamp": 1710243722
        },
        "First Close Friends Story Time": {
          "href": "",
          "value": "",
          "timestamp": 0
        }
      }
    }
  ]
}