{
  "profile_user": [
    {
      "title": "User Information",
      "media_map_data": {
        "Profile Photo": {
          "uri": "media/profile/202009/118734102_358115945364751_4927045746260067034_n_17887250392670492.jpg",
          "creation_timestamp": 1599152792,
          "media_metadata": {
            "camera_metadata": {
              "has_camera_metadata": false
            }
          },
          "title": "",
          "cross_post_source": {
            "source_app": "FB"
          }
        }
      },
      "string_map_data": {
        "Email": {
          "href": "",
          "value": "davide.macchia95@gmail.com",
          "timestamp": 0
        },
        "Phone Confirmed": {
          "href": "",
          "value": "False",
          "timestamp": 0
        },
        "Username": {
          "href": "",
          "value": "stupidgorgo",
          "timestamp": 0
        },
        "Name": {
          "href": "",
          "value": "Davide Macchia",
          "timestamp": 0
        },
        "Gender": {
          "href": "",
          "value": "male",
          "timestamp": 0
        },
        "Date of birth": {
          "href": "",
          "value": "1993-07-21",
          "timestamp": 0
        },
        "Private Account": {
          "href": "",
          "value": "False",
          "timestamp": 0
        }
      }
    }
  ]
}