{
  "profile_profile_change": [
    {
      "title": "Profile Change",
      "media_map_data": {
        
      },
      "string_map_data": {
        "Changed": {
          "href": "",
          "value": "Profile Name",
          "timestamp": 0
        },
        "Previous Value": {
          "href": "",
          "value": "Davide Macchia",
          "timestamp": 0
        },
        "New Value": {
          "href": "",
          "value": "So stupid",
          "timestamp": 0
        },
        "Change Date": {
          "href": "",
          "value": "",
          "timestamp": 1543775418
        }
      }
    },
    {
      "title": "Profile Change",
      "media_map_data": {
        
      },
      "string_map_data": {
        "Changed": {
          "href": "",
          "value": "Profile Name",
          "timestamp": 0
        },
        "Previous Value": {
          "href": "",
          "value": "So stupid",
          "timestamp": 0
        },
        "New Value": {
          "href": "",
          "value": "Stupid Kun",
          "timestamp": 0
        },
        "Change Date": {
          "href": "",
          "value": "",
          "timestamp": 1543775448
        }
      }
    },
    {
      "title": "Profile Change",
      "media_map_data": {
        
      },
      "string_map_data": {
        "Changed": {
          "href": "",
          "value": "Username",
          "timestamp": 0
        },
        "Previous Value": {
          "href": "",
          "value": "",
          "timestamp": 0
        },
        "New Value": {
          "href": "",
          "value": "stupidgorgo",
          "timestamp": 0
        },
        "Change Date": {
          "href": "",
          "value": "",
          "timestamp": 1580464630
        }
      }
    },
    {
      "title": "Profile Change",
      "media_map_data": {
        
      },
      "string_map_data": {
        "Changed": {
          "href": "",
          "value": "Profile Name",
          "timestamp": 0
        },
        "Previous Value": {
          "href": "",
          "value": "Stupid Kun",
          "timestamp": 0
        },
        "New Value": {
          "href": "",
          "value": "Davide Macchia",
          "timestamp": 0
        },
        "Change Date": {
          "href": "",
          "value": "",
          "timestamp": 1580464650
        }
      }
    }
  ]
}