{
  "installed_apps_v2": [
    {
      "name": "Investing.com app",
      "added_timestamp": 1637565288,
      "user_app_scoped_id": 1106528036553759,
      "category": "active",
      "removed_timestamp": 0
    },
    {
      "name": "RaiPlay",
      "added_timestamp": 1637005802,
      "user_app_scoped_id": 1101923747014188,
      "category": "active",
      "removed_timestamp": 0
    },
    {
      "name": "AliExpress",
      "added_timestamp": 1601421903,
      "user_app_scoped_id": 1049180772288486,
      "category": "inactive",
      "removed_timestamp": 0
    },
    {
      "name": "Hola",
      "added_timestamp": 1601381730,
      "user_app_scoped_id": 815693762303856,
      "category": "inactive",
      "removed_timestamp": 0
    },
    {
      "name": "Indeed",
      "added_timestamp": 0,
      "user_app_scoped_id": 791344794738753,
      "category": "removed",
      "removed_timestamp": 1639390249
    }
  ]
}