{
  "ig_stories": [
    {
      "uri": "media/stories/202012/132205687_136519008246786_31276167542903534_n_17878702390986536.jpg",
      "creation_timestamp": 1608624011,
      "title": ""
    },
    {
      "uri": "media/stories/202012/D74505A3FA879E344DC9B0EAD75814A8_transcode_output_dashinit_17900860429644089.mp4",
      "creation_timestamp": 1608250982,
      "title": "La mia zecca \u00e2\u009d\u00a4\u00ef\u00b8\u008f"
    },
    {
      "uri": "media/stories/202012/fwD8VAigCQzMsF0AhAAAAAAAAGBJkYXNoX2Jhc2VsaW5lXzFfdjERAHXoBwA_17899664779644382",
      "creation_timestamp": 1607362222,
      "media_metadata": {
        "video_metadata": {
          "music_genre": "Pop Music, Urban Contemporary, Holiday Music, R&B Music, Adult Contemporary Music, Contemporary R&B - Soul Music",
          "exif_data": [
            
          ]
        }
      },
      "title": ""
    },
    {
      "uri": "media/stories/202011/128250380_851661162248318_2469156534258582286_n_17882401408874815.jpg",
      "creation_timestamp": 1606772175,
      "title": ""
    },
    {
      "uri": "media/stories/202011/F44AF911B8F245546D4536FEC8CAD888_transcode_output_dashinit_17863280159218849.mp4",
      "creation_timestamp": 1606650752,
      "title": ""
    },
    {
      "uri": "media/stories/202011/9C4B62229B987614B39D3EFB8032B087_transcode_output_dashinit_18175058365035741.mp4",
      "creation_timestamp": 1606649001,
      "media_metadata": {
        "video_metadata": {
          "music_genre": "Pop Music, Folk Music, Europop Music",
          "exif_data": [
            
          ]
        }
      },
      "title": "Incrociamo le dita \u00f0\u009f\u00a4\u009e\u00f0\u009f\u00a4\u009e\u00f0\u009f\u00a4\u009e"
    },
    {
      "uri": "media/stories/202011/BE476EE7894CFD7C00E5E99DA3EC0987_transcode_output_dashinit_17887047874828074.mp4",
      "creation_timestamp": 1606405906,
      "media_metadata": {
        "video_metadata": {
          "music_genre": "Indie Music, Indie Pop Music, Urban Contemporary",
          "exif_data": [
            
          ]
        }
      },
      "title": ""
    },
    {
      "uri": "media/stories/202011/6D41F5BBD51FC73F33FC3D7759E882BC_transcode_output_dashinit_17863207955182692.mp4",
      "creation_timestamp": 1606244550,
      "title": "Anche lui \nHa la #panza"
    },
    {
      "uri": "media/stories/202011/0A4A14F9954C4FF303C8FCB9256203BD_transcode_output_dashinit_17985233185311536.mp4",
      "creation_timestamp": 1606069269,
      "title": "#pettolatime"
    },
    {
      "uri": "media/stories/202011/fO4YEmRhc2hfYmFzZWxpbmVfMV92MREAdegHAA_18174304501003594",
      "creation_timestamp": 1606046507,
      "title": ""
    },
    {
      "uri": "media/stories/202011/fO4YEmRhc2hfYmFzZWxpbmVfMV92MREAdegHAA_18174155167009612",
      "creation_timestamp": 1605879290,
      "title": "@chiarapassion  Torta di mele alla francese"
    },
    {
      "uri": "media/stories/202011/fO4YEmRhc2hfYmFzZWxpbmVfMV92MREAdegHAA_17862002093233851",
      "creation_timestamp": 1605553488,
      "title": "Happy #newlockdown  Noi siamo pronti"
    },
    {
      "uri": "media/stories/202011/125535977_136798041116991_3861040450226709409_n_18126778813135838.jpg",
      "creation_timestamp": 1605385624,
      "title": ""
    },
    {
      "uri": "media/stories/202011/124588784_377402073567238_7504564681277674316_n_17855639519305407.jpg",
      "creation_timestamp": 1605288995,
      "title": ""
    },
    {
      "uri": "media/stories/202011/124428108_838983386857797_8059651018588848928_n_17893520032711714.jpg",
      "creation_timestamp": 1605016386,
      "title": ""
    },
    {
      "uri": "media/stories/202010/122151562_719260215347678_4632602056210538396_n_17894413786639046.mp4",
      "creation_timestamp": 1603115543,
      "title": ""
    },
    {
      "uri": "media/stories/202010/121459696_359399835178962_5854936879053768030_n_17883607495803936.mp4",
      "creation_timestamp": 1602835295,
      "title": ""
    },
    {
      "uri": "media/stories/202009/120080598_341509940616823_1929439716346782157_n_17894367850615722.jpg",
      "creation_timestamp": 1601134149,
      "title": ""
    },
    {
      "uri": "media/stories/202009/119815971_2299602153519845_9017830277445867203_n_17851105973318155.mp4",
      "creation_timestamp": 1600701875,
      "title": ""
    },
    {
      "uri": "media/stories/202009/119233963_862345490836083_3276426761927580139_n_17862130181106872.jpg",
      "creation_timestamp": 1600007323,
      "title": ""
    },
    {
      "uri": "media/stories/202009/118823018_124250156064800_2599404083266209277_n_17958724777349880.jpg",
      "creation_timestamp": 1599403540,
      "title": ""
    },
    {
      "uri": "media/stories/202009/118764086_234328794626873_3839118147852578522_n_18122512375190293.jpg",
      "creation_timestamp": 1599231488,
      "title": ""
    },
    {
      "uri": "media/stories/202008/118471794_328113191863320_6026732748009539094_n_17867075602997642.jpg",
      "creation_timestamp": 1598794672,
      "title": ""
    },
    {
      "uri": "media/stories/202008/117953611_2372862833022924_2967515194909207681_n_17874740860857329.mp4",
      "creation_timestamp": 1598017475,
      "title": "#lafame 2.0"
    },
    {
      "uri": "media/stories/202008/117665064_616861835634119_5357118659139282755_n_17852470454203930.jpg",
      "creation_timestamp": 1597764217,
      "title": ""
    },
    {
      "uri": "media/stories/202008/117377479_774491350046582_6980925601191120152_n_17912512405458955.jpg",
      "creation_timestamp": 1597448492,
      "title": "Asatt"
    },
    {
      "uri": "media/stories/202008/116878195_415574076079514_3640213062852054371_n_17886173863638986.mp4",
      "creation_timestamp": 1596761585,
      "title": "Be smart like a cat"
    },
    {
      "uri": "media/stories/202007/116129275_291683145469547_911721986894710880_n_17891123428595337.jpg",
      "creation_timestamp": 1595949486,
      "title": ""
    },
    {
      "uri": "media/stories/202007/115789963_116056036647534_6924038746427470792_n_17881542061720483.mp4",
      "creation_timestamp": 1595376329,
      "title": ""
    },
    {
      "uri": "media/stories/202007/111415506_1152968725086183_7988558229897818903_n_17915306578447635.mp4",
      "creation_timestamp": 1595200461,
      "title": ""
    },
    {
      "uri": "media/stories/202007/109744473_770994740310146_2932205661752150085_n_17862968785984124.mp4",
      "creation_timestamp": 1594996771,
      "title": ""
    },
    {
      "uri": "media/stories/202007/106998116_734999730630392_2613686336681881369_n_17978567977306360.mp4",
      "creation_timestamp": 1594216657,
      "title": ""
    },
    {
      "uri": "media/stories/202007/106634779_1891194074350046_7356050879045905583_n_17923816138416940.jpg",
      "creation_timestamp": 1593729800,
      "title": ""
    },
    {
      "uri": "media/stories/202007/106787734_2625843487658128_2863237955425256081_n_17957327875328474.mp4",
      "creation_timestamp": 1593646770,
      "title": "La #pugliesit\u00c3\u00a0"
    },
    {
      "uri": "media/stories/202006/105985565_3042130495833608_3932307746774347621_n_17853933059101174.mp4",
      "creation_timestamp": 1593416619,
      "title": ""
    },
    {
      "uri": "media/stories/202006/106465905_323067205377380_7905342836856361271_n_18093108577172554.mp4",
      "creation_timestamp": 1593353619,
      "title": ""
    },
    {
      "uri": "media/stories/202006/106217739_363440391483474_9159592859199309344_n_17854043237082221.mp4",
      "creation_timestamp": 1593204760,
      "title": ""
    },
    {
      "uri": "media/stories/202006/104451087_156152955958656_2436296739991221549_n_17949252850353943.jpg",
      "creation_timestamp": 1592840806,
      "title": ""
    },
    {
      "uri": "media/stories/202006/104360197_300715134430468_8711652858883280295_n_17847213815180563.mp4",
      "creation_timestamp": 1592394403,
      "title": ""
    },
    {
      "uri": "media/stories/202006/104324827_601658643817846_8844893851124345474_n_17886343474592258.mp4",
      "creation_timestamp": 1592130632,
      "title": ""
    },
    {
      "uri": "media/stories/202006/101250378_981977278924376_4383971557221400443_n_17910033379449477.mp4",
      "creation_timestamp": 1591012151,
      "title": ""
    },
    {
      "uri": "media/stories/202005/99557955_1344614062594698_8074690484952774737_n_18099410491159680.mp4",
      "creation_timestamp": 1590244118,
      "title": ""
    },
    {
      "uri": "media/stories/201903/53435628_126010111843162_1556103930563790670_n_18030349354116080.jpg",
      "creation_timestamp": 1553445263,
      "title": ""
    },
    {
      "uri": "media/stories/201903/53046887_678305525936555_4215857008514017768_n_17979397573203805.jpg",
      "creation_timestamp": 1551642849,
      "title": ""
    },
    {
      "uri": "media/stories/201902/51409471_384452832335489_1980403623130172497_n_17863547554335927.jpg",
      "creation_timestamp": 1551370187,
      "title": ""
    },
    {
      "uri": "media/stories/201902/53019867_411058163046804_8960950885190770737_n_17855903719345906.mp4",
      "creation_timestamp": 1550534873,
      "title": ""
    },
    {
      "uri": "media/stories/201902/52831853_976971222488411_9031563931922238961_n_18011627635094639.mp4",
      "creation_timestamp": 1550534728,
      "title": "@roberto_bas"
    },
    {
      "uri": "media/stories/201901/49858571_111307956626993_157977303570857800_n_17892899299295866.jpg",
      "creation_timestamp": 1547976432,
      "title": ""
    },
    {
      "uri": "media/stories/201812/47208727_385161605557818_2737438770223531485_n_17993605975096756.jpg",
      "creation_timestamp": 1544461266,
      "title": "True Story, \nsad Story \u00f0\u009f\u00a4\u00a3\u00f0\u009f\u00a4\u00a3"
    },
    {
      "uri": "media/stories/201810/43354064_307483833404628_9174851168755622659_n_17990689597057009.mp4",
      "creation_timestamp": 1539679598,
      "title": ""
    },
    {
      "uri": "media/stories/201810/43630894_525388714554313_2279120833299186186_n_17982781582065843.mp4",
      "creation_timestamp": 1539109968,
      "title": ""
    },
    {
      "uri": "media/stories/201809/41912117_2145778948971242_4736932519267317107_n_17968371766119741.mp4",
      "creation_timestamp": 1538158203,
      "title": ""
    },
    {
      "uri": "media/stories/201809/40429574_1943392399072823_110697649168802919_n_17916243724216147.jpg",
      "creation_timestamp": 1536697185,
      "title": "@maddyellow_"
    },
    {
      "uri": "media/stories/201809/39930023_1367006260103445_8104626867209476870_n_17978173006023317.jpg",
      "creation_timestamp": 1536351797,
      "title": ""
    },
    {
      "uri": "media/stories/201808/39370556_576434932774255_5647292780561563648_n_17954204053093378.jpg",
      "creation_timestamp": 1535419960,
      "title": "\u00f0\u009f\u0098\u0082\u00f0\u009f\u0098\u0082\u00f0\u009f\u0098\u0082"
    },
    {
      "uri": "media/stories/201808/39408367_148661466057012_7336098458257193223_n_17945866753131347.mp4",
      "creation_timestamp": 1535144919,
      "title": ""
    },
    {
      "uri": "media/stories/201808/38928433_290915858354033_860708577699249165_n_17864071993275752.mp4",
      "creation_timestamp": 1534677226,
      "title": "Le domeniche mattine, quelle belle \u00f0\u009f\u0098\u00bb\u00f0\u009f\u0098\u00bb\u00f0\u009f\u0098\u00bb"
    },
    {
      "uri": "media/stories/201808/38504233_451978705288848_98178434190502058_n_17909586481209698.mp4",
      "creation_timestamp": 1534596693,
      "title": "#gatti #panzoni\nE dove trovarli"
    },
    {
      "uri": "media/stories/201808/39141826_666169753776243_2870169297270173344_n_17936300470170958.mp4",
      "creation_timestamp": 1534596541,
      "title": ""
    },
    {
      "uri": "media/stories/201808/38749481_2182848801961033_7621134552379211005_n_17969962687006447.mp4",
      "creation_timestamp": 1533817814,
      "title": ""
    },
    {
      "uri": "media/stories/201808/37945825_514741455652025_419604383823861025_n_17925368950198951.mp4",
      "creation_timestamp": 1533809760,
      "title": ""
    },
    {
      "uri": "media/stories/201808/38215570_476651479467638_4900981842821251072_n_17941565791130963.jpg",
      "creation_timestamp": 1533577861,
      "title": ""
    },
    {
      "uri": "media/stories/201808/38447002_276270746495443_5503507299013461549_n_17932836250175789.mp4",
      "creation_timestamp": 1533577121,
      "title": ""
    },
    {
      "uri": "media/stories/201808/37988854_313189822762496_1934464055228420887_n_17965855708065146.mp4",
      "creation_timestamp": 1533576952,
      "title": ""
    },
    {
      "uri": "media/stories/201808/38285869_654475614945806_2389955207020696451_n_17889335740245085.mp4",
      "creation_timestamp": 1533570911,
      "title": ""
    },
    {
      "uri": "media/stories/201807/37581458_631276373924338_2871188695392714752_n_17936457412139649.jpg",
      "creation_timestamp": 1532098471,
      "title": "#truestory\n#sadstory"
    },
    {
      "uri": "media/stories/201807/37124312_842490162611881_7892110472072134656_n_17901830701200310.jpg",
      "creation_timestamp": 1532084404,
      "title": "Amore a prima vista  Anello di cipolla +\n Bbq sauce \u00f0\u009f\u0098\u008b"
    },
    {
      "uri": "media/stories/201807/36995344_253229135472804_2341225127216087776_n_17930210011164549.mp4",
      "creation_timestamp": 1532084275,
      "title": ""
    },
    {
      "uri": "media/stories/201807/37184406_176401953232986_3509265142762466183_n_17944338520123082.mp4",
      "creation_timestamp": 1532083832,
      "title": ""
    },
    {
      "uri": "media/stories/201807/36935493_185092132353832_4729891120253321923_n_17936303587189708.mp4",
      "creation_timestamp": 1532080845,
      "title": ""
    },
    {
      "uri": "media/stories/201807/36676129_2110817265808826_1555766076644524032_n_17947516384102525.jpg",
      "creation_timestamp": 1532000940,
      "title": "\u00f0\u009f\u0098\u0082\u00f0\u009f\u0098\u0082\u00f0\u009f\u0098\u0082"
    },
    {
      "uri": "media/stories/201807/36901872_215447285670360_3309921314076098560_n_17960179813032268.jpg",
      "creation_timestamp": 1531836490,
      "title": ""
    },
    {
      "uri": "media/stories/201807/36914068_918828824990871_2284371455697252327_n_17871070444249112.mp4",
      "creation_timestamp": 1531621798,
      "title": ""
    },
    {
      "uri": "media/stories/201807/37106047_2015997735079423_3687517078060348046_n_17869748980260791.mp4",
      "creation_timestamp": 1531621367,
      "title": ""
    },
    {
      "uri": "media/stories/201807/36473165_270430820358411_6046204700154396672_n_17928592666161826.jpg",
      "creation_timestamp": 1531475642,
      "title": ""
    },
    {
      "uri": "media/stories/201807/36783911_240443286749919_7147813272698224640_n_17958284773011819.jpg",
      "creation_timestamp": 1531072020,
      "title": "Sorridi \u00f0\u009f\u0098\u0081"
    },
    {
      "uri": "media/stories/201806/35173618_179980676007017_2035103638446283556_n_17942230435107565.mp4",
      "creation_timestamp": 1529913660,
      "title": ""
    },
    {
      "uri": "media/stories/201806/35798734_254201135351248_1979219611624423761_n_17940843460112835.mp4",
      "creation_timestamp": 1529739957,
      "title": ""
    },
    {
      "uri": "media/stories/201806/35461502_1813936635310914_7481370972755329024_n_17925798154154161.jpg",
      "creation_timestamp": 1529723598,
      "title": "#insonnia \u00f0\u009f\u0098\u00a5\u00f0\u009f\u0098\u00a5\u00f0\u009f\u0098\u00a5"
    },
    {
      "uri": "media/stories/201806/35398361_131637224394114_1124450801031107425_n_17928047218188538.mp4",
      "creation_timestamp": 1529699126,
      "title": ""
    },
    {
      "uri": "media/stories/201806/35272892_1788107151276993_7369678879344033792_n_17956553317020816.jpg",
      "creation_timestamp": 1529691737,
      "title": ""
    },
    {
      "uri": "media/stories/201806/36104294_457805067998864_5059426851724114315_n_17954063140039269.mp4",
      "creation_timestamp": 1529687523,
      "title": ""
    },
    {
      "uri": "media/stories/201806/36004338_2070624873217461_371243894392282275_n_17950351723067654.mp4",
      "creation_timestamp": 1529598074,
      "title": ""
    },
    {
      "uri": "media/stories/201806/34392247_207284839910467_7378517333628682240_n_17881800553229917.jpg",
      "creation_timestamp": 1529487991,
      "title": ""
    },
    {
      "uri": "media/stories/201806/35459371_177233066279602_6202124648792981504_n_17954132731029036.jpg",
      "creation_timestamp": 1529358267,
      "title": ""
    },
    {
      "uri": "media/stories/201806/35584335_440513413041528_8677832197683181316_n_17864790820252722.mp4",
      "creation_timestamp": 1529339893,
      "title": ""
    },
    {
      "uri": "media/stories/201806/34429666_608147839577924_7704668491432853504_n_17940865204106915.jpg",
      "creation_timestamp": 1529245389,
      "title": "@maddyellow_ \nBrontosauro \u00f0\u009f\u0098\u0082\u00f0\u009f\u0098\u0082"
    },
    {
      "uri": "media/stories/201806/34983402_443674942726233_6043454525220585472_n_17926726882130163.jpg",
      "creation_timestamp": 1529227514,
      "title": ""
    },
    {
      "uri": "media/stories/201806/31680546_243083439576672_6781336323354525696_n_17844446620272152.jpg",
      "creation_timestamp": 1528727988,
      "title": "@maddyellow_"
    },
    {
      "uri": "media/stories/201806/32593891_1673434086072558_877559198366302208_n_17921245564152821.jpg",
      "creation_timestamp": 1528024433,
      "title": "Esedra"
    },
    {
      "uri": "media/stories/202112/CE48DB751D235EFDC6511438F9163899_transcode_output_dashinit_17954026588562672.mp4",
      "creation_timestamp": 1638862817,
      "media_metadata": {
        "video_metadata": {
          "exif_data": [
            {
              "device_id": "android-4820dd391b6d45c3",
              "source_type": "feed_reshare"
            }
          ]
        }
      },
      "title": "Quando lavori \n da casa"
    },
    {
      "uri": "media/stories/202112/J6F7NKB2j8VAigCQzMsF0AuAAAAAAAAGBJkYXNoX2Jhc2VsaW5lXzFfdjERAHXoBwA_17936670091833410",
      "creation_timestamp": 1638859606,
      "media_metadata": {
        "video_metadata": {
          "exif_data": [
            {
              "device_id": "android-4820dd391b6d45c3",
              "date_time_original": "19040101T000000.000Z",
              "source_type": "feed_reshare"
            }
          ]
        }
      },
      "title": ""
    },
    {
      "uri": "media/stories/202112/5842BAE98DEB614B673433E0D9EC3AA0_transcode_output_dashinit_17884205033537973.mp4",
      "creation_timestamp": 1638818175,
      "media_metadata": {
        "video_metadata": {
          "exif_data": [
            {
              "device_id": "android-4820dd391b6d45c3",
              "source_type": "4"
            }
          ]
        }
      },
      "title": ""
    },
    {
      "uri": "media/stories/202112/264496201_396224332185748_7863035606420442929_nwebp_17948374546610078.jpg",
      "creation_timestamp": 1638741057,
      "media_metadata": {
        "photo_metadata": {
          "exif_data": [
            {
              "device_id": "android-4820dd391b6d45c3",
              "source_type": "feed_reshare"
            }
          ]
        }
      },
      "title": ""
    },
    {
      "uri": "media/stories/202112/263101336_1088489585233271_5077322565233157737_n_17921251619063020.mp4",
      "creation_timestamp": 1638567134,
      "media_metadata": {
        "video_metadata": {
          "exif_data": [
            {
              "scene_capture_type": "standard",
              "software": "ginkgo-user 10 QKQ1.200114.002 V12.0.6.0.QCOMIXM release-keys",
              "device_id": "android-4820dd391b6d45c3",
              "date_time_original": "2021:12:03 22:27:57",
              "source_type": "4"
            }
          ]
        }
      },
      "title": "Gatti...sanno sempre come rovinare tutto...."
    },
    {
      "uri": "media/stories/202112/263595578_3223422064602408_1100823386276278914_n_17924323288970359.mp4",
      "creation_timestamp": 1638547610,
      "media_metadata": {
        "video_metadata": {
          "exif_data": [
            {
              "device_id": "android-4820dd391b6d45c3",
              "date_time_original": "19040101T000000.000Z",
              "source_type": "feed_reshare"
            }
          ]
        }
      },
      "title": "It's me"
    },
    {
      "uri": "media/stories/202112/263724493_145039197864363_5530213277714626300_n_18209289565115061.mp4",
      "creation_timestamp": 1638460064,
      "media_metadata": {
        "video_metadata": {
          "exif_data": [
            {
              "scene_capture_type": "standard",
              "software": "ginkgo-user 10 QKQ1.200114.002 V12.0.6.0.QCOMIXM release-keys",
              "device_id": "android-4820dd391b6d45c3",
              "date_time_original": "2021:12:02 16:45:13",
              "source_type": "4"
            }
          ]
        }
      },
      "title": "Sempre sia lodato bootstrap"
    },
    {
      "uri": "media/stories/202112/262415761_881425172551047_3389029866674340887_nwebp_17930527483787879.jpg",
      "creation_timestamp": 1638441557,
      "media_metadata": {
        "photo_metadata": {
          "exif_data": [
            {
              "device_id": "android-4820dd391b6d45c3",
              "source_type": "4"
            }
          ]
        }
      },
      "title": ""
    },
    {
      "uri": "media/stories/202111/262572390_626594348528865_8854279741593013831_n_17891567858418524.mp4",
      "creation_timestamp": 1638310530,
      "media_metadata": {
        "video_metadata": {
          "exif_data": [
            {
              "device_id": "android-4820dd391b6d45c3",
              "date_time_original": "19040101T000000.000Z",
              "source_type": "feed_reshare"
            }
          ]
        }
      },
      "title": ""
    },
    {
      "uri": "media/stories/202111/261747018_590358835553820_3476695900024271052_n_17888187923524548.mp4",
      "creation_timestamp": 1638137281,
      "media_metadata": {
        "video_metadata": {
          "exif_data": [
            {
              "device_id": "android-4820dd391b6d45c3",
              "date_time_original": "19040101T000000.000Z",
              "source_type": "feed_reshare"
            }
          ]
        }
      },
      "title": "Una di noi"
    },
    {
      "uri": "media/stories/202111/261807663_493827261828353_3444010798921185750_n_17961963982504499.mp4",
      "creation_timestamp": 1638130806,
      "media_metadata": {
        "video_metadata": {
          "exif_data": [
            {
              "device_id": "android-4820dd391b6d45c3",
              "date_time_original": "19040101T000000.000Z",
              "source_type": "feed_reshare"
            }
          ]
        }
      },
      "title": ""
    },
    {
      "uri": "media/stories/202111/262676662_121367657014870_4018856951288437710_n_17888127248472447.mp4",
      "creation_timestamp": 1638107912,
      "media_metadata": {
        "video_metadata": {
          "exif_data": [
            {
              "device_id": "android-4820dd391b6d45c3",
              "source_type": "feed_reshare"
            }
          ]
        }
      },
      "title": ""
    },
    {
      "uri": "media/stories/202111/261778297_883645208948614_269485320059506685_nwebp_18117318562251148.jpg",
      "creation_timestamp": 1638097515,
      "media_metadata": {
        "photo_metadata": {
          "exif_data": [
            {
              "scene_capture_type": "standard",
              "software": "ginkgo-user 10 QKQ1.200114.002 V12.0.6.0.QCOMIXM release-keys",
              "device_id": "android-4820dd391b6d45c3",
              "date_time_original": "2021:11:28 12:03:48",
              "source_type": "4"
            }
          ]
        }
      },
      "title": "Un corvo..."
    },
    {
      "uri": "media/stories/202111/260539891_319359076682630_4218547911849137037_nwebp_17875133156530857.jpg",
      "creation_timestamp": 1637914347,
      "media_metadata": {
        "photo_metadata": {
          "exif_data": [
            {
              "device_id": "android-4820dd391b6d45c3",
              "source_type": "4"
            }
          ]
        }
      },
      "title": ""
    },
    {
      "uri": "media/stories/202111/260552388_188371643496377_8299417901309585378_nwebp_17943575785720792.jpg",
      "creation_timestamp": 1637914335,
      "media_metadata": {
        "photo_metadata": {
          "exif_data": [
            {
              "device_id": "android-4820dd391b6d45c3",
              "source_type": "4"
            }
          ]
        }
      },
      "title": ""
    },
    {
      "uri": "media/stories/202111/260529301_290691169480458_2319459043384869830_nwebp_17910927080099620.jpg",
      "creation_timestamp": 1637914319,
      "media_metadata": {
        "photo_metadata": {
          "exif_data": [
            {
              "device_id": "android-4820dd391b6d45c3",
              "source_type": "4"
            }
          ]
        }
      },
      "title": ""
    },
    {
      "uri": "media/stories/202111/261750156_953248855542452_1838430949400799390_n_17959025260522364.mp4",
      "creation_timestamp": 1637870827,
      "media_metadata": {
        "video_metadata": {
          "exif_data": [
            {
              "device_id": "android-4820dd391b6d45c3",
              "source_type": "feed_reshare"
            }
          ]
        }
      },
      "title": ""
    },
    {
      "uri": "media/stories/202111/260565179_898099727574477_2851259500333485018_n_18245265961079390.mp4",
      "creation_timestamp": 1637860845,
      "media_metadata": {
        "video_metadata": {
          "exif_data": [
            {
              "device_id": "android-4820dd391b6d45c3",
              "source_type": "feed_reshare"
            }
          ]
        }
      },
      "title": ""
    },
    {
      "uri": "media/stories/202111/260092325_569924684103323_666359194773889124_nwebp_17939337502702784.jpg",
      "creation_timestamp": 1637860813,
      "media_metadata": {
        "photo_metadata": {
          "exif_data": [
            {
              "device_id": "android-4820dd391b6d45c3",
              "source_type": "feed_reshare"
            }
          ]
        }
      },
      "title": ""
    },
    {
      "uri": "media/stories/202111/261389284_881977482503311_3346164868281565578_n_17925014278865272.mp4",
      "creation_timestamp": 1637770389,
      "media_metadata": {
        "video_metadata": {
          "exif_data": [
            {
              "device_id": "android-4820dd391b6d45c3",
              "date_time_original": "19040101T000000.000Z",
              "source_type": "feed_reshare"
            }
          ]
        }
      },
      "title": "#remotework"
    },
    {
      "uri": "media/stories/202111/259785646_274499651161369_1392068586016271890_nwebp_17915229719144010.jpg",
      "creation_timestamp": 1637757783,
      "media_metadata": {
        "photo_metadata": {
          "exif_data": [
            {
              "device_id": "android-4820dd391b6d45c3",
              "source_type": "4"
            }
          ]
        }
      },
      "title": "#piccole #gioie Oggi sono felice, lol"
    },
    {
      "uri": "media/stories/202111/259758256_481060363261374_1477575213242470432_n_17873143274549074.mp4",
      "creation_timestamp": 1637690111,
      "media_metadata": {
        "video_metadata": {
          "exif_data": [
            {
              "device_id": "android-4820dd391b6d45c3",
              "date_time_original": "19040101T000000.000Z",
              "source_type": "feed_reshare"
            }
          ]
        }
      },
      "title": "Quando ridi per sta roba,\ncapisci che \u00c3\u00a8 la fine"
    },
    {
      "uri": "media/stories/202111/260269093_643800460328680_4256295673916444199_n_17919701146944094.mp4",
      "creation_timestamp": 1637678568,
      "media_metadata": {
        "video_metadata": {
          "exif_data": [
            {
              "device_id": "android-4820dd391b6d45c3",
              "source_type": "4"
            }
          ]
        }
      },
      "title": ""
    },
    {
      "uri": "media/stories/202111/258854647_624299608745180_3184719311465840443_nwebp_17986481416416061.jpg",
      "creation_timestamp": 1637442534,
      "media_metadata": {
        "photo_metadata": {
          "exif_data": [
            {
              "scene_capture_type": "standard",
              "software": "ginkgo-user 10 QKQ1.200114.002 V12.0.6.0.QCOMIXM release-keys",
              "device_id": "android-4820dd391b6d45c3",
              "date_time_original": "2021:11:20 22:04:00",
              "source_type": "4"
            }
          ]
        }
      },
      "title": "Quando \u00c3\u00a8 sabato sera...\n...sono le 22 e hai 30 anni"
    },
    {
      "uri": "media/stories/202111/258199545_586516972559665_4704493276907398916_nwebp_18105794863275098.jpg",
      "creation_timestamp": 1637328664,
      "media_metadata": {
        "photo_metadata": {
          "exif_data": [
            {
              "device_id": "android-4820dd391b6d45c3",
              "source_type": "4"
            }
          ]
        }
      },
      "title": ""
    },
    {
      "uri": "media/stories/202111/258110943_216335633910763_5135657083732856957_nwebp_18262506751028608.jpg",
      "creation_timestamp": 1637270952,
      "media_metadata": {
        "photo_metadata": {
          "exif_data": [
            {
              "device_id": "android-4820dd391b6d45c3",
              "source_type": "feed_reshare"
            }
          ]
        }
      },
      "title": ""
    },
    {
      "uri": "media/stories/202111/258196576_590377965627592_1451230253257685156_n_18268148245027615.mp4",
      "creation_timestamp": 1637263892,
      "media_metadata": {
        "video_metadata": {
          "exif_data": [
            {
              "device_id": "android-4820dd391b6d45c3",
              "date_time_original": "19040101T000000.000Z",
              "source_type": "feed_reshare"
            }
          ]
        }
      },
      "title": ""
    },
    {
      "uri": "media/stories/202111/294F16594AE7FFA35F731E46AA9677B9_transcode_output_dashinit_18013257385352351.mp4",
      "creation_timestamp": 1637185667,
      "media_metadata": {
        "video_metadata": {
          "exif_data": [
            {
              "device_id": "android-4820dd391b6d45c3",
              "date_time_original": "19040101T000000.000Z",
              "source_type": "feed_reshare"
            }
          ]
        }
      },
      "title": ""
    },
    {
      "uri": "media/stories/202111/256836476_753413026056832_5765073853123655361_n_18254935075067605.mp4",
      "creation_timestamp": 1637184144,
      "media_metadata": {
        "video_metadata": {
          "exif_data": [
            {
              "device_id": "android-4820dd391b6d45c3",
              "date_time_original": "19040101T000000.000Z",
              "source_type": "feed_reshare"
            }
          ]
        }
      },
      "title": ""
    },
    {
      "uri": "media/stories/202111/256713439_461100145431905_3409897026945798113_nwebp_17994946246384902.jpg",
      "creation_timestamp": 1636906521,
      "media_metadata": {
        "photo_metadata": {
          "exif_data": [
            {
              "device_id": "android-4820dd391b6d45c3",
              "source_type": "4"
            }
          ]
        }
      },
      "title": "Quando arriva il dolce, e ti chiamano per fare una foto...."
    },
    {
      "uri": "media/stories/202111/256419790_596559158133454_1591384462349639439_nwebp_17927769703790070.jpg",
      "creation_timestamp": 1636876353,
      "media_metadata": {
        "photo_metadata": {
          "exif_data": [
            {
              "scene_capture_type": "standard",
              "software": "ginkgo-user 10 QKQ1.200114.002 V12.0.6.0.QCOMIXM release-keys",
              "device_id": "android-4820dd391b6d45c3",
              "date_time_original": "2021:11:14 08:41:29",
              "source_type": "4"
            }
          ]
        }
      },
      "title": "...la consapevolezza di avere un PC rotto, e aspettare la consegna del nuovo da Amazon entro le 22 di oggi"
    },
    {
      "uri": "media/stories/202111/255867970_3074437246162197_5207010109391819317_nwebp_17904849323174563.jpg",
      "creation_timestamp": 1636876267,
      "media_metadata": {
        "photo_metadata": {
          "exif_data": [
            {
              "scene_capture_type": "standard",
              "software": "ginkgo-user 10 QKQ1.200114.002 V12.0.6.0.QCOMIXM release-keys",
              "device_id": "android-4820dd391b6d45c3",
              "date_time_original": "2021:11:14 08:41:26",
              "source_type": "4"
            }
          ]
        }
      },
      "title": "Il sorriso di chi luned\u00c3\u00ac inizia a lavorare, da remoto..."
    },
    {
      "uri": "media/stories/202111/248286058_928321881119529_6983323985068226305_n_17939781517663553.mp4",
      "creation_timestamp": 1636658515,
      "media_metadata": {
        "video_metadata": {
          "exif_data": [
            {
              "scene_capture_type": "standard",
              "software": "ginkgo-user 10 QKQ1.200114.002 V12.0.6.0.QCOMIXM release-keys",
              "device_id": "android-4820dd391b6d45c3",
              "date_time_original": "2021:11:11 20:18:50",
              "source_type": "4"
            }
          ]
        }
      },
      "title": "Gatto coccolone"
    },
    {
      "uri": "media/stories/202111/254886611_282440643758471_7915670719893786196_n_17965141180486704.mp4",
      "creation_timestamp": 1636275355,
      "media_metadata": {
        "video_metadata": {
          "exif_data": [
            {
              "device_id": "android-4820dd391b6d45c3",
              "date_time_original": "19040101T000000.000Z",
              "source_type": "feed_reshare"
            }
          ]
        }
      },
      "title": ""
    },
    {
      "uri": "media/stories/202111/254561816_4158511844276293_9148902352664697345_nwebp_18193295227132898.jpg",
      "creation_timestamp": 1636233460,
      "media_metadata": {
        "photo_metadata": {
          "exif_data": [
            {
              "device_id": "android-4820dd391b6d45c3",
              "source_type": "feed_reshare"
            }
          ]
        }
      },
      "title": ""
    },
    {
      "uri": "media/stories/202111/253101064_1128735110994259_8328070027199994205_n_17936118778692661.mp4",
      "creation_timestamp": 1636117474,
      "media_metadata": {
        "video_metadata": {
          "exif_data": [
            {
              "device_id": "android-4820dd391b6d45c3",
              "date_time_original": "19040101T000000.000Z",
              "source_type": "feed_reshare"
            }
          ]
        }
      },
      "title": ""
    },
    {
      "uri": "media/stories/202111/252142379_305537441164629_4312768791779979063_nwebp_17933283328753753.jpg",
      "creation_timestamp": 1636049301,
      "media_metadata": {
        "photo_metadata": {
          "exif_data": [
            {
              "device_id": "android-4820dd391b6d45c3",
              "source_type": "4"
            }
          ]
        }
      },
      "title": "Ma anche ai miei colleghi\ndi (dis)avventure\n@marco_de_rosso \n@sebushka_"
    },
    {
      "uri": "media/stories/202111/253078037_902975057258096_6332150792702479767_nwebp_17898715067369861.jpg",
      "creation_timestamp": 1636026797,
      "media_metadata": {
        "photo_metadata": {
          "exif_data": [
            {
              "scene_capture_type": "standard",
              "software": "ginkgo-user 10 QKQ1.200114.002 V12.0.6.0.QCOMIXM release-keys",
              "device_id": "android-4820dd391b6d45c3",
              "date_time_original": "2021:11:04 12:50:45",
              "source_type": "4"
            }
          ]
        }
      },
      "title": "Pasta col tonno \u00c3\u00a8 veloce,\nMa gli SPAGHETTI di soia lo sono ancor di pi\u00c3\u00b9"
    },
    {
      "uri": "media/stories/202111/253076559_1035412557256594_917425361837444561_n_18133145452245286.mp4",
      "creation_timestamp": 1636009048,
      "media_metadata": {
        "video_metadata": {
          "exif_data": [
            {
              "device_id": "android-4820dd391b6d45c3",
              "date_time_original": "19040101T000000.000Z",
              "source_type": "feed_reshare"
            }
          ]
        }
      },
      "title": ""
    },
    {
      "uri": "media/stories/202111/251600956_856710798360825_3877320097115174801_n_17895882965403800.mp4",
      "creation_timestamp": 1635972103,
      "media_metadata": {
        "video_metadata": {
          "exif_data": [
            {
              "device_id": "android-4820dd391b6d45c3",
              "source_type": "4"
            }
          ]
        }
      },
      "title": ""
    },
    {
      "uri": "media/stories/202111/249385917_664693344938814_6658598614255260748_n_17921235472961775.mp4",
      "creation_timestamp": 1635768894,
      "media_metadata": {
        "video_metadata": {
          "music_genre": "Classic Country Music, Country Music, Holiday Music",
          "exif_data": [
            {
              "scene_capture_type": "standard",
              "software": "ginkgo-user 10 QKQ1.200114.002 V12.0.6.0.QCOMIXM release-keys",
              "device_id": "android-4820dd391b6d45c3",
              "date_time_original": "2021:10:31 16:49:26",
              "source_type": "4"
            }
          ]
        }
      },
      "title": "Quando trovi l'albero perfetto per il tuo spirito natalizio"
    },
    {
      "uri": "media/stories/202110/250457078_304306044606499_4173657415443228567_nwebp_17920330912952906.jpg",
      "creation_timestamp": 1635685911,
      "media_metadata": {
        "photo_metadata": {
          "exif_data": [
            {
              "device_id": "android-4820dd391b6d45c3",
              "source_type": "feed_reshare"
            }
          ]
        }
      },
      "title": "Pi\u00c3\u00b9 ferragni della ferragni"
    },
    {
      "uri": "media/stories/202110/250247463_602804840828250_5466484207641595647_nwebp_17898778478267551.jpg",
      "creation_timestamp": 1635632217,
      "media_metadata": {
        "photo_metadata": {
          "exif_data": [
            {
              "scene_capture_type": "standard",
              "software": "ginkgo-user 10 QKQ1.200114.002 V12.0.6.0.QCOMIXM release-keys",
              "device_id": "android-4820dd391b6d45c3",
              "date_time_original": "2021:10:31 00:13:14",
              "source_type": "4"
            }
          ]
        }
      },
      "title": "Quando non ti\nVede per sole \n12 ore... #gattocozza"
    },
    {
      "uri": "media/stories/202110/250728070_417770266584466_7389790975062928526_nwebp_18258801238050762.jpg",
      "creation_timestamp": 1635507471,
      "media_metadata": {
        "photo_metadata": {
          "exif_data": [
            {
              "scene_capture_type": "standard",
              "software": "ginkgo-user 10 QKQ1.200114.002 V12.0.6.0.QCOMIXM release-keys",
              "device_id": "android-4820dd391b6d45c3",
              "date_time_original": "2021:10:28 16:18:43",
              "source_type": "4"
            }
          ]
        }
      },
      "title": "Mood attuale"
    },
    {
      "uri": "media/stories/202110/248704980_581760776408371_1940288221097985226_nwebp_17936450323729846.jpg",
      "creation_timestamp": 1635431366,
      "media_metadata": {
        "photo_metadata": {
          "exif_data": [
            {
              "latitude": 41.1125,
              "longitude": 16.8736
            },
            {
              "scene_capture_type": "standard",
              "software": "ginkgo-user 10 QKQ1.200114.002 V12.0.6.0.QCOMIXM release-keys",
              "device_id": "android-4820dd391b6d45c3",
              "date_time_original": "2021:10:28 16:06:17",
              "source_type": "4"
            }
          ]
        }
      },
      "title": ""
    },
    {
      "uri": "media/stories/202110/248688887_928054598117624_949162639390958299_n_18142183474213880.mp4",
      "creation_timestamp": 1635252858,
      "media_metadata": {
        "video_metadata": {
          "music_genre": "Urban Contemporary",
          "exif_data": [
            {
              "device_id": "android-4820dd391b6d45c3",
              "source_type": "4"
            }
          ]
        }
      },
      "title": ""
    },
    {
      "uri": "media/stories/202110/248916287_1021642225067496_2654233887103934158_n_17917173568923264.mp4",
      "creation_timestamp": 1635022462,
      "media_metadata": {
        "video_metadata": {
          "music_genre": "Pops & Nostalgia Music, Pop Music, Europop Music, 60's Pop-Rock Music",
          "exif_data": [
            {
              "device_id": "android-4820dd391b6d45c3",
              "date_time_original": "20211023T195916.000Z",
              "source_type": "4"
            }
          ]
        }
      },
      "title": ""
    },
    {
      "uri": "media/stories/202110/246722660_590095382234352_271864332927684864_n_17903097386160490.mp4",
      "creation_timestamp": 1635008534,
      "media_metadata": {
        "video_metadata": {
          "exif_data": [
            {
              "device_id": "android-4820dd391b6d45c3",
              "date_time_original": "19040101T000000.000Z",
              "source_type": "feed_reshare"
            }
          ]
        }
      },
      "title": ""
    },
    {
      "uri": "media/stories/202110/247414018_4380676688712471_7692272699214039138_n_18011888044352246.mp4",
      "creation_timestamp": 1634925825,
      "media_metadata": {
        "video_metadata": {
          "exif_data": [
            {
              "device_id": "android-4820dd391b6d45c3",
              "source_type": "4"
            }
          ]
        }
      },
      "title": ""
    },
    {
      "uri": "media/stories/202110/247721897_448479380171777_2810779943920490234_n_17946474295538011.mp4",
      "creation_timestamp": 1634763055,
      "media_metadata": {
        "video_metadata": {
          "exif_data": [
            {
              "device_id": "android-4820dd391b6d45c3",
              "source_type": "feed_reshare"
            }
          ]
        }
      },
      "title": ""
    },
    {
      "uri": "media/stories/202110/245627482_851222395538187_7865426794794060601_nwebp_17919117814978131.jpg",
      "creation_timestamp": 1634457094,
      "media_metadata": {
        "photo_metadata": {
          "exif_data": [
            {
              "scene_capture_type": "standard",
              "software": "ginkgo-user 10 QKQ1.200114.002 V12.0.6.0.QCOMIXM release-keys",
              "device_id": "android-4820dd391b6d45c3",
              "date_time_original": "2021:10:17 09:15:21",
              "source_type": "4"
            }
          ]
        }
      },
      "title": "Una bimba ...\n...con le occhiaie"
    },
    {
      "uri": "media/stories/202110/246239625_411025217293211_8935705126307993465_n_17930186224806738.mp4",
      "creation_timestamp": 1634409633,
      "media_metadata": {
        "video_metadata": {
          "exif_data": [
            {
              "device_id": "android-4820dd391b6d45c3",
              "date_time_original": "19040101T000000.000Z",
              "source_type": "feed_reshare"
            }
          ]
        }
      },
      "title": ""
    },
    {
      "uri": "media/stories/202110/245433465_4202991389829315_4860281724821600220_n_17945836633579584.mp4",
      "creation_timestamp": 1634393667,
      "media_metadata": {
        "video_metadata": {
          "exif_data": [
            {
              "device_id": "android-4820dd391b6d45c3",
              "date_time_original": "19040101T000000.000Z",
              "source_type": "feed_reshare"
            }
          ]
        }
      },
      "title": ""
    },
    {
      "uri": "media/stories/202110/245865089_569030721003033_7964217205880824142_n_18015246823337362.mp4",
      "creation_timestamp": 1634326693,
      "media_metadata": {
        "video_metadata": {
          "music_genre": "Early Rock & Roll Music, Vocal Jazz Music, Jazz Music, Pops & Nostalgia Music",
          "exif_data": [
            {
              "device_id": "android-4820dd391b6d45c3",
              "date_time_original": "20211015T193312.000Z",
              "source_type": "4"
            }
          ]
        }
      },
      "title": "La cioccolata calda perfetta"
    },
    {
      "uri": "media/stories/202110/245681036_296759088671285_2204171380889066633_n_17900653463189237.mp4",
      "creation_timestamp": 1634280178,
      "media_metadata": {
        "video_metadata": {
          "exif_data": [
            {
              "device_id": "android-4820dd391b6d45c3",
              "date_time_original": "19040101T000000.000Z",
              "source_type": "feed_reshare"
            }
          ]
        }
      },
      "title": ""
    },
    {
      "uri": "media/stories/202110/245507114_2023519124454280_2686074285805278917_n_17996240665360197.mp4",
      "creation_timestamp": 1634241905,
      "media_metadata": {
        "video_metadata": {
          "music_genre": "Urban Contemporary",
          "exif_data": [
            {
              "device_id": "android-4820dd391b6d45c3",
              "date_time_original": "20211014T200022.000Z",
              "source_type": "4"
            }
          ]
        }
      },
      "title": "Il capo..."
    },
    {
      "uri": "media/stories/202110/245005622_1530548480611689_4568155109064272744_n_17854466255641215.mp4",
      "creation_timestamp": 1633934290,
      "media_metadata": {
        "video_metadata": {
          "exif_data": [
            {
              "device_id": "android-4820dd391b6d45c3",
              "date_time_original": "19040101T000000.000Z",
              "source_type": "feed_reshare"
            }
          ]
        }
      },
      "title": ""
    },
    {
      "uri": "media/stories/202110/245231942_293093262392818_3875480574723258733_n_17911314791004116.mp4",
      "creation_timestamp": 1633884213,
      "media_metadata": {
        "video_metadata": {
          "exif_data": [
            {
              "device_id": "android-4820dd391b6d45c3",
              "date_time_original": "19040101T000000.000Z",
              "source_type": "feed_reshare"
            }
          ]
        }
      },
      "title": ""
    },
    {
      "uri": "media/stories/202110/244561233_1291609787958684_1474289435697217451_n_18107914129259699.mp4",
      "creation_timestamp": 1633876033,
      "media_metadata": {
        "video_metadata": {
          "music_genre": "Urban Contemporary, Hip Hop & Rap Music",
          "exif_data": [
            {
              "device_id": "android-4820dd391b6d45c3",
              "date_time_original": "20211010T140957.000Z",
              "source_type": "4"
            }
          ]
        }
      },
      "title": ""
    },
    {
      "uri": "media/stories/202110/7947CB727C4D42C512BB6E7CF01CA7AC_transcode_output_dashinit_17918724358963529.mp4",
      "creation_timestamp": 1633760326,
      "media_metadata": {
        "video_metadata": {
          "exif_data": [
            {
              "device_id": "android-4820dd391b6d45c3",
              "date_time_original": "20211009T061504.000Z",
              "source_type": "4"
            }
          ]
        }
      },
      "title": "Quando finalmente fai partire il js stronzo"
    },
    {
      "uri": "media/stories/202110/244708839_645618449757429_3420879724123696945_n_17910162368023121.mp4",
      "creation_timestamp": 1633625669,
      "media_metadata": {
        "video_metadata": {
          "exif_data": [
            {
              "device_id": "android-4820dd391b6d45c3",
              "date_time_original": "19040101T000000.000Z",
              "source_type": "feed_reshare"
            }
          ]
        }
      },
      "title": ""
    },
    {
      "uri": "media/stories/202110/244549330_159904719664889_8878087454507863592_nwebp_17948250037557894.jpg",
      "creation_timestamp": 1633537300,
      "media_metadata": {
        "photo_metadata": {
          "exif_data": [
            {
              "device_id": "android-4820dd391b6d45c3",
              "source_type": "4"
            }
          ]
        }
      },
      "title": "Grazie git <3"
    },
    {
      "uri": "media/stories/202109/243874176_1395965914151693_3258725191899680868_n_17932017571691859.mp4",
      "creation_timestamp": 1632982618,
      "media_metadata": {
        "video_metadata": {
          "exif_data": [
            {
              "device_id": "android-4820dd391b6d45c3",
              "date_time_original": "19040101T000000.000Z",
              "source_type": "feed_reshare"
            }
          ]
        }
      },
      "title": ""
    },
    {
      "uri": "media/stories/202109/242905025_889338815014711_7747554889899186152_n_18243139009066263.mp4",
      "creation_timestamp": 1632548243,
      "media_metadata": {
        "video_metadata": {
          "exif_data": [
            {
              "device_id": "android-4820dd391b6d45c3",
              "date_time_original": "19040101T000000.000Z",
              "source_type": "feed_reshare"
            }
          ]
        }
      },
      "title": "Un micione"
    },
    {
      "uri": "media/stories/202107/218726591_157340796379493_3377272713442718641_n_18002862199340087.jpg",
      "creation_timestamp": 1626608453,
      "media_metadata": {
        "photo_metadata": {
          "exif_data": [
            {
              "device_id": "android-4820dd391b6d45c3",
              "source_type": "4"
            }
          ]
        }
      },
      "title": "...come un fiore"
    },
    {
      "uri": "media/stories/202107/217849714_528697388436553_8417574938308145913_n_17874403655440760.jpg",
      "creation_timestamp": 1626608420,
      "media_metadata": {
        "photo_metadata": {
          "exif_data": [
            {
              "device_id": "android-4820dd391b6d45c3",
              "source_type": "4"
            }
          ]
        }
      },
      "title": "Sei bella..."
    },
    {
      "uri": "media/stories/202107/218653732_550400062808635_3244643942505892876_n_17960524612447213.mp4",
      "creation_timestamp": 1626290865,
      "media_metadata": {
        "video_metadata": {
          "exif_data": [
            {
              "device_id": "android-4820dd391b6d45c3",
              "date_time_original": "19040101T000000.000Z",
              "source_type": "feed_reshare"
            }
          ]
        }
      },
      "title": ""
    },
    {
      "uri": "media/stories/202106/203193456_319793066510252_1579629128837773909_n_17872570355412345.jpg",
      "creation_timestamp": 1624098333,
      "media_metadata": {
        "photo_metadata": {
          "exif_data": [
            {
              "device_id": "android-4820dd391b6d45c3",
              "source_type": "4"
            }
          ]
        }
      },
      "title": ""
    },
    {
      "uri": "media/stories/202106/200309907_815123309114896_8812508060591521876_n_18079519795272288.mp4",
      "creation_timestamp": 1623585518,
      "media_metadata": {
        "video_metadata": {
          "exif_data": [
            {
              "device_id": "android-4820dd391b6d45c3",
              "source_type": "feed_reshare"
            }
          ]
        }
      },
      "title": ""
    },
    {
      "uri": "media/stories/202106/197742803_4353667407977090_4439251529628885391_n_17922441325639436.jpg",
      "creation_timestamp": 1623046864,
      "media_metadata": {
        "photo_metadata": {
          "exif_data": [
            {
              "device_id": "android-4820dd391b6d45c3",
              "source_type": "feed_reshare"
            }
          ]
        }
      },
      "title": ""
    },
    {
      "uri": "media/stories/202105/193181335_247187180509294_1966083600406469015_n_17887739339228624.jpg",
      "creation_timestamp": 1622409116,
      "media_metadata": {
        "photo_metadata": {
          "exif_data": [
            {
              "device_id": "android-4820dd391b6d45c3",
              "source_type": "feed_reshare"
            }
          ]
        }
      },
      "title": ""
    },
    {
      "uri": "media/stories/202105/194582714_955189401976708_1823105776729547692_n_17884561199323622.jpg",
      "creation_timestamp": 1622409105,
      "media_metadata": {
        "photo_metadata": {
          "exif_data": [
            {
              "device_id": "android-4820dd391b6d45c3",
              "source_type": "feed_reshare"
            }
          ]
        }
      },
      "title": ""
    },
    {
      "uri": "media/stories/202105/193240729_904194130140251_6338068073223045572_n_17901252124985290.jpg",
      "creation_timestamp": 1622409092,
      "media_metadata": {
        "photo_metadata": {
          "exif_data": [
            {
              "device_id": "android-4820dd391b6d45c3",
              "source_type": "feed_reshare"
            }
          ]
        }
      },
      "title": ""
    },
    {
      "uri": "media/stories/202105/191433495_1045588412638984_4468349815792029361_n_18168271450121746.mp4",
      "creation_timestamp": 1621748871,
      "media_metadata": {
        "video_metadata": {
          "exif_data": [
            {
              "device_id": "android-4820dd391b6d45c3",
              "date_time_original": "20210523T054056.000Z",
              "source_type": "4"
            }
          ]
        }
      },
      "title": ""
    },
    {
      "uri": "media/stories/202105/188153025_139077051601822_4524304617184066573_n_18006706468322003.mp4",
      "creation_timestamp": 1621748870,
      "media_metadata": {
        "video_metadata": {
          "exif_data": [
            {
              "device_id": "android-4820dd391b6d45c3",
              "date_time_original": "20210523T054056.000Z",
              "source_type": "4"
            }
          ]
        }
      },
      "title": "Mare d'inverno...\nAh no...."
    },
    {
      "uri": "media/stories/202105/191188245_202462268379950_7125871832609089015_n_18232477207036935.mp4",
      "creation_timestamp": 1621719111,
      "media_metadata": {
        "video_metadata": {
          "exif_data": [
            {
              "device_id": "android-4820dd391b6d45c3",
              "date_time_original": "20210522T212651.000Z",
              "source_type": "4"
            }
          ]
        }
      },
      "title": ""
    },
    {
      "uri": "media/stories/202105/188650030_748379719170541_657859164428994581_n_17929666588567000.mp4",
      "creation_timestamp": 1621719110,
      "media_metadata": {
        "video_metadata": {
          "exif_data": [
            {
              "device_id": "android-4820dd391b6d45c3",
              "date_time_original": "20210522T212651.000Z",
              "source_type": "4"
            }
          ]
        }
      },
      "title": ""
    },
    {
      "uri": "media/stories/202104/173111568_267845318316199_5736477126981833052_n_17903790589848988.mp4",
      "creation_timestamp": 1618497604,
      "media_metadata": {
        "video_metadata": {
          "exif_data": [
            {
              "device_id": "android-4820dd391b6d45c3",
              "source_type": "feed_reshare"
            }
          ]
        }
      },
      "title": ""
    },
    {
      "uri": "media/stories/202104/172863680_1346478752394900_7577537702437494424_n_17881482920283658.jpg",
      "creation_timestamp": 1618321949,
      "media_metadata": {
        "photo_metadata": {
          "exif_data": [
            {
              "device_id": "android-4820dd391b6d45c3",
              "source_type": "feed_reshare"
            }
          ]
        }
      },
      "title": ""
    },
    {
      "uri": "media/stories/202104/169315404_3041650116079915_8163298129795203100_n_18102700417241542.jpg",
      "creation_timestamp": 1617737034,
      "media_metadata": {
        "photo_metadata": {
          "exif_data": [
            {
              "device_id": "android-4820dd391b6d45c3",
              "source_type": "feed_reshare"
            }
          ]
        }
      },
      "title": ""
    },
    {
      "uri": "media/stories/202104/167584453_237798961426965_5058668035184727095_n_17911181572726092.mp4",
      "creation_timestamp": 1617379866,
      "media_metadata": {
        "video_metadata": {
          "exif_data": [
            {
              "device_id": "android-4820dd391b6d45c3",
              "source_type": "feed_reshare"
            }
          ]
        }
      },
      "title": ""
    },
    {
      "uri": "media/stories/202103/165523684_859751201242112_169838023736200388_n_17883482774165974.mp4",
      "creation_timestamp": 1616935456,
      "media_metadata": {
        "video_metadata": {
          "exif_data": [
            {
              "device_id": "android-4820dd391b6d45c3",
              "source_type": "feed_reshare"
            }
          ]
        }
      },
      "title": ""
    },
    {
      "uri": "media/stories/202103/164707894_149351863736560_1404409397759695551_n_17872178123337549.jpg",
      "creation_timestamp": 1616764621,
      "media_metadata": {
        "photo_metadata": {
          "exif_data": [
            {
              "device_id": "android-4820dd391b6d45c3",
              "source_type": "feed_reshare"
            }
          ]
        }
      },
      "title": ""
    },
    {
      "uri": "media/stories/202103/162984093_477153523435622_2823049338233371153_n_17856022946513245.jpg",
      "creation_timestamp": 1616583089,
      "media_metadata": {
        "photo_metadata": {
          "exif_data": [
            {
              "device_id": "android-4820dd391b6d45c3",
              "source_type": "feed_reshare"
            }
          ]
        }
      },
      "title": ""
    },
    {
      "uri": "media/stories/202103/164500973_242714274201427_2548222886727089447_n_17845040759555439.mp4",
      "creation_timestamp": 1616537392,
      "media_metadata": {
        "video_metadata": {
          "exif_data": [
            {
              "device_id": "android-4820dd391b6d45c3",
              "camera_position": "back",
              "date_time_original": "20210323T220734.000Z",
              "source_type": "3"
            }
          ]
        }
      },
      "title": "@valeriolundini #style"
    },
    {
      "uri": "media/stories/202103/162200525_906323766810789_744595115848603802_n_18013039927305386.mp4",
      "creation_timestamp": 1616072072,
      "media_metadata": {
        "video_metadata": {
          "exif_data": [
            {
              "device_id": "android-4820dd391b6d45c3",
              "date_time_original": "19040101T000000.000Z",
              "source_type": "4"
            }
          ]
        }
      },
      "title": ""
    },
    {
      "uri": "media/stories/202103/161004794_252753416491525_8300789741556919870_n_17912199601635142.mp4",
      "creation_timestamp": 1616072071,
      "media_metadata": {
        "video_metadata": {
          "exif_data": [
            {
              "device_id": "android-4820dd391b6d45c3",
              "date_time_original": "19040101T000000.000Z",
              "source_type": "4"
            }
          ]
        }
      },
      "title": ""
    },
    {
      "uri": "media/stories/202103/159923913_172572854678517_3487987929328548583_n_17885662058088416.mp4",
      "creation_timestamp": 1616021248,
      "media_metadata": {
        "video_metadata": {
          "exif_data": [
            {
              "device_id": "android-4820dd391b6d45c3",
              "date_time_original": "19040101T000000.000Z",
              "source_type": "4"
            }
          ]
        }
      },
      "title": ""
    },
    {
      "uri": "media/stories/202103/160657368_448471156418707_7165121864115876504_n_18131124433199190.mp4",
      "creation_timestamp": 1615837456,
      "media_metadata": {
        "video_metadata": {
          "exif_data": [
            {
              "device_id": "android-4820dd391b6d45c3",
              "source_type": "feed_reshare"
            }
          ]
        }
      },
      "title": ""
    },
    {
      "uri": "media/stories/202103/160833941_263834925209079_8181239155762769128_n_17898139597870295.jpg",
      "creation_timestamp": 1615731849,
      "media_metadata": {
        "photo_metadata": {
          "exif_data": [
            {
              "device_id": "android-4820dd391b6d45c3",
              "source_type": "feed_reshare"
            }
          ]
        }
      },
      "title": ""
    },
    {
      "uri": "media/stories/202102/148836855_886845968563297_7290439087686646999_n_18100511782211087.jpg",
      "creation_timestamp": 1613082462,
      "media_metadata": {
        "photo_metadata": {
          "exif_data": [
            {
              "device_id": "android-4820dd391b6d45c3",
              "source_type": "feed_reshare"
            }
          ]
        }
      },
      "title": ""
    },
    {
      "uri": "media/stories/202101/138249666_451424445990621_8648550312788119331_n_18188299141002927.jpg",
      "creation_timestamp": 1610648939,
      "title": ""
    },
    {
      "uri": "media/stories/202101/A4477EA13EFF49B94DCA4A8147689BA2_transcode_output_dashinit_17894984485765549.mp4",
      "creation_timestamp": 1610475198,
      "title": "E anche oggi facciamo schifo"
    },
    {
      "uri": "media/stories/202101/fO2RaHGBJkYXNoX2Jhc2VsaW5lXzFfdjERAHXoBwA_17892917317770314",
      "creation_timestamp": 1609590827,
      "title": ""
    },
    {
      "uri": "media/stories/202101/135299031_400729371259788_835805513802149102_n_17883669616899659.jpg",
      "creation_timestamp": 1609544191,
      "title": ""
    },
    {
      "uri": "media/stories/202012/684584EB6717F04299EC0754B2B83497_transcode_output_dashinit_17882670196917061.mp4",
      "creation_timestamp": 1609084815,
      "title": "E castagnelle siano"
    },
    {
      "uri": "media/stories/202012/464D39A0A4DA0A1DAC785C2F1F99C2B8_transcode_output_dashinit_17854164869423159.mp4",
      "creation_timestamp": 1609030046,
      "title": ""
    },
    {
      "uri": "media/stories/202012/132881842_728343274467069_3058245800247506202_n_17939425564429635.jpg",
      "creation_timestamp": 1609007881,
      "title": ""
    },
    {
      "uri": "media/stories/202012/XzEAVAigCQzMsF0AuAAAAAAAAGBJkYXNoX2Jhc2VsaW5lXzFfdjERAHXoBwA_17879048459026247",
      "creation_timestamp": 1608998889,
      "media_metadata": {
        "video_metadata": {
          "music_genre": "Urban Contemporary",
          "exif_data": [
            
          ]
        }
      },
      "title": ""
    },
    {
      "uri": "media/stories/202012/vEtz8VAigCQzMsF0AN3S8an753GBJkYXNoX2Jhc2VsaW5lXzFfdjERAHXoBwA_18165775414073778",
      "creation_timestamp": 1608720038,
      "media_metadata": {
        "video_metadata": {
          "music_genre": "Alternative & Punk Music, Europop Music, Indie Rock Music, Dance & Club",
          "exif_data": [
            
          ]
        }
      },
      "title": ""
    }
  ]
}