{
  "policy_updates_and_permissions_notification_of_privacy_policy_updates": [
    {
      "string_map_data": {
        "Impression Time": {
          "value": "Aug 31, 2023 10:50:24am"
        },
        "Consent Status": {
          "value": "DEFAULT_NOT_SEEN"
        }
      }
    },
    {
      "string_map_data": {
        "Impression Time": {
          "value": "May 18, 2023 01:36:18am"
        },
        "Consent Status": {
          "value": "DEFAULT_NOT_SEEN"
        }
      }
    }
  ]
}