{
  "relationships_feed_favorites": [
    {
      "title": "",
      "media_list_data": [
        
      ],
      "string_list_data": [
        {
          "href": "https://www.instagram.com/atlantideep",
          "value": "atlantideep",
          "timestamp": 1667390423
        }
      ]
    },
    {
      "title": "",
      "media_list_data": [
        
      ],
      "string_list_data": [
        {
          "href": "https://www.instagram.com/dario_moccia",
          "value": "dario_moccia",
          "timestamp": 1667390423
        }
      ]
    },
    {
      "title": "",
      "media_list_data": [
        
      ],
      "string_list_data": [
        {
          "href": "https://www.instagram.com/mariapi92",
          "value": "mariapi92",
          "timestamp": 1667390423
        }
      ]
    }
  ]
}