{
  "relationships_following": [
    {
      "title": "",
      "media_list_data": [
        
      ],
      "string_list_data": [
        {
          "href": "https://www.instagram.com/crystal_solutions_xchange",
          "value": "crystal_solutions_xchange",
          "timestamp": 1719742337
        }
      ]
    },
    {
      "title": "",
      "media_list_data": [
        
      ],
      "string_list_data": [
        {
          "href": "https://www.instagram.com/mr.qwriko8",
          "value": "mr.qwriko8",
          "timestamp": 1719336648
        }
      ]
    },
    {
      "title": "",
      "media_list_data": [
        
      ],
      "string_list_data": [
        {
          "href": "https://www.instagram.com/london.powerwash",
          "value": "london.powerwash",
          "timestamp": 1719268402
        }
      ]
    },
    {
      "title": "",
      "media_list_data": [
        
      ],
      "string_list_data": [
        {
          "href": "https://www.instagram.com/tanya",
          "value": "tanya",
          "timestamp": 1719115585
        }
      ]
    },
    {
      "title": "",
      "media_list_data": [
        
      ],
      "string_list_data": [
        {
          "href": "https://www.instagram.com/du.toscani",
          "value": "du.toscani",
          "timestamp": 1718883711
        }
      ]
    },
    {
      "title": "",
      "media_list_data": [
        
      ],
      "string_list_data": [
        {
          "href": "https://www.instagram.com/dr.elegantia",
          "value": "dr.elegantia",
          "timestamp": 1718820763
        }
      ]
    },
    {
      "title": "",
      "media_list_data": [
        
      ],
      "string_list_data": [
        {
          "href": "https://www.instagram.com/svevafischetti",
          "value": "svevafischetti",
          "timestamp": 1718691169
        }
      ]
    },
    {
      "title": "",
      "media_list_data": [
        
      ],
      "string_list_data": [
        {
          "href": "https://www.instagram.com/elonmusks.memepage",
          "value": "elonmusks.memepage",
          "timestamp": 1718574108
        }
      ]
    },
    {
      "title": "",
      "media_list_data": [
        
      ],
      "string_list_data": [
        {
          "href": "https://www.instagram.com/darkfantasy0921",
          "value": "darkfantasy0921",
          "timestamp": 1718573666
        }
      ]
    },
    {
      "title": "",
      "media_list_data": [
        
      ],
      "string_list_data": [
        {
          "href": "https://www.instagram.com/magnoemarcieloficial",
          "value": "magnoemarcieloficial",
          "timestamp": 1718554452
        }
      ]
    },
    {
      "title": "",
      "media_list_data": [
        
      ],
      "string_list_data": [
        {
          "href": "https://www.instagram.com/officialstickreviews",
          "value": "officialstickreviews",
          "timestamp": 1718143043
        }
      ]
    },
    {
      "title": "",
      "media_list_data": [
        
      ],
      "string_list_data": [
        {
          "href": "https://www.instagram.com/sandro_tommasi",
          "value": "sandro_tommasi",
          "timestamp": 1718104904
        }
      ]
    },
    {
      "title": "",
      "media_list_data": [
        
      ],
      "string_list_data": [
        {
          "href": "https://www.instagram.com/xiaopang174",
          "value": "xiaopang174",
          "timestamp": 1717831119
        }
      ]
    },
    {
      "title": "",
      "media_list_data": [
        
      ],
      "string_list_data": [
        {
          "href": "https://www.instagram.com/jonbreaksbadnews",
          "value": "jonbreaksbadnews",
          "timestamp": 1717310972
        }
      ]
    },
    {
      "title": "",
      "media_list_data": [
        
      ],
      "string_list_data": [
        {
          "href": "https://www.instagram.com/eventhorizon.mtg",
          "value": "eventhorizon.mtg",
          "timestamp": 1717067830
        }
      ]
    },
    {
      "title": "",
      "media_list_data": [
        
      ],
      "string_list_data": [
        {
          "href": "https://www.instagram.com/runcheerfulcharlie",
          "value": "runcheerfulcharlie",
          "timestamp": 1716898172
        }
      ]
    },
    {
      "title": "",
      "media_list_data": [
        
      ],
      "string_list_data": [
        {
          "href": "https://www.instagram.com/diddlysquat.farmshop",
          "value": "diddlysquat.farmshop",
          "timestamp": 1716898163
        }
      ]
    },
    {
      "title": "",
      "media_list_data": [
        
      ],
      "string_list_data": [
        {
          "href": "https://www.instagram.com/cooper_kaleb",
          "value": "cooper_kaleb",
          "timestamp": 1716898156
        }
      ]
    },
    {
      "title": "",
      "media_list_data": [
        
      ],
      "string_list_data": [
        {
          "href": "https://www.instagram.com/catholic_trash",
          "value": "catholic_trash",
          "timestamp": 1716635608
        }
      ]
    },
    {
      "title": "",
      "media_list_data": [
        
      ],
      "string_list_data": [
        {
          "href": "https://www.instagram.com/scrotonews24",
          "value": "scrotonews24",
          "timestamp": 1716370003
        }
      ]
    },
    {
      "title": "",
      "media_list_data": [
        
      ],
      "string_list_data": [
        {
          "href": "https://www.instagram.com/wip.si",
          "value": "wip.si",
          "timestamp": 1716281281
        }
      ]
    },
    {
      "title": "",
      "media_list_data": [
        
      ],
      "string_list_data": [
        {
          "href": "https://www.instagram.com/jeremyclarkson1",
          "value": "jeremyclarkson1",
          "timestamp": 1716281262
        }
      ]
    },
    {
      "title": "",
      "media_list_data": [
        
      ],
      "string_list_data": [
        {
          "href": "https://www.instagram.com/whitewhalecafe",
          "value": "whitewhalecafe",
          "timestamp": 1716273520
        }
      ]
    },
    {
      "title": "",
      "media_list_data": [
        
      ],
      "string_list_data": [
        {
          "href": "https://www.instagram.com/letsgetquinntimate",
          "value": "letsgetquinntimate",
          "timestamp": 1716102795
        }
      ]
    },
    {
      "title": "",
      "media_list_data": [
        
      ],
      "string_list_data": [
        {
          "href": "https://www.instagram.com/sashagrey",
          "value": "sashagrey",
          "timestamp": 1716033783
        }
      ]
    },
    {
      "title": "",
      "media_list_data": [
        
      ],
      "string_list_data": [
        {
          "href": "https://www.instagram.com/victoriaporozova",
          "value": "victoriaporozova",
          "timestamp": 1715928979
        }
      ]
    },
    {
      "title": "",
      "media_list_data": [
        
      ],
      "string_list_data": [
        {
          "href": "https://www.instagram.com/daily.innovation.news",
          "value": "daily.innovation.news",
          "timestamp": 1715810514
        }
      ]
    },
    {
      "title": "",
      "media_list_data": [
        
      ],
      "string_list_data": [
        {
          "href": "https://www.instagram.com/spacegenerationx",
          "value": "spacegenerationx",
          "timestamp": 1715770319
        }
      ]
    },
    {
      "title": "",
      "media_list_data": [
        
      ],
      "string_list_data": [
        {
          "href": "https://www.instagram.com/palle.sudatissime",
          "value": "palle.sudatissime",
          "timestamp": 1715760069
        }
      ]
    },
    {
      "title": "",
      "media_list_data": [
        
      ],
      "string_list_data": [
        {
          "href": "https://www.instagram.com/gidano_isc",
          "value": "gidano_isc",
          "timestamp": 1715725654
        }
      ]
    },
    {
      "title": "",
      "media_list_data": [
        
      ],
      "string_list_data": [
        {
          "href": "https://www.instagram.com/lilmochidoll",
          "value": "lilmochidoll",
          "timestamp": 1715469370
        }
      ]
    },
    {
      "title": "",
      "media_list_data": [
        
      ],
      "string_list_data": [
        {
          "href": "https://www.instagram.com/la.jako",
          "value": "la.jako",
          "timestamp": 1715464155
        }
      ]
    },
    {
      "title": "",
      "media_list_data": [
        
      ],
      "string_list_data": [
        {
          "href": "https://www.instagram.com/sinistra_unita",
          "value": "sinistra_unita",
          "timestamp": 1715367705
        }
      ]
    },
    {
      "title": "",
      "media_list_data": [
        
      ],
      "string_list_data": [
        {
          "href": "https://www.instagram.com/diablitadiablita100",
          "value": "diablitadiablita100",
          "timestamp": 1715178305
        }
      ]
    },
    {
      "title": "",
      "media_list_data": [
        
      ],
      "string_list_data": [
        {
          "href": "https://www.instagram.com/francescocosta21",
          "value": "francescocosta21",
          "timestamp": 1715168077
        }
      ]
    },
    {
      "title": "",
      "media_list_data": [
        
      ],
      "string_list_data": [
        {
          "href": "https://www.instagram.com/ceciliasala",
          "value": "ceciliasala",
          "timestamp": 1715065166
        }
      ]
    },
    {
      "title": "",
      "media_list_data": [
        
      ],
      "string_list_data": [
        {
          "href": "https://www.instagram.com/kellyonbus",
          "value": "kellyonbus",
          "timestamp": 1714997779
        }
      ]
    },
    {
      "title": "",
      "media_list_data": [
        
      ],
      "string_list_data": [
        {
          "href": "https://www.instagram.com/tattoosbyanastasia",
          "value": "tattoosbyanastasia",
          "timestamp": 1714991767
        }
      ]
    },
    {
      "title": "",
      "media_list_data": [
        
      ],
      "string_list_data": [
        {
          "href": "https://www.instagram.com/aurumek",
          "value": "aurumek",
          "timestamp": 1714901787
        }
      ]
    },
    {
      "title": "",
      "media_list_data": [
        
      ],
      "string_list_data": [
        {
          "href": "https://www.instagram.com/sweetanitatwitch",
          "value": "sweetanitatwitch",
          "timestamp": 1714894990
        }
      ]
    },
    {
      "title": "",
      "media_list_data": [
        
      ],
      "string_list_data": [
        {
          "href": "https://www.instagram.com/immanuelcasto",
          "value": "immanuelcasto",
          "timestamp": 1714891081
        }
      ]
    },
    {
      "title": "",
      "media_list_data": [
        
      ],
      "string_list_data": [
        {
          "href": "https://www.instagram.com/akemy_room_cam4",
          "value": "akemy_room_cam4",
          "timestamp": 1714828221
        }
      ]
    },
    {
      "title": "",
      "media_list_data": [
        
      ],
      "string_list_data": [
        {
          "href": "https://www.instagram.com/azzykky",
          "value": "azzykky",
          "timestamp": 1714806372
        }
      ]
    },
    {
      "title": "",
      "media_list_data": [
        
      ],
      "string_list_data": [
        {
          "href": "https://www.instagram.com/relaxedmowing",
          "value": "relaxedmowing",
          "timestamp": 1714598071
        }
      ]
    },
    {
      "title": "",
      "media_list_data": [
        
      ],
      "string_list_data": [
        {
          "href": "https://www.instagram.com/allantheshearer",
          "value": "allantheshearer",
          "timestamp": 1714334730
        }
      ]
    },
    {
      "title": "",
      "media_list_data": [
        
      ],
      "string_list_data": [
        {
          "href": "https://www.instagram.com/lu.pa73",
          "value": "lu.pa73",
          "timestamp": 1714326831
        }
      ]
    },
    {
      "title": "",
      "media_list_data": [
        
      ],
      "string_list_data": [
        {
          "href": "https://www.instagram.com/giovannivigolo_fisioterapista",
          "value": "giovannivigolo_fisioterapista",
          "timestamp": 1714201327
        }
      ]
    },
    {
      "title": "",
      "media_list_data": [
        
      ],
      "string_list_data": [
        {
          "href": "https://www.instagram.com/luiza__mun",
          "value": "luiza__mun",
          "timestamp": 1713724295
        }
      ]
    },
    {
      "title": "",
      "media_list_data": [
        
      ],
      "string_list_data": [
        {
          "href": "https://www.instagram.com/ella_purnell",
          "value": "ella_purnell",
          "timestamp": 1713596255
        }
      ]
    },
    {
      "title": "",
      "media_list_data": [
        
      ],
      "string_list_data": [
        {
          "href": "https://www.instagram.com/ardacraft",
          "value": "ardacraft",
          "timestamp": 1713509193
        }
      ]
    },
    {
      "title": "",
      "media_list_data": [
        
      ],
      "string_list_data": [
        {
          "href": "https://www.instagram.com/kasumi_sen",
          "value": "kasumi_sen",
          "timestamp": 1713422288
        }
      ]
    },
    {
      "title": "",
      "media_list_data": [
        
      ],
      "string_list_data": [
        {
          "href": "https://www.instagram.com/valentinacortesewp",
          "value": "valentinacortesewp",
          "timestamp": 1713303461
        }
      ]
    },
    {
      "title": "",
      "media_list_data": [
        
      ],
      "string_list_data": [
        {
          "href": "https://www.instagram.com/splishbie",
          "value": "splishbie",
          "timestamp": 1712989934
        }
      ]
    },
    {
      "title": "",
      "media_list_data": [
        
      ],
      "string_list_data": [
        {
          "href": "https://www.instagram.com/timxlee",
          "value": "timxlee",
          "timestamp": 1712929416
        }
      ]
    },
    {
      "title": "",
      "media_list_data": [
        
      ],
      "string_list_data": [
        {
          "href": "https://www.instagram.com/carynandconnie",
          "value": "carynandconnie",
          "timestamp": 1712688812
        }
      ]
    },
    {
      "title": "",
      "media_list_data": [
        
      ],
      "string_list_data": [
        {
          "href": "https://www.instagram.com/clessio_lab",
          "value": "clessio_lab",
          "timestamp": 1712613108
        }
      ]
    },
    {
      "title": "",
      "media_list_data": [
        
      ],
      "string_list_data": [
        {
          "href": "https://www.instagram.com/cool_lookin_bug",
          "value": "cool_lookin_bug",
          "timestamp": 1712478484
        }
      ]
    },
    {
      "title": "",
      "media_list_data": [
        
      ],
      "string_list_data": [
        {
          "href": "https://www.instagram.com/regno_esotico",
          "value": "regno_esotico",
          "timestamp": 1712389317
        }
      ]
    },
    {
      "title": "",
      "media_list_data": [
        
      ],
      "string_list_data": [
        {
          "href": "https://www.instagram.com/gialappasbandofficial",
          "value": "gialappasbandofficial",
          "timestamp": 1712387037
        }
      ]
    },
    {
      "title": "",
      "media_list_data": [
        
      ],
      "string_list_data": [
        {
          "href": "https://www.instagram.com/realsushipotato",
          "value": "realsushipotato",
          "timestamp": 1712354747
        }
      ]
    },
    {
      "title": "",
      "media_list_data": [
        
      ],
      "string_list_data": [
        {
          "href": "https://www.instagram.com/_bigalfred_",
          "value": "_bigalfred_",
          "timestamp": 1712354110
        }
      ]
    },
    {
      "title": "",
      "media_list_data": [
        
      ],
      "string_list_data": [
        {
          "href": "https://www.instagram.com/andrea___silvi",
          "value": "andrea___silvi",
          "timestamp": 1712238586
        }
      ]
    },
    {
      "title": "",
      "media_list_data": [
        
      ],
      "string_list_data": [
        {
          "href": "https://www.instagram.com/becomedy_uk",
          "value": "becomedy_uk",
          "timestamp": 1712238528
        }
      ]
    },
    {
      "title": "",
      "media_list_data": [
        
      ],
      "string_list_data": [
        {
          "href": "https://www.instagram.com/dr.davidemichienziosteopata",
          "value": "dr.davidemichienziosteopata",
          "timestamp": 1712213327
        }
      ]
    },
    {
      "title": "",
      "media_list_data": [
        
      ],
      "string_list_data": [
        {
          "href": "https://www.instagram.com/arthurneto.1",
          "value": "arthurneto.1",
          "timestamp": 1712148755
        }
      ]
    },
    {
      "title": "",
      "media_list_data": [
        
      ],
      "string_list_data": [
        {
          "href": "https://www.instagram.com/tosky__op",
          "value": "tosky__op",
          "timestamp": 1712127038
        }
      ]
    },
    {
      "title": "",
      "media_list_data": [
        
      ],
      "string_list_data": [
        {
          "href": "https://www.instagram.com/bbcnews",
          "value": "bbcnews",
          "timestamp": 1711979797
        }
      ]
    },
    {
      "title": "",
      "media_list_data": [
        
      ],
      "string_list_data": [
        {
          "href": "https://www.instagram.com/harri_boi_",
          "value": "harri_boi_",
          "timestamp": 1711526946
        }
      ]
    },
    {
      "title": "",
      "media_list_data": [
        
      ],
      "string_list_data": [
        {
          "href": "https://www.instagram.com/amicodellepiante_",
          "value": "amicodellepiante_",
          "timestamp": 1711383658
        }
      ]
    },
    {
      "title": "",
      "media_list_data": [
        
      ],
      "string_list_data": [
        {
          "href": "https://www.instagram.com/jcookepaleo",
          "value": "jcookepaleo",
          "timestamp": 1711383594
        }
      ]
    },
    {
      "title": "",
      "media_list_data": [
        
      ],
      "string_list_data": [
        {
          "href": "https://www.instagram.com/dksinfradesigns",
          "value": "dksinfradesigns",
          "timestamp": 1711366391
        }
      ]
    },
    {
      "title": "",
      "media_list_data": [
        
      ],
      "string_list_data": [
        {
          "href": "https://www.instagram.com/thelatinteachermellarium",
          "value": "thelatinteachermellarium",
          "timestamp": 1711352773
        }
      ]
    },
    {
      "title": "",
      "media_list_data": [
        
      ],
      "string_list_data": [
        {
          "href": "https://www.instagram.com/chasseurdesons",
          "value": "chasseurdesons",
          "timestamp": 1711316928
        }
      ]
    },
    {
      "title": "",
      "media_list_data": [
        
      ],
      "string_list_data": [
        {
          "href": "https://www.instagram.com/activenglish_programs",
          "value": "activenglish_programs",
          "timestamp": 1711316613
        }
      ]
    },
    {
      "title": "",
      "media_list_data": [
        
      ],
      "string_list_data": [
        {
          "href": "https://www.instagram.com/classical_lebanon",
          "value": "classical_lebanon",
          "timestamp": 1711295025
        }
      ]
    },
    {
      "title": "",
      "media_list_data": [
        
      ],
      "string_list_data": [
        {
          "href": "https://www.instagram.com/pokebabble",
          "value": "pokebabble",
          "timestamp": 1711178402
        }
      ]
    },
    {
      "title": "",
      "media_list_data": [
        
      ],
      "string_list_data": [
        {
          "href": "https://www.instagram.com/dukedomofblockshire",
          "value": "dukedomofblockshire",
          "timestamp": 1710870113
        }
      ]
    },
    {
      "title": "",
      "media_list_data": [
        
      ],
      "string_list_data": [
        {
          "href": "https://www.instagram.com/artcraftblend",
          "value": "artcraftblend",
          "timestamp": 1710869979
        }
      ]
    },
    {
      "title": "",
      "media_list_data": [
        
      ],
      "string_list_data": [
        {
          "href": "https://www.instagram.com/doggodaiily",
          "value": "doggodaiily",
          "timestamp": 1710859491
        }
      ]
    },
    {
      "title": "",
      "media_list_data": [
        
      ],
      "string_list_data": [
        {
          "href": "https://www.instagram.com/allypisacane",
          "value": "allypisacane",
          "timestamp": 1710797127
        }
      ]
    },
    {
      "title": "",
      "media_list_data": [
        
      ],
      "string_list_data": [
        {
          "href": "https://www.instagram.com/travels_and_dragons",
          "value": "travels_and_dragons",
          "timestamp": 1710696949
        }
      ]
    },
    {
      "title": "",
      "media_list_data": [
        
      ],
      "string_list_data": [
        {
          "href": "https://www.instagram.com/screenthrill",
          "value": "screenthrill",
          "timestamp": 1710318098
        }
      ]
    },
    {
      "title": "",
      "media_list_data": [
        
      ],
      "string_list_data": [
        {
          "href": "https://www.instagram.com/onono.oimo",
          "value": "onono.oimo",
          "timestamp": 1710160084
        }
      ]
    },
    {
      "title": "",
      "media_list_data": [
        
      ],
      "string_list_data": [
        {
          "href": "https://www.instagram.com/checkpoint_daily",
          "value": "checkpoint_daily",
          "timestamp": 1710060606
        }
      ]
    },
    {
      "title": "",
      "media_list_data": [
        
      ],
      "string_list_data": [
        {
          "href": "https://www.instagram.com/freyaaspinall",
          "value": "freyaaspinall",
          "timestamp": 1710022241
        }
      ]
    },
    {
      "title": "",
      "media_list_data": [
        
      ],
      "string_list_data": [
        {
          "href": "https://www.instagram.com/chemisphere.in",
          "value": "chemisphere.in",
          "timestamp": 1709931925
        }
      ]
    },
    {
      "title": "",
      "media_list_data": [
        
      ],
      "string_list_data": [
        {
          "href": "https://www.instagram.com/fornosantacaterina",
          "value": "fornosantacaterina",
          "timestamp": 1709895643
        }
      ]
    },
    {
      "title": "",
      "media_list_data": [
        
      ],
      "string_list_data": [
        {
          "href": "https://www.instagram.com/updatingshow",
          "value": "updatingshow",
          "timestamp": 1709540109
        }
      ]
    },
    {
      "title": "",
      "media_list_data": [
        
      ],
      "string_list_data": [
        {
          "href": "https://www.instagram.com/babydevil.jpg",
          "value": "babydevil.jpg",
          "timestamp": 1709416922
        }
      ]
    },
    {
      "title": "",
      "media_list_data": [
        
      ],
      "string_list_data": [
        {
          "href": "https://www.instagram.com/andrea_falcioni_ddd",
          "value": "andrea_falcioni_ddd",
          "timestamp": 1708936219
        }
      ]
    },
    {
      "title": "",
      "media_list_data": [
        
      ],
      "string_list_data": [
        {
          "href": "https://www.instagram.com/beyondthebricktv",
          "value": "beyondthebricktv",
          "timestamp": 1708780169
        }
      ]
    },
    {
      "title": "",
      "media_list_data": [
        
      ],
      "string_list_data": [
        {
          "href": "https://www.instagram.com/kermydoesomegle",
          "value": "kermydoesomegle",
          "timestamp": 1708592165
        }
      ]
    },
    {
      "title": "",
      "media_list_data": [
        
      ],
      "string_list_data": [
        {
          "href": "https://www.instagram.com/subumanesimo",
          "value": "subumanesimo",
          "timestamp": 1708360564
        }
      ]
    },
    {
      "title": "",
      "media_list_data": [
        
      ],
      "string_list_data": [
        {
          "href": "https://www.instagram.com/adrianfartade",
          "value": "adrianfartade",
          "timestamp": 1708257898
        }
      ]
    },
    {
      "title": "",
      "media_list_data": [
        
      ],
      "string_list_data": [
        {
          "href": "https://www.instagram.com/mastertingus",
          "value": "mastertingus",
          "timestamp": 1708243557
        }
      ]
    },
    {
      "title": "",
      "media_list_data": [
        
      ],
      "string_list_data": [
        {
          "href": "https://www.instagram.com/kilmaruig",
          "value": "kilmaruig",
          "timestamp": 1708071760
        }
      ]
    },
    {
      "title": "",
      "media_list_data": [
        
      ],
      "string_list_data": [
        {
          "href": "https://www.instagram.com/latorredibabelela7",
          "value": "latorredibabelela7",
          "timestamp": 1707898642
        }
      ]
    },
    {
      "title": "",
      "media_list_data": [
        
      ],
      "string_list_data": [
        {
          "href": "https://www.instagram.com/fuckboyproblem.s",
          "value": "fuckboyproblem.s",
          "timestamp": 1707641943
        }
      ]
    },
    {
      "title": "",
      "media_list_data": [
        
      ],
      "string_list_data": [
        {
          "href": "https://www.instagram.com/mightofmerchants",
          "value": "mightofmerchants",
          "timestamp": 1707611108
        }
      ]
    },
    {
      "title": "",
      "media_list_data": [
        
      ],
      "string_list_data": [
        {
          "href": "https://www.instagram.com/retroscifiart",
          "value": "retroscifiart",
          "timestamp": 1707606931
        }
      ]
    },
    {
      "title": "",
      "media_list_data": [
        
      ],
      "string_list_data": [
        {
          "href": "https://www.instagram.com/entropyforlife",
          "value": "entropyforlife",
          "timestamp": 1707466402
        }
      ]
    },
    {
      "title": "",
      "media_list_data": [
        
      ],
      "string_list_data": [
        {
          "href": "https://www.instagram.com/fuseinatti",
          "value": "fuseinatti",
          "timestamp": 1707381820
        }
      ]
    },
    {
      "title": "",
      "media_list_data": [
        
      ],
      "string_list_data": [
        {
          "href": "https://www.instagram.com/frontierwargaming",
          "value": "frontierwargaming",
          "timestamp": 1707309498
        }
      ]
    },
    {
      "title": "",
      "media_list_data": [
        
      ],
      "string_list_data": [
        {
          "href": "https://www.instagram.com/sammorril",
          "value": "sammorril",
          "timestamp": 1707211915
        }
      ]
    },
    {
      "title": "",
      "media_list_data": [
        
      ],
      "string_list_data": [
        {
          "href": "https://www.instagram.com/mmplumber",
          "value": "mmplumber",
          "timestamp": 1707135429
        }
      ]
    },
    {
      "title": "",
      "media_list_data": [
        
      ],
      "string_list_data": [
        {
          "href": "https://www.instagram.com/forze_dell_ordine_che_indicano",
          "value": "forze_dell_ordine_che_indicano",
          "timestamp": 1706961435
        }
      ]
    },
    {
      "title": "",
      "media_list_data": [
        
      ],
      "string_list_data": [
        {
          "href": "https://www.instagram.com/teamaqua_officialprofile",
          "value": "teamaqua_officialprofile",
          "timestamp": 1706688574
        }
      ]
    },
    {
      "title": "",
      "media_list_data": [
        
      ],
      "string_list_data": [
        {
          "href": "https://www.instagram.com/louisckx",
          "value": "louisckx",
          "timestamp": 1706631861
        }
      ]
    },
    {
      "title": "",
      "media_list_data": [
        
      ],
      "string_list_data": [
        {
          "href": "https://www.instagram.com/mrcrabguy",
          "value": "mrcrabguy",
          "timestamp": 1706522587
        }
      ]
    },
    {
      "title": "",
      "media_list_data": [
        
      ],
      "string_list_data": [
        {
          "href": "https://www.instagram.com/ilbellettrista",
          "value": "ilbellettrista",
          "timestamp": 1706394858
        }
      ]
    },
    {
      "title": "",
      "media_list_data": [
        
      ],
      "string_list_data": [
        {
          "href": "https://www.instagram.com/sexwithalexa",
          "value": "sexwithalexa",
          "timestamp": 1706357825
        }
      ]
    },
    {
      "title": "",
      "media_list_data": [
        
      ],
      "string_list_data": [
        {
          "href": "https://www.instagram.com/football_flix__",
          "value": "football_flix__",
          "timestamp": 1706097538
        }
      ]
    },
    {
      "title": "",
      "media_list_data": [
        
      ],
      "string_list_data": [
        {
          "href": "https://www.instagram.com/charliecustard_builds",
          "value": "charliecustard_builds",
          "timestamp": 1705691667
        }
      ]
    },
    {
      "title": "",
      "media_list_data": [
        
      ],
      "string_list_data": [
        {
          "href": "https://www.instagram.com/kenken_photo",
          "value": "kenken_photo",
          "timestamp": 1705659993
        }
      ]
    },
    {
      "title": "",
      "media_list_data": [
        
      ],
      "string_list_data": [
        {
          "href": "https://www.instagram.com/lolita",
          "value": "lolita",
          "timestamp": 1705654128
        }
      ]
    },
    {
      "title": "",
      "media_list_data": [
        
      ],
      "string_list_data": [
        {
          "href": "https://www.instagram.com/mr_linemans",
          "value": "mr_linemans",
          "timestamp": 1705617890
        }
      ]
    },
    {
      "title": "",
      "media_list_data": [
        
      ],
      "string_list_data": [
        {
          "href": "https://www.instagram.com/debora.striani",
          "value": "debora.striani",
          "timestamp": 1705578458
        }
      ]
    },
    {
      "title": "",
      "media_list_data": [
        
      ],
      "string_list_data": [
        {
          "href": "https://www.instagram.com/il_dena_",
          "value": "il_dena_",
          "timestamp": 1705492581
        }
      ]
    },
    {
      "title": "",
      "media_list_data": [
        
      ],
      "string_list_data": [
        {
          "href": "https://www.instagram.com/takuwoodcraft",
          "value": "takuwoodcraft",
          "timestamp": 1705319544
        }
      ]
    },
    {
      "title": "",
      "media_list_data": [
        
      ],
      "string_list_data": [
        {
          "href": "https://www.instagram.com/milkhouse6000",
          "value": "milkhouse6000",
          "timestamp": 1705235751
        }
      ]
    },
    {
      "title": "",
      "media_list_data": [
        
      ],
      "string_list_data": [
        {
          "href": "https://www.instagram.com/geopop",
          "value": "geopop",
          "timestamp": 1705222750
        }
      ]
    },
    {
      "title": "",
      "media_list_data": [
        
      ],
      "string_list_data": [
        {
          "href": "https://www.instagram.com/nos__ita",
          "value": "nos__ita",
          "timestamp": 1705148299
        }
      ]
    },
    {
      "title": "",
      "media_list_data": [
        
      ],
      "string_list_data": [
        {
          "href": "https://www.instagram.com/bismuth_123",
          "value": "bismuth_123",
          "timestamp": 1705064255
        }
      ]
    },
    {
      "title": "",
      "media_list_data": [
        
      ],
      "string_list_data": [
        {
          "href": "https://www.instagram.com/rbstudioarch",
          "value": "rbstudioarch",
          "timestamp": 1704724338
        }
      ]
    },
    {
      "title": "",
      "media_list_data": [
        
      ],
      "string_list_data": [
        {
          "href": "https://www.instagram.com/bloomfieldart_restoration",
          "value": "bloomfieldart_restoration",
          "timestamp": 1704278610
        }
      ]
    },
    {
      "title": "",
      "media_list_data": [
        
      ],
      "string_list_data": [
        {
          "href": "https://www.instagram.com/mysterious_galaxiess",
          "value": "mysterious_galaxiess",
          "timestamp": 1704269807
        }
      ]
    },
    {
      "title": "",
      "media_list_data": [
        
      ],
      "string_list_data": [
        {
          "href": "https://www.instagram.com/abbyboomofficial",
          "value": "abbyboomofficial",
          "timestamp": 1704062333
        }
      ]
    },
    {
      "title": "",
      "media_list_data": [
        
      ],
      "string_list_data": [
        {
          "href": "https://www.instagram.com/cosmos._rover",
          "value": "cosmos._rover",
          "timestamp": 1704028101
        }
      ]
    },
    {
      "title": "",
      "media_list_data": [
        
      ],
      "string_list_data": [
        {
          "href": "https://www.instagram.com/warriorsofmiddleearth",
          "value": "warriorsofmiddleearth",
          "timestamp": 1704009990
        }
      ]
    },
    {
      "title": "",
      "media_list_data": [
        
      ],
      "string_list_data": [
        {
          "href": "https://www.instagram.com/horologymania",
          "value": "horologymania",
          "timestamp": 1703800629
        }
      ]
    },
    {
      "title": "",
      "media_list_data": [
        
      ],
      "string_list_data": [
        {
          "href": "https://www.instagram.com/phwowngthaor",
          "value": "phwowngthaor",
          "timestamp": 1703506293
        }
      ]
    },
    {
      "title": "",
      "media_list_data": [
        
      ],
      "string_list_data": [
        {
          "href": "https://www.instagram.com/heaven",
          "value": "heaven",
          "timestamp": 1703289730
        }
      ]
    },
    {
      "title": "",
      "media_list_data": [
        
      ],
      "string_list_data": [
        {
          "href": "https://www.instagram.com/yourpastreality",
          "value": "yourpastreality",
          "timestamp": 1703289493
        }
      ]
    },
    {
      "title": "",
      "media_list_data": [
        
      ],
      "string_list_data": [
        {
          "href": "https://www.instagram.com/alan_stickman",
          "value": "alan_stickman",
          "timestamp": 1703289011
        }
      ]
    },
    {
      "title": "",
      "media_list_data": [
        
      ],
      "string_list_data": [
        {
          "href": "https://www.instagram.com/randyfeltface",
          "value": "randyfeltface",
          "timestamp": 1703025917
        }
      ]
    },
    {
      "title": "",
      "media_list_data": [
        
      ],
      "string_list_data": [
        {
          "href": "https://www.instagram.com/whitelandsrarebooks",
          "value": "whitelandsrarebooks",
          "timestamp": 1702981930
        }
      ]
    },
    {
      "title": "",
      "media_list_data": [
        
      ],
      "string_list_data": [
        {
          "href": "https://www.instagram.com/jordyn.worldx",
          "value": "jordyn.worldx",
          "timestamp": 1702803597
        }
      ]
    },
    {
      "title": "",
      "media_list_data": [
        
      ],
      "string_list_data": [
        {
          "href": "https://www.instagram.com/boysbeingboys",
          "value": "boysbeingboys",
          "timestamp": 1702540536
        }
      ]
    },
    {
      "title": "",
      "media_list_data": [
        
      ],
      "string_list_data": [
        {
          "href": "https://www.instagram.com/chiaramaiuripsicologa",
          "value": "chiaramaiuripsicologa",
          "timestamp": 1702501719
        }
      ]
    },
    {
      "title": "",
      "media_list_data": [
        
      ],
      "string_list_data": [
        {
          "href": "https://www.instagram.com/giovashow",
          "value": "giovashow",
          "timestamp": 1701817691
        }
      ]
    },
    {
      "title": "",
      "media_list_data": [
        
      ],
      "string_list_data": [
        {
          "href": "https://www.instagram.com/fabri_fibra",
          "value": "fabri_fibra",
          "timestamp": 1701811337
        }
      ]
    },
    {
      "title": "",
      "media_list_data": [
        
      ],
      "string_list_data": [
        {
          "href": "https://www.instagram.com/wd.detailing",
          "value": "wd.detailing",
          "timestamp": 1701687223
        }
      ]
    },
    {
      "title": "",
      "media_list_data": [
        
      ],
      "string_list_data": [
        {
          "href": "https://www.instagram.com/liminal.bot",
          "value": "liminal.bot",
          "timestamp": 1701514405
        }
      ]
    },
    {
      "title": "",
      "media_list_data": [
        
      ],
      "string_list_data": [
        {
          "href": "https://www.instagram.com/spookymoments",
          "value": "spookymoments",
          "timestamp": 1700984680
        }
      ]
    },
    {
      "title": "",
      "media_list_data": [
        
      ],
      "string_list_data": [
        {
          "href": "https://www.instagram.com/everyslice_",
          "value": "everyslice_",
          "timestamp": 1700954894
        }
      ]
    },
    {
      "title": "",
      "media_list_data": [
        
      ],
      "string_list_data": [
        {
          "href": "https://www.instagram.com/archeoplastica",
          "value": "archeoplastica",
          "timestamp": 1700869284
        }
      ]
    },
    {
      "title": "",
      "media_list_data": [
        
      ],
      "string_list_data": [
        {
          "href": "https://www.instagram.com/liberioltre",
          "value": "liberioltre",
          "timestamp": 1700725961
        }
      ]
    },
    {
      "title": "",
      "media_list_data": [
        
      ],
      "string_list_data": [
        {
          "href": "https://www.instagram.com/shahak",
          "value": "shahak",
          "timestamp": 1700208682
        }
      ]
    },
    {
      "title": "",
      "media_list_data": [
        
      ],
      "string_list_data": [
        {
          "href": "https://www.instagram.com/mippy34",
          "value": "mippy34",
          "timestamp": 1700208189
        }
      ]
    },
    {
      "title": "",
      "media_list_data": [
        
      ],
      "string_list_data": [
        {
          "href": "https://www.instagram.com/histoireduneflamme",
          "value": "histoireduneflamme",
          "timestamp": 1700088061
        }
      ]
    },
    {
      "title": "",
      "media_list_data": [
        
      ],
      "string_list_data": [
        {
          "href": "https://www.instagram.com/elite_games_simulator",
          "value": "elite_games_simulator",
          "timestamp": 1699790801
        }
      ]
    },
    {
      "title": "",
      "media_list_data": [
        
      ],
      "string_list_data": [
        {
          "href": "https://www.instagram.com/lyle4ever",
          "value": "lyle4ever",
          "timestamp": 1699602364
        }
      ]
    },
    {
      "title": "",
      "media_list_data": [
        
      ],
      "string_list_data": [
        {
          "href": "https://www.instagram.com/jokeswithmark",
          "value": "jokeswithmark",
          "timestamp": 1699256948
        }
      ]
    },
    {
      "title": "",
      "media_list_data": [
        
      ],
      "string_list_data": [
        {
          "href": "https://www.instagram.com/googlefordevs",
          "value": "googlefordevs",
          "timestamp": 1699184043
        }
      ]
    },
    {
      "title": "",
      "media_list_data": [
        
      ],
      "string_list_data": [
        {
          "href": "https://www.instagram.com/iamkangeon",
          "value": "iamkangeon",
          "timestamp": 1699170271
        }
      ]
    },
    {
      "title": "",
      "media_list_data": [
        
      ],
      "string_list_data": [
        {
          "href": "https://www.instagram.com/jarcuri",
          "value": "jarcuri",
          "timestamp": 1698999415
        }
      ]
    },
    {
      "title": "",
      "media_list_data": [
        
      ],
      "string_list_data": [
        {
          "href": "https://www.instagram.com/quello_che_doppia",
          "value": "quello_che_doppia",
          "timestamp": 1698843634
        }
      ]
    },
    {
      "title": "",
      "media_list_data": [
        
      ],
      "string_list_data": [
        {
          "href": "https://www.instagram.com/pbmacro",
          "value": "pbmacro",
          "timestamp": 1698823048
        }
      ]
    },
    {
      "title": "",
      "media_list_data": [
        
      ],
      "string_list_data": [
        {
          "href": "https://www.instagram.com/carokowanzenglish",
          "value": "carokowanzenglish",
          "timestamp": 1698740581
        }
      ]
    },
    {
      "title": "",
      "media_list_data": [
        
      ],
      "string_list_data": [
        {
          "href": "https://www.instagram.com/improveyourenglishwithevelyn",
          "value": "improveyourenglishwithevelyn",
          "timestamp": 1698740133
        }
      ]
    },
    {
      "title": "",
      "media_list_data": [
        
      ],
      "string_list_data": [
        {
          "href": "https://www.instagram.com/miniminuteman",
          "value": "miniminuteman",
          "timestamp": 1698392824
        }
      ]
    },
    {
      "title": "",
      "media_list_data": [
        
      ],
      "string_list_data": [
        {
          "href": "https://www.instagram.com/fascinating.fractals",
          "value": "fascinating.fractals",
          "timestamp": 1698044796
        }
      ]
    },
    {
      "title": "",
      "media_list_data": [
        
      ],
      "string_list_data": [
        {
          "href": "https://www.instagram.com/teo_the_teach",
          "value": "teo_the_teach",
          "timestamp": 1696716323
        }
      ]
    },
    {
      "title": "",
      "media_list_data": [
        
      ],
      "string_list_data": [
        {
          "href": "https://www.instagram.com/studioflimpo",
          "value": "studioflimpo",
          "timestamp": 1696403722
        }
      ]
    },
    {
      "title": "",
      "media_list_data": [
        
      ],
      "string_list_data": [
        {
          "href": "https://www.instagram.com/maythesciencebewithyou",
          "value": "maythesciencebewithyou",
          "timestamp": 1696143168
        }
      ]
    },
    {
      "title": "",
      "media_list_data": [
        
      ],
      "string_list_data": [
        {
          "href": "https://www.instagram.com/cards_library",
          "value": "cards_library",
          "timestamp": 1696077409
        }
      ]
    },
    {
      "title": "",
      "media_list_data": [
        
      ],
      "string_list_data": [
        {
          "href": "https://www.instagram.com/mikeleerose",
          "value": "mikeleerose",
          "timestamp": 1695814055
        }
      ]
    },
    {
      "title": "",
      "media_list_data": [
        
      ],
      "string_list_data": [
        {
          "href": "https://www.instagram.com/mrstevenmoore",
          "value": "mrstevenmoore",
          "timestamp": 1695680445
        }
      ]
    },
    {
      "title": "",
      "media_list_data": [
        
      ],
      "string_list_data": [
        {
          "href": "https://www.instagram.com/thewaltonadventure",
          "value": "thewaltonadventure",
          "timestamp": 1695680227
        }
      ]
    },
    {
      "title": "",
      "media_list_data": [
        
      ],
      "string_list_data": [
        {
          "href": "https://www.instagram.com/rex_papi",
          "value": "rex_papi",
          "timestamp": 1695187355
        }
      ]
    },
    {
      "title": "",
      "media_list_data": [
        
      ],
      "string_list_data": [
        {
          "href": "https://www.instagram.com/thatwasepic",
          "value": "thatwasepic",
          "timestamp": 1695109656
        }
      ]
    },
    {
      "title": "",
      "media_list_data": [
        
      ],
      "string_list_data": [
        {
          "href": "https://www.instagram.com/ww2wayfinder",
          "value": "ww2wayfinder",
          "timestamp": 1695059073
        }
      ]
    },
    {
      "title": "",
      "media_list_data": [
        
      ],
      "string_list_data": [
        {
          "href": "https://www.instagram.com/fultonleemusic",
          "value": "fultonleemusic",
          "timestamp": 1695058897
        }
      ]
    },
    {
      "title": "",
      "media_list_data": [
        
      ],
      "string_list_data": [
        {
          "href": "https://www.instagram.com/weare.stoa",
          "value": "weare.stoa",
          "timestamp": 1695058817
        }
      ]
    },
    {
      "title": "",
      "media_list_data": [
        
      ],
      "string_list_data": [
        {
          "href": "https://www.instagram.com/italy_isnt_real",
          "value": "italy_isnt_real",
          "timestamp": 1694971711
        }
      ]
    },
    {
      "title": "",
      "media_list_data": [
        
      ],
      "string_list_data": [
        {
          "href": "https://www.instagram.com/python_is_trash",
          "value": "python_is_trash",
          "timestamp": 1694963928
        }
      ]
    },
    {
      "title": "",
      "media_list_data": [
        
      ],
      "string_list_data": [
        {
          "href": "https://www.instagram.com/yorkshire.fossils",
          "value": "yorkshire.fossils",
          "timestamp": 1694199286
        }
      ]
    },
    {
      "title": "",
      "media_list_data": [
        
      ],
      "string_list_data": [
        {
          "href": "https://www.instagram.com/amedeobalbi",
          "value": "amedeobalbi",
          "timestamp": 1694068138
        }
      ]
    },
    {
      "title": "",
      "media_list_data": [
        
      ],
      "string_list_data": [
        {
          "href": "https://www.instagram.com/brutbuilds",
          "value": "brutbuilds",
          "timestamp": 1694020671
        }
      ]
    },
    {
      "title": "",
      "media_list_data": [
        
      ],
      "string_list_data": [
        {
          "href": "https://www.instagram.com/yokogao.mag",
          "value": "yokogao.mag",
          "timestamp": 1693975708
        }
      ]
    },
    {
      "title": "",
      "media_list_data": [
        
      ],
      "string_list_data": [
        {
          "href": "https://www.instagram.com/jayfujiwara",
          "value": "jayfujiwara",
          "timestamp": 1693808730
        }
      ]
    },
    {
      "title": "",
      "media_list_data": [
        
      ],
      "string_list_data": [
        {
          "href": "https://www.instagram.com/gaillardremi",
          "value": "gaillardremi",
          "timestamp": 1693636414
        }
      ]
    },
    {
      "title": "",
      "media_list_data": [
        
      ],
      "string_list_data": [
        {
          "href": "https://www.instagram.com/historicalhomesofamerica",
          "value": "historicalhomesofamerica",
          "timestamp": 1693463408
        }
      ]
    },
    {
      "title": "",
      "media_list_data": [
        
      ],
      "string_list_data": [
        {
          "href": "https://www.instagram.com/cheapoldhouses",
          "value": "cheapoldhouses",
          "timestamp": 1693463400
        }
      ]
    },
    {
      "title": "",
      "media_list_data": [
        
      ],
      "string_list_data": [
        {
          "href": "https://www.instagram.com/joshadammeyers",
          "value": "joshadammeyers",
          "timestamp": 1693434032
        }
      ]
    },
    {
      "title": "",
      "media_list_data": [
        
      ],
      "string_list_data": [
        {
          "href": "https://www.instagram.com/centerofegyptology",
          "value": "centerofegyptology",
          "timestamp": 1693433891
        }
      ]
    },
    {
      "title": "",
      "media_list_data": [
        
      ],
      "string_list_data": [
        {
          "href": "https://www.instagram.com/dragoscomedy",
          "value": "dragoscomedy",
          "timestamp": 1693378478
        }
      ]
    },
    {
      "title": "",
      "media_list_data": [
        
      ],
      "string_list_data": [
        {
          "href": "https://www.instagram.com/insintesi_",
          "value": "insintesi_",
          "timestamp": 1693322452
        }
      ]
    },
    {
      "title": "",
      "media_list_data": [
        
      ],
      "string_list_data": [
        {
          "href": "https://www.instagram.com/cooking_with_kian",
          "value": "cooking_with_kian",
          "timestamp": 1693087803
        }
      ]
    },
    {
      "title": "",
      "media_list_data": [
        
      ],
      "string_list_data": [
        {
          "href": "https://www.instagram.com/sarah_keyworth",
          "value": "sarah_keyworth",
          "timestamp": 1693030806
        }
      ]
    },
    {
      "title": "",
      "media_list_data": [
        
      ],
      "string_list_data": [
        {
          "href": "https://www.instagram.com/hideo_kojima",
          "value": "hideo_kojima",
          "timestamp": 1692775283
        }
      ]
    },
    {
      "title": "",
      "media_list_data": [
        
      ],
      "string_list_data": [
        {
          "href": "https://www.instagram.com/getdownwithseanandmarley",
          "value": "getdownwithseanandmarley",
          "timestamp": 1692485677
        }
      ]
    },
    {
      "title": "",
      "media_list_data": [
        
      ],
      "string_list_data": [
        {
          "href": "https://www.instagram.com/comedydynamics",
          "value": "comedydynamics",
          "timestamp": 1692344400
        }
      ]
    },
    {
      "title": "",
      "media_list_data": [
        
      ],
      "string_list_data": [
        {
          "href": "https://www.instagram.com/jameslloydcole",
          "value": "jameslloydcole",
          "timestamp": 1691871759
        }
      ]
    },
    {
      "title": "",
      "media_list_data": [
        
      ],
      "string_list_data": [
        {
          "href": "https://www.instagram.com/jimmyzhangreels",
          "value": "jimmyzhangreels",
          "timestamp": 1691610850
        }
      ]
    },
    {
      "title": "",
      "media_list_data": [
        
      ],
      "string_list_data": [
        {
          "href": "https://www.instagram.com/bebop.genesis",
          "value": "bebop.genesis",
          "timestamp": 1691610144
        }
      ]
    },
    {
      "title": "",
      "media_list_data": [
        
      ],
      "string_list_data": [
        {
          "href": "https://www.instagram.com/spritzai",
          "value": "spritzai",
          "timestamp": 1691570236
        }
      ]
    },
    {
      "title": "",
      "media_list_data": [
        
      ],
      "string_list_data": [
        {
          "href": "https://www.instagram.com/japanhomequest",
          "value": "japanhomequest",
          "timestamp": 1691222493
        }
      ]
    },
    {
      "title": "",
      "media_list_data": [
        
      ],
      "string_list_data": [
        {
          "href": "https://www.instagram.com/acroevo",
          "value": "acroevo",
          "timestamp": 1690616969
        }
      ]
    },
    {
      "title": "",
      "media_list_data": [
        
      ],
      "string_list_data": [
        {
          "href": "https://www.instagram.com/_takasagomidori_",
          "value": "_takasagomidori_",
          "timestamp": 1690442596
        }
      ]
    },
    {
      "title": "",
      "media_list_data": [
        
      ],
      "string_list_data": [
        {
          "href": "https://www.instagram.com/3blue1brown",
          "value": "3blue1brown",
          "timestamp": 1690439052
        }
      ]
    },
    {
      "title": "",
      "media_list_data": [
        
      ],
      "string_list_data": [
        {
          "href": "https://www.instagram.com/plazadeaubrey",
          "value": "plazadeaubrey",
          "timestamp": 1690411359
        }
      ]
    },
    {
      "title": "",
      "media_list_data": [
        
      ],
      "string_list_data": [
        {
          "href": "https://www.instagram.com/sciencepill_",
          "value": "sciencepill_",
          "timestamp": 1690394487
        }
      ]
    },
    {
      "title": "",
      "media_list_data": [
        
      ],
      "string_list_data": [
        {
          "href": "https://www.instagram.com/datapizza",
          "value": "datapizza",
          "timestamp": 1690391372
        }
      ]
    },
    {
      "title": "",
      "media_list_data": [
        
      ],
      "string_list_data": [
        {
          "href": "https://www.instagram.com/oldemiso",
          "value": "oldemiso",
          "timestamp": 1690113914
        }
      ]
    },
    {
      "title": "",
      "media_list_data": [
        
      ],
      "string_list_data": [
        {
          "href": "https://www.instagram.com/giulia.pompili",
          "value": "giulia.pompili",
          "timestamp": 1689941355
        }
      ]
    },
    {
      "title": "",
      "media_list_data": [
        
      ],
      "string_list_data": [
        {
          "href": "https://www.instagram.com/baccaliegiayy",
          "value": "baccaliegiayy",
          "timestamp": 1689327572
        }
      ]
    },
    {
      "title": "",
      "media_list_data": [
        
      ],
      "string_list_data": [
        {
          "href": "https://www.instagram.com/sweeper3d",
          "value": "sweeper3d",
          "timestamp": 1688832180
        }
      ]
    },
    {
      "title": "",
      "media_list_data": [
        
      ],
      "string_list_data": [
        {
          "href": "https://www.instagram.com/torcha",
          "value": "torcha",
          "timestamp": 1688716808
        }
      ]
    },
    {
      "title": "",
      "media_list_data": [
        
      ],
      "string_list_data": [
        {
          "href": "https://www.instagram.com/lezionidifumetto.it",
          "value": "lezionidifumetto.it",
          "timestamp": 1688452235
        }
      ]
    },
    {
      "title": "",
      "media_list_data": [
        
      ],
      "string_list_data": [
        {
          "href": "https://www.instagram.com/troybond69",
          "value": "troybond69",
          "timestamp": 1688203197
        }
      ]
    },
    {
      "title": "",
      "media_list_data": [
        
      ],
      "string_list_data": [
        {
          "href": "https://www.instagram.com/madeyourdaybetter",
          "value": "madeyourdaybetter",
          "timestamp": 1687993774
        }
      ]
    },
    {
      "title": "",
      "media_list_data": [
        
      ],
      "string_list_data": [
        {
          "href": "https://www.instagram.com/roccotanica_official",
          "value": "roccotanica_official",
          "timestamp": 1687727631
        }
      ]
    },
    {
      "title": "",
      "media_list_data": [
        
      ],
      "string_list_data": [
        {
          "href": "https://www.instagram.com/husdyrarts",
          "value": "husdyrarts",
          "timestamp": 1687727378
        }
      ]
    },
    {
      "title": "",
      "media_list_data": [
        
      ],
      "string_list_data": [
        {
          "href": "https://www.instagram.com/todericoart",
          "value": "todericoart",
          "timestamp": 1687166301
        }
      ]
    },
    {
      "title": "",
      "media_list_data": [
        
      ],
      "string_list_data": [
        {
          "href": "https://www.instagram.com/delittodicagna",
          "value": "delittodicagna",
          "timestamp": 1687034563
        }
      ]
    },
    {
      "title": "",
      "media_list_data": [
        
      ],
      "string_list_data": [
        {
          "href": "https://www.instagram.com/_krisfits",
          "value": "_krisfits",
          "timestamp": 1687034524
        }
      ]
    },
    {
      "title": "",
      "media_list_data": [
        
      ],
      "string_list_data": [
        {
          "href": "https://www.instagram.com/gamergiurista",
          "value": "gamergiurista",
          "timestamp": 1686418242
        }
      ]
    },
    {
      "title": "",
      "media_list_data": [
        
      ],
      "string_list_data": [
        {
          "href": "https://www.instagram.com/cylecam.fpv",
          "value": "cylecam.fpv",
          "timestamp": 1686346665
        }
      ]
    },
    {
      "title": "",
      "media_list_data": [
        
      ],
      "string_list_data": [
        {
          "href": "https://www.instagram.com/botezlive",
          "value": "botezlive",
          "timestamp": 1686261723
        }
      ]
    },
    {
      "title": "",
      "media_list_data": [
        
      ],
      "string_list_data": [
        {
          "href": "https://www.instagram.com/no___extra",
          "value": "no___extra",
          "timestamp": 1686160177
        }
      ]
    },
    {
      "title": "",
      "media_list_data": [
        
      ],
      "string_list_data": [
        {
          "href": "https://www.instagram.com/avvocatoatomico",
          "value": "avvocatoatomico",
          "timestamp": 1685269892
        }
      ]
    },
    {
      "title": "",
      "media_list_data": [
        
      ],
      "string_list_data": [
        {
          "href": "https://www.instagram.com/psychologypeers",
          "value": "psychologypeers",
          "timestamp": 1684998985
        }
      ]
    },
    {
      "title": "",
      "media_list_data": [
        
      ],
      "string_list_data": [
        {
          "href": "https://www.instagram.com/selfinthecity",
          "value": "selfinthecity",
          "timestamp": 1684998975
        }
      ]
    },
    {
      "title": "",
      "media_list_data": [
        
      ],
      "string_list_data": [
        {
          "href": "https://www.instagram.com/tjpower",
          "value": "tjpower",
          "timestamp": 1684998969
        }
      ]
    },
    {
      "title": "",
      "media_list_data": [
        
      ],
      "string_list_data": [
        {
          "href": "https://www.instagram.com/jillianturecki",
          "value": "jillianturecki",
          "timestamp": 1684998945
        }
      ]
    },
    {
      "title": "",
      "media_list_data": [
        
      ],
      "string_list_data": [
        {
          "href": "https://www.instagram.com/hubermanlab",
          "value": "hubermanlab",
          "timestamp": 1684998921
        }
      ]
    },
    {
      "title": "",
      "media_list_data": [
        
      ],
      "string_list_data": [
        {
          "href": "https://www.instagram.com/lareginadellecinture",
          "value": "lareginadellecinture",
          "timestamp": 1684916904
        }
      ]
    },
    {
      "title": "",
      "media_list_data": [
        
      ],
      "string_list_data": [
        {
          "href": "https://www.instagram.com/waner_photography",
          "value": "waner_photography",
          "timestamp": 1684566480
        }
      ]
    },
    {
      "title": "",
      "media_list_data": [
        
      ],
      "string_list_data": [
        {
          "href": "https://www.instagram.com/maimai_yoga",
          "value": "maimai_yoga",
          "timestamp": 1684566038
        }
      ]
    },
    {
      "title": "",
      "media_list_data": [
        
      ],
      "string_list_data": [
        {
          "href": "https://www.instagram.com/bikeandraft",
          "value": "bikeandraft",
          "timestamp": 1684501710
        }
      ]
    },
    {
      "title": "",
      "media_list_data": [
        
      ],
      "string_list_data": [
        {
          "href": "https://www.instagram.com/maliniangelica",
          "value": "maliniangelica",
          "timestamp": 1684500475
        }
      ]
    },
    {
      "title": "",
      "media_list_data": [
        
      ],
      "string_list_data": [
        {
          "href": "https://www.instagram.com/officaledmundmcmillen",
          "value": "officaledmundmcmillen",
          "timestamp": 1683724261
        }
      ]
    },
    {
      "title": "",
      "media_list_data": [
        
      ],
      "string_list_data": [
        {
          "href": "https://www.instagram.com/gobluna",
          "value": "gobluna",
          "timestamp": 1681111429
        }
      ]
    },
    {
      "title": "",
      "media_list_data": [
        
      ],
      "string_list_data": [
        {
          "href": "https://www.instagram.com/smkey.design",
          "value": "smkey.design",
          "timestamp": 1680332731
        }
      ]
    },
    {
      "title": "",
      "media_list_data": [
        
      ],
      "string_list_data": [
        {
          "href": "https://www.instagram.com/smitchellarts",
          "value": "smitchellarts",
          "timestamp": 1679179775
        }
      ]
    },
    {
      "title": "",
      "media_list_data": [
        
      ],
      "string_list_data": [
        {
          "href": "https://www.instagram.com/thecomicsunseen",
          "value": "thecomicsunseen",
          "timestamp": 1679131131
        }
      ]
    },
    {
      "title": "",
      "media_list_data": [
        
      ],
      "string_list_data": [
        {
          "href": "https://www.instagram.com/cachemirepodcast",
          "value": "cachemirepodcast",
          "timestamp": 1678868975
        }
      ]
    },
    {
      "title": "",
      "media_list_data": [
        
      ],
      "string_list_data": [
        {
          "href": "https://www.instagram.com/studytme_",
          "value": "studytme_",
          "timestamp": 1677656321
        }
      ]
    },
    {
      "title": "",
      "media_list_data": [
        
      ],
      "string_list_data": [
        {
          "href": "https://www.instagram.com/buildgonuts",
          "value": "buildgonuts",
          "timestamp": 1677395518
        }
      ]
    },
    {
      "title": "",
      "media_list_data": [
        
      ],
      "string_list_data": [
        {
          "href": "https://www.instagram.com/comedydistrict",
          "value": "comedydistrict",
          "timestamp": 1677330758
        }
      ]
    },
    {
      "title": "",
      "media_list_data": [
        
      ],
      "string_list_data": [
        {
          "href": "https://www.instagram.com/andrewschulz",
          "value": "andrewschulz",
          "timestamp": 1677313678
        }
      ]
    },
    {
      "title": "",
      "media_list_data": [
        
      ],
      "string_list_data": [
        {
          "href": "https://www.instagram.com/_thebissholes_",
          "value": "_thebissholes_",
          "timestamp": 1676903722
        }
      ]
    },
    {
      "title": "",
      "media_list_data": [
        
      ],
      "string_list_data": [
        {
          "href": "https://www.instagram.com/mr.kitters.the.cat",
          "value": "mr.kitters.the.cat",
          "timestamp": 1676754390
        }
      ]
    },
    {
      "title": "",
      "media_list_data": [
        
      ],
      "string_list_data": [
        {
          "href": "https://www.instagram.com/pokeca_art_life",
          "value": "pokeca_art_life",
          "timestamp": 1676283910
        }
      ]
    },
    {
      "title": "",
      "media_list_data": [
        
      ],
      "string_list_data": [
        {
          "href": "https://www.instagram.com/bestcomedyclips_ever",
          "value": "bestcomedyclips_ever",
          "timestamp": 1675673766
        }
      ]
    },
    {
      "title": "",
      "media_list_data": [
        
      ],
      "string_list_data": [
        {
          "href": "https://www.instagram.com/luxuryedesigninternational",
          "value": "luxuryedesigninternational",
          "timestamp": 1675462780
        }
      ]
    },
    {
      "title": "",
      "media_list_data": [
        
      ],
      "string_list_data": [
        {
          "href": "https://www.instagram.com/poly.quizshow",
          "value": "poly.quizshow",
          "timestamp": 1675443342
        }
      ]
    },
    {
      "title": "",
      "media_list_data": [
        
      ],
      "string_list_data": [
        {
          "href": "https://www.instagram.com/nasa_marshall",
          "value": "nasa_marshall",
          "timestamp": 1675150673
        }
      ]
    },
    {
      "title": "",
      "media_list_data": [
        
      ],
      "string_list_data": [
        {
          "href": "https://www.instagram.com/wanderskyhigh",
          "value": "wanderskyhigh",
          "timestamp": 1675077748
        }
      ]
    },
    {
      "title": "",
      "media_list_data": [
        
      ],
      "string_list_data": [
        {
          "href": "https://www.instagram.com/finejapanart",
          "value": "finejapanart",
          "timestamp": 1675065268
        }
      ]
    },
    {
      "title": "",
      "media_list_data": [
        
      ],
      "string_list_data": [
        {
          "href": "https://www.instagram.com/ausonia23",
          "value": "ausonia23",
          "timestamp": 1675012551
        }
      ]
    },
    {
      "title": "",
      "media_list_data": [
        
      ],
      "string_list_data": [
        {
          "href": "https://www.instagram.com/rafaelaraujo2222",
          "value": "rafaelaraujo2222",
          "timestamp": 1674738922
        }
      ]
    },
    {
      "title": "",
      "media_list_data": [
        
      ],
      "string_list_data": [
        {
          "href": "https://www.instagram.com/blurs7",
          "value": "blurs7",
          "timestamp": 1674604893
        }
      ]
    },
    {
      "title": "",
      "media_list_data": [
        
      ],
      "string_list_data": [
        {
          "href": "https://www.instagram.com/reptiliatus",
          "value": "reptiliatus",
          "timestamp": 1674492807
        }
      ]
    },
    {
      "title": "",
      "media_list_data": [
        
      ],
      "string_list_data": [
        {
          "href": "https://www.instagram.com/gonzoisacat",
          "value": "gonzoisacat",
          "timestamp": 1673268951
        }
      ]
    },
    {
      "title": "",
      "media_list_data": [
        
      ],
      "string_list_data": [
        {
          "href": "https://www.instagram.com/mamlambofossils",
          "value": "mamlambofossils",
          "timestamp": 1672519698
        }
      ]
    },
    {
      "title": "",
      "media_list_data": [
        
      ],
      "string_list_data": [
        {
          "href": "https://www.instagram.com/kintsugi_aikozushi",
          "value": "kintsugi_aikozushi",
          "timestamp": 1672338801
        }
      ]
    },
    {
      "title": "",
      "media_list_data": [
        
      ],
      "string_list_data": [
        {
          "href": "https://www.instagram.com/yiyang_yilangjun",
          "value": "yiyang_yilangjun",
          "timestamp": 1672229083
        }
      ]
    },
    {
      "title": "",
      "media_list_data": [
        
      ],
      "string_list_data": [
        {
          "href": "https://www.instagram.com/georainbolt",
          "value": "georainbolt",
          "timestamp": 1670617105
        }
      ]
    },
    {
      "title": "",
      "media_list_data": [
        
      ],
      "string_list_data": [
        {
          "href": "https://www.instagram.com/junopii_",
          "value": "junopii_",
          "timestamp": 1670451316
        }
      ]
    },
    {
      "title": "",
      "media_list_data": [
        
      ],
      "string_list_data": [
        {
          "href": "https://www.instagram.com/boldrinmichele",
          "value": "boldrinmichele",
          "timestamp": 1670226844
        }
      ]
    },
    {
      "title": "",
      "media_list_data": [
        
      ],
      "string_list_data": [
        {
          "href": "https://www.instagram.com/justjtoons",
          "value": "justjtoons",
          "timestamp": 1669971314
        }
      ]
    },
    {
      "title": "",
      "media_list_data": [
        
      ],
      "string_list_data": [
        {
          "href": "https://www.instagram.com/grandiraponi",
          "value": "grandiraponi",
          "timestamp": 1669554000
        }
      ]
    },
    {
      "title": "",
      "media_list_data": [
        
      ],
      "string_list_data": [
        {
          "href": "https://www.instagram.com/drawingartgram",
          "value": "drawingartgram",
          "timestamp": 1669446727
        }
      ]
    },
    {
      "title": "",
      "media_list_data": [
        
      ],
      "string_list_data": [
        {
          "href": "https://www.instagram.com/etnominanudatenemus",
          "value": "etnominanudatenemus",
          "timestamp": 1669446718
        }
      ]
    },
    {
      "title": "",
      "media_list_data": [
        
      ],
      "string_list_data": [
        {
          "href": "https://www.instagram.com/annacainbianco",
          "value": "annacainbianco",
          "timestamp": 1668500586
        }
      ]
    },
    {
      "title": "",
      "media_list_data": [
        
      ],
      "string_list_data": [
        {
          "href": "https://www.instagram.com/_unr3.al_",
          "value": "_unr3.al_",
          "timestamp": 1668111797
        }
      ]
    },
    {
      "title": "",
      "media_list_data": [
        
      ],
      "string_list_data": [
        {
          "href": "https://www.instagram.com/depressedworldz",
          "value": "depressedworldz",
          "timestamp": 1666248190
        }
      ]
    },
    {
      "title": "",
      "media_list_data": [
        
      ],
      "string_list_data": [
        {
          "href": "https://www.instagram.com/kakarotzu23",
          "value": "kakarotzu23",
          "timestamp": 1663839576
        }
      ]
    },
    {
      "title": "",
      "media_list_data": [
        
      ],
      "string_list_data": [
        {
          "href": "https://www.instagram.com/peanosimone",
          "value": "peanosimone",
          "timestamp": 1662827916
        }
      ]
    },
    {
      "title": "",
      "media_list_data": [
        
      ],
      "string_list_data": [
        {
          "href": "https://www.instagram.com/studio_peco",
          "value": "studio_peco",
          "timestamp": 1662827897
        }
      ]
    },
    {
      "title": "",
      "media_list_data": [
        
      ],
      "string_list_data": [
        {
          "href": "https://www.instagram.com/mustbe3d",
          "value": "mustbe3d",
          "timestamp": 1661186249
        }
      ]
    },
    {
      "title": "",
      "media_list_data": [
        
      ],
      "string_list_data": [
        {
          "href": "https://www.instagram.com/delittodicogne",
          "value": "delittodicogne",
          "timestamp": 1660507193
        }
      ]
    },
    {
      "title": "",
      "media_list_data": [
        
      ],
      "string_list_data": [
        {
          "href": "https://www.instagram.com/dario.bressanini",
          "value": "dario.bressanini",
          "timestamp": 1660507173
        }
      ]
    },
    {
      "title": "",
      "media_list_data": [
        
      ],
      "string_list_data": [
        {
          "href": "https://www.instagram.com/agneseinnocente",
          "value": "agneseinnocente",
          "timestamp": 1660507170
        }
      ]
    },
    {
      "title": "",
      "media_list_data": [
        
      ],
      "string_list_data": [
        {
          "href": "https://www.instagram.com/pow3r",
          "value": "pow3r",
          "timestamp": 1660507159
        }
      ]
    },
    {
      "title": "",
      "media_list_data": [
        
      ],
      "string_list_data": [
        {
          "href": "https://www.instagram.com/la_somma_e_il_totale",
          "value": "la_somma_e_il_totale",
          "timestamp": 1660507104
        }
      ]
    },
    {
      "title": "",
      "media_list_data": [
        
      ],
      "string_list_data": [
        {
          "href": "https://www.instagram.com/arredo3",
          "value": "arredo3",
          "timestamp": 1660507096
        }
      ]
    },
    {
      "title": "",
      "media_list_data": [
        
      ],
      "string_list_data": [
        {
          "href": "https://www.instagram.com/economiaitalia",
          "value": "economiaitalia",
          "timestamp": 1660507084
        }
      ]
    },
    {
      "title": "",
      "media_list_data": [
        
      ],
      "string_list_data": [
        {
          "href": "https://www.instagram.com/phazyo.rai.3",
          "value": "phazyo.rai.3",
          "timestamp": 1660507075
        }
      ]
    },
    {
      "title": "",
      "media_list_data": [
        
      ],
      "string_list_data": [
        {
          "href": "https://www.instagram.com/toru.barcelona",
          "value": "toru.barcelona",
          "timestamp": 1660506999
        }
      ]
    },
    {
      "title": "",
      "media_list_data": [
        
      ],
      "string_list_data": [
        {
          "href": "https://www.instagram.com/michele_bavassano",
          "value": "michele_bavassano",
          "timestamp": 1659712615
        }
      ]
    },
    {
      "title": "",
      "media_list_data": [
        
      ],
      "string_list_data": [
        {
          "href": "https://www.instagram.com/foodemperor",
          "value": "foodemperor",
          "timestamp": 1659548950
        }
      ]
    },
    {
      "title": "",
      "media_list_data": [
        
      ],
      "string_list_data": [
        {
          "href": "https://www.instagram.com/kidoriman_lifestyle",
          "value": "kidoriman_lifestyle",
          "timestamp": 1652520197
        }
      ]
    },
    {
      "title": "",
      "media_list_data": [
        
      ],
      "string_list_data": [
        {
          "href": "https://www.instagram.com/sommobuta",
          "value": "sommobuta",
          "timestamp": 1646992586
        }
      ]
    },
    {
      "title": "",
      "media_list_data": [
        
      ],
      "string_list_data": [
        {
          "href": "https://www.instagram.com/turkuazkitchen",
          "value": "turkuazkitchen",
          "timestamp": 1646087312
        }
      ]
    },
    {
      "title": "",
      "media_list_data": [
        
      ],
      "string_list_data": [
        {
          "href": "https://www.instagram.com/enrico.cravanzola",
          "value": "enrico.cravanzola",
          "timestamp": 1644102750
        }
      ]
    },
    {
      "title": "",
      "media_list_data": [
        
      ],
      "string_list_data": [
        {
          "href": "https://www.instagram.com/alessandro_ottenga",
          "value": "alessandro_ottenga",
          "timestamp": 1640879987
        }
      ]
    },
    {
      "title": "",
      "media_list_data": [
        
      ],
      "string_list_data": [
        {
          "href": "https://www.instagram.com/zoosparkle",
          "value": "zoosparkle",
          "timestamp": 1638537440
        }
      ]
    },
    {
      "title": "",
      "media_list_data": [
        
      ],
      "string_list_data": [
        {
          "href": "https://www.instagram.com/devacassel",
          "value": "devacassel",
          "timestamp": 1638258006
        }
      ]
    },
    {
      "title": "",
      "media_list_data": [
        
      ],
      "string_list_data": [
        {
          "href": "https://www.instagram.com/ciakclub",
          "value": "ciakclub",
          "timestamp": 1637524607
        }
      ]
    },
    {
      "title": "",
      "media_list_data": [
        
      ],
      "string_list_data": [
        {
          "href": "https://www.instagram.com/politicallyincorrect_is_back",
          "value": "politicallyincorrect_is_back",
          "timestamp": 1635584310
        }
      ]
    },
    {
      "title": "",
      "media_list_data": [
        
      ],
      "string_list_data": [
        {
          "href": "https://www.instagram.com/mariapi92",
          "value": "mariapi92",
          "timestamp": 1634929451
        }
      ]
    },
    {
      "title": "",
      "media_list_data": [
        
      ],
      "string_list_data": [
        {
          "href": "https://www.instagram.com/zerocalcare",
          "value": "zerocalcare",
          "timestamp": 1634070097
        }
      ]
    },
    {
      "title": "",
      "media_list_data": [
        
      ],
      "string_list_data": [
        {
          "href": "https://www.instagram.com/nova.rgb",
          "value": "nova.rgb",
          "timestamp": 1634068540
        }
      ]
    },
    {
      "title": "",
      "media_list_data": [
        
      ],
      "string_list_data": [
        {
          "href": "https://www.instagram.com/fantasy_forest_arts",
          "value": "fantasy_forest_arts",
          "timestamp": 1631884155
        }
      ]
    },
    {
      "title": "",
      "media_list_data": [
        
      ],
      "string_list_data": [
        {
          "href": "https://www.instagram.com/artworks_station",
          "value": "artworks_station",
          "timestamp": 1630651816
        }
      ]
    },
    {
      "title": "",
      "media_list_data": [
        
      ],
      "string_list_data": [
        {
          "href": "https://www.instagram.com/marcocappato",
          "value": "marcocappato",
          "timestamp": 1629124411
        }
      ]
    },
    {
      "title": "",
      "media_list_data": [
        
      ],
      "string_list_data": [
        {
          "href": "https://www.instagram.com/retireinprogress",
          "value": "retireinprogress",
          "timestamp": 1628753125
        }
      ]
    },
    {
      "title": "",
      "media_list_data": [
        
      ],
      "string_list_data": [
        {
          "href": "https://www.instagram.com/rrobe",
          "value": "rrobe",
          "timestamp": 1623618142
        }
      ]
    },
    {
      "title": "",
      "media_list_data": [
        
      ],
      "string_list_data": [
        {
          "href": "https://www.instagram.com/dadatwitch",
          "value": "dadatwitch",
          "timestamp": 1621002981
        }
      ]
    },
    {
      "title": "",
      "media_list_data": [
        
      ],
      "string_list_data": [
        {
          "href": "https://www.instagram.com/fotocaparezza",
          "value": "fotocaparezza",
          "timestamp": 1620556122
        }
      ]
    },
    {
      "title": "",
      "media_list_data": [
        
      ],
      "string_list_data": [
        {
          "href": "https://www.instagram.com/lefotochehannosegnatounepoca",
          "value": "lefotochehannosegnatounepoca",
          "timestamp": 1618702479
        }
      ]
    },
    {
      "title": "",
      "media_list_data": [
        
      ],
      "string_list_data": [
        {
          "href": "https://www.instagram.com/enkkgram",
          "value": "enkkgram",
          "timestamp": 1616817459
        }
      ]
    },
    {
      "title": "",
      "media_list_data": [
        
      ],
      "string_list_data": [
        {
          "href": "https://www.instagram.com/videostupefacenti",
          "value": "videostupefacenti",
          "timestamp": 1612649700
        }
      ]
    },
    {
      "title": "",
      "media_list_data": [
        
      ],
      "string_list_data": [
        {
          "href": "https://www.instagram.com/sealegacy",
          "value": "sealegacy",
          "timestamp": 1612300906
        }
      ]
    },
    {
      "title": "",
      "media_list_data": [
        
      ],
      "string_list_data": [
        {
          "href": "https://www.instagram.com/filosofia_coatta",
          "value": "filosofia_coatta",
          "timestamp": 1610793191
        }
      ]
    },
    {
      "title": "",
      "media_list_data": [
        
      ],
      "string_list_data": [
        {
          "href": "https://www.instagram.com/il_post",
          "value": "il_post",
          "timestamp": 1608808739
        }
      ]
    },
    {
      "title": "",
      "media_list_data": [
        
      ],
      "string_list_data": [
        {
          "href": "https://www.instagram.com/ita_pictures",
          "value": "ita_pictures",
          "timestamp": 1608332106
        }
      ]
    },
    {
      "title": "",
      "media_list_data": [
        
      ],
      "string_list_data": [
        {
          "href": "https://www.instagram.com/politicallyretro",
          "value": "politicallyretro",
          "timestamp": 1608281026
        }
      ]
    },
    {
      "title": "",
      "media_list_data": [
        
      ],
      "string_list_data": [
        {
          "href": "https://www.instagram.com/ilmasseo",
          "value": "ilmasseo",
          "timestamp": 1606842992
        }
      ]
    },
    {
      "title": "",
      "media_list_data": [
        
      ],
      "string_list_data": [
        {
          "href": "https://www.instagram.com/nannitwitch",
          "value": "nannitwitch",
          "timestamp": 1606445186
        }
      ]
    },
    {
      "title": "",
      "media_list_data": [
        
      ],
      "string_list_data": [
        {
          "href": "https://www.instagram.com/crudeliamemon",
          "value": "crudeliamemon",
          "timestamp": 1603618718
        }
      ]
    },
    {
      "title": "",
      "media_list_data": [
        
      ],
      "string_list_data": [
        {
          "href": "https://www.instagram.com/atlantideep",
          "value": "atlantideep",
          "timestamp": 1603480059
        }
      ]
    },
    {
      "title": "",
      "media_list_data": [
        
      ],
      "string_list_data": [
        {
          "href": "https://www.instagram.com/mike.of.the.desert",
          "value": "mike.of.the.desert",
          "timestamp": 1602278348
        }
      ]
    },
    {
      "title": "",
      "media_list_data": [
        
      ],
      "string_list_data": [
        {
          "href": "https://www.instagram.com/paulnicklen",
          "value": "paulnicklen",
          "timestamp": 1601015221
        }
      ]
    },
    {
      "title": "",
      "media_list_data": [
        
      ],
      "string_list_data": [
        {
          "href": "https://www.instagram.com/cosamangiamooggi",
          "value": "cosamangiamooggi",
          "timestamp": 1600624636
        }
      ]
    },
    {
      "title": "",
      "media_list_data": [
        
      ],
      "string_list_data": [
        {
          "href": "https://www.instagram.com/loftdesigne.world",
          "value": "loftdesigne.world",
          "timestamp": 1599641599
        }
      ]
    },
    {
      "title": "",
      "media_list_data": [
        
      ],
      "string_list_data": [
        {
          "href": "https://www.instagram.com/paoloconte_official",
          "value": "paoloconte_official",
          "timestamp": 1598356001
        }
      ]
    },
    {
      "title": "",
      "media_list_data": [
        
      ],
      "string_list_data": [
        {
          "href": "https://www.instagram.com/hostelyuigahama",
          "value": "hostelyuigahama",
          "timestamp": 1588590679
        }
      ]
    },
    {
      "title": "",
      "media_list_data": [
        
      ],
      "string_list_data": [
        {
          "href": "https://www.instagram.com/dario_moccia",
          "value": "dario_moccia",
          "timestamp": 1546798568
        }
      ]
    }
  ]
}