{
  "relationships_following_hashtags": [
    {
      "title": "",
      "media_list_data": [
        
      ],
      "string_list_data": [
        {
          "href": "https://www.instagram.com/helmuntnewton",
          "value": "helmuntnewton",
          "timestamp": 1583246829
        }
      ]
    },
    {
      "title": "",
      "media_list_data": [
        
      ],
      "string_list_data": [
        {
          "href": "https://www.instagram.com/alessandropessoli",
          "value": "alessandropessoli",
          "timestamp": 1583245543
        }
      ]
    },
    {
      "title": "",
      "media_list_data": [
        
      ],
      "string_list_data": [
        {
          "href": "https://www.instagram.com/francescogennari",
          "value": "francescogennari",
          "timestamp": 1583245412
        }
      ]
    },
    {
      "title": "",
      "media_list_data": [
        
      ],
      "string_list_data": [
        {
          "href": "https://www.instagram.com/flaviofavelli",
          "value": "flaviofavelli",
          "timestamp": 1583245368
        }
      ]
    },
    {
      "title": "",
      "media_list_data": [
        
      ],
      "string_list_data": [
        {
          "href": "https://www.instagram.com/memestoycagando",
          "value": "memestoycagando",
          "timestamp": 1555233817
        }
      ]
    }
  ]
}