[
  {
    "title": "",
    "media_list_data": [
      
    ],
    "string_list_data": [
      {
        "href": "https://www.instagram.com/andrea___silvi",
        "value": "andrea___silvi",
        "timestamp": 1712238473
      }
    ]
  },
  {
    "title": "",
    "media_list_data": [
      
    ],
    "string_list_data": [
      {
        "href": "https://www.instagram.com/maddyellow_",
        "value": "maddyellow_",
        "timestamp": 1678625018
      }
    ]
  },
  {
    "title": "",
    "media_list_data": [
      
    ],
    "string_list_data": [
      {
        "href": "https://www.instagram.com/enrico.cravanzola",
        "value": "enrico.cravanzola",
        "timestamp": 1644102679
      }
    ]
  },
  {
    "title": "",
    "media_list_data": [
      
    ],
    "string_list_data": [
      {
        "href": "https://www.instagram.com/alessandro_ottenga",
        "value": "alessandro_ottenga",
        "timestamp": 1640879985
      }
    ]
  },
  {
    "title": "",
    "media_list_data": [
      
    ],
    "string_list_data": [
      {
        "href": "https://www.instagram.com/mariapi92",
        "value": "mariapi92",
        "timestamp": 1634929522
      }
    ]
  },
  {
    "title": "",
    "media_list_data": [
      
    ],
    "string_list_data": [
      {
        "href": "https://www.instagram.com/andrea___silvi",
        "value": "andrea___silvi",
        "timestamp": 1712238473
      }
    ]
  },
  {
    "title": "",
    "media_list_data": [
      
    ],
    "string_list_data": [
      {
        "href": "https://www.instagram.com/maddyellow_",
        "value": "maddyellow_",
        "timestamp": 1678625018
      }
    ]
  },
  {
    "title": "",
    "media_list_data": [
      
    ],
    "string_list_data": [
      {
        "href": "https://www.instagram.com/enrico.cravanzola",
        "value": "enrico.cravanzola",
        "timestamp": 1644102679
      }
    ]
  },
  {
    "title": "",
    "media_list_data": [
      
    ],
    "string_list_data": [
      {
        "href": "https://www.instagram.com/alessandro_ottenga",
        "value": "alessandro_ottenga",
        "timestamp": 1640879985
      }
    ]
  },
  {
    "title": "",
    "media_list_data": [
      
    ],
    "string_list_data": [
      {
        "href": "https://www.instagram.com/mariapi92",
        "value": "mariapi92",
        "timestamp": 1634929522
      }
    ]
  }
]