{
  "relationships_follow_requests_sent": [
    {
      "title": "",
      "media_list_data": [
        
      ],
      "string_list_data": [
        {
          "href": "https://www.instagram.com/goddessbriannabeach",
          "value": "goddessbriannabeach",
          "timestamp": 1719116441
        }
      ]
    },
    {
      "title": "",
      "media_list_data": [
        
      ],
      "string_list_data": [
        {
          "href": "https://www.instagram.com/truce.lady",
          "value": "truce.lady",
          "timestamp": 1632436985
        }
      ]
    },
    {
      "title": "",
      "media_list_data": [
        
      ],
      "string_list_data": [
        {
          "href": "https://www.instagram.com/_quelsorrisomessocomescudo__",
          "value": "_quelsorrisomessocomescudo__",
          "timestamp": 1605790840
        }
      ]
    },
    {
      "title": "",
      "media_list_data": [
        
      ],
      "string_list_data": [
        {
          "href": "https://www.instagram.com/_soy_na_bambule__",
          "value": "_soy_na_bambule__",
          "timestamp": 1605787148
        }
      ]
    },
    {
      "title": "",
      "media_list_data": [
        
      ],
      "string_list_data": [
        {
          "href": "https://www.instagram.com/brittanysmith_____",
          "value": "brittanysmith_____",
          "timestamp": 1603014434
        }
      ]
    },
    {
      "title": "",
      "media_list_data": [
        
      ],
      "string_list_data": [
        {
          "href": "https://www.instagram.com/pussssyslip",
          "value": "pussssyslip",
          "timestamp": 1600385511
        }
      ]
    },
    {
      "title": "",
      "media_list_data": [
        
      ],
      "string_list_data": [
        {
          "href": "https://www.instagram.com/cry_baee",
          "value": "cry_baee",
          "timestamp": 1598601458
        }
      ]
    },
    {
      "title": "",
      "media_list_data": [
        
      ],
      "string_list_data": [
        {
          "href": "https://www.instagram.com/saneve2000",
          "value": "saneve2000",
          "timestamp": 1598356251
        }
      ]
    },
    {
      "title": "",
      "media_list_data": [
        
      ],
      "string_list_data": [
        {
          "href": "https://www.instagram.com/gioiaarusso",
          "value": "gioiaarusso",
          "timestamp": 1595672722
        }
      ]
    }
  ]
}