{
  "relationships_unfollowed_users": [
    {
      "title": "",
      "media_list_data": [
        
      ],
      "string_list_data": [
        {
          "href": "https://www.instagram.com/kalatay7",
          "value": "kalatay7",
          "timestamp": 1719730100
        }
      ]
    },
    {
      "title": "",
      "media_list_data": [
        
      ],
      "string_list_data": [
        {
          "href": "https://www.instagram.com/elisa_santinon",
          "value": "elisa_santinon",
          "timestamp": 1719729917
        }
      ]
    },
    {
      "title": "",
      "media_list_data": [
        
      ],
      "string_list_data": [
        {
          "href": "https://www.instagram.com/kingsleague",
          "value": "kingsleague",
          "timestamp": 1719405887
        }
      ]
    },
    {
      "title": "",
      "media_list_data": [
        
      ],
      "string_list_data": [
        {
          "href": "https://www.instagram.com/oradecima",
          "value": "oradecima",
          "timestamp": 1718980242
        }
      ]
    },
    {
      "title": "",
      "media_list_data": [
        
      ],
      "string_list_data": [
        {
          "href": "https://www.instagram.com/humandataincome",
          "value": "humandataincome",
          "timestamp": 1718473966
        }
      ]
    },
    {
      "title": "",
      "media_list_data": [
        
      ],
      "string_list_data": [
        {
          "href": "https://www.instagram.com/angelinamango_",
          "value": "angelinamango_",
          "timestamp": 1718257750
        }
      ]
    },
    {
      "title": "",
      "media_list_data": [
        
      ],
      "string_list_data": [
        {
          "href": "https://www.instagram.com/camillaguano",
          "value": "camillaguano",
          "timestamp": 1717328200
        }
      ]
    },
    {
      "title": "",
      "media_list_data": [
        
      ],
      "string_list_data": [
        {
          "href": "https://www.instagram.com/saraacapriuloo",
          "value": "saraacapriuloo",
          "timestamp": 1717139398
        }
      ]
    },
    {
      "title": "",
      "media_list_data": [
        
      ],
      "string_list_data": [
        {
          "href": "https://www.instagram.com/harmonyetherr",
          "value": "harmonyetherr",
          "timestamp": 1716561740
        }
      ]
    },
    {
      "title": "",
      "media_list_data": [
        
      ],
      "string_list_data": [
        {
          "href": "https://www.instagram.com/martaxcos",
          "value": "martaxcos",
          "timestamp": 1716413946
        }
      ]
    },
    {
      "title": "",
      "media_list_data": [
        
      ],
      "string_list_data": [
        {
          "href": "https://www.instagram.com/revengewife",
          "value": "revengewife",
          "timestamp": 1716032364
        }
      ]
    },
    {
      "title": "",
      "media_list_data": [
        
      ],
      "string_list_data": [
        {
          "href": "https://www.instagram.com/chiemyyyyy",
          "value": "chiemyyyyy",
          "timestamp": 1715854092
        }
      ]
    },
    {
      "title": "",
      "media_list_data": [
        
      ],
      "string_list_data": [
        {
          "href": "https://www.instagram.com/lababyy71_",
          "value": "lababyy71_",
          "timestamp": 1715807173
        }
      ]
    },
    {
      "title": "",
      "media_list_data": [
        
      ],
      "string_list_data": [
        {
          "href": "https://www.instagram.com/giuliomariagol",
          "value": "giuliomariagol",
          "timestamp": 1715674294
        }
      ]
    }
  ]
}