{
  "relationships_permanent_follow_requests": [
    {
      "title": "",
      "media_list_data": [
        
      ],
      "string_list_data": [
        {
          "href": "https://www.instagram.com/goddessbriannabeach",
          "value": "goddessbriannabeach",
          "timestamp": 1719116442
        }
      ]
    },
    {
      "title": "",
      "media_list_data": [
        
      ],
      "string_list_data": [
        {
          "href": "https://www.instagram.com/saraacapriuloo",
          "value": "saraacapriuloo",
          "timestamp": 1717137064
        }
      ]
    },
    {
      "title": "",
      "media_list_data": [
        
      ],
      "string_list_data": [
        {
          "href": "https://www.instagram.com/lababyy71_",
          "value": "lababyy71_",
          "timestamp": 1715670702
        }
      ]
    },
    {
      "title": "",
      "media_list_data": [
        
      ],
      "string_list_data": [
        {
          "href": "https://www.instagram.com/akemy_room_cam4",
          "value": "akemy_room_cam4",
          "timestamp": 1714826609
        }
      ]
    },
    {
      "title": "",
      "media_list_data": [
        
      ],
      "string_list_data": [
        {
          "href": "https://www.instagram.com/recuerdos_sin_paz",
          "value": "recuerdos_sin_paz",
          "timestamp": 1713341549
        }
      ]
    }
  ]
}