{
  "relationships_dismissed_suggested_users": [
    {
      "title": "",
      "media_list_data": [
        
      ],
      "string_list_data": [
        {
          "href": "https://www.instagram.com/di_green_eyed",
          "value": "di_green_eyed",
          "timestamp": 1718139517
        }
      ]
    },
    {
      "title": "",
      "media_list_data": [
        
      ],
      "string_list_data": [
        {
          "href": "https://www.instagram.com/leonardo.zucchi88",
          "value": "leonardo.zucchi88",
          "timestamp": 1718139515
        }
      ]
    },
    {
      "title": "",
      "media_list_data": [
        
      ],
      "string_list_data": [
        {
          "href": "https://www.instagram.com/jonav259",
          "value": "jonav259",
          "timestamp": 1718139512
        }
      ]
    },
    {
      "title": "",
      "media_list_data": [
        
      ],
      "string_list_data": [
        {
          "href": "https://www.instagram.com/sara_campini",
          "value": "sara_campini",
          "timestamp": 1718139511
        }
      ]
    },
    {
      "title": "",
      "media_list_data": [
        
      ],
      "string_list_data": [
        {
          "href": "https://www.instagram.com/paooola_m",
          "value": "paooola_m",
          "timestamp": 1718139510
        }
      ]
    },
    {
      "title": "",
      "media_list_data": [
        
      ],
      "string_list_data": [
        {
          "href": "https://www.instagram.com/piajacopo91",
          "value": "piajacopo91",
          "timestamp": 1717411590
        }
      ]
    },
    {
      "title": "",
      "media_list_data": [
        
      ],
      "string_list_data": [
        {
          "href": "https://www.instagram.com/cascinaguidoberta",
          "value": "cascinaguidoberta",
          "timestamp": 1717411589
        }
      ]
    },
    {
      "title": "",
      "media_list_data": [
        
      ],
      "string_list_data": [
        {
          "href": "https://www.instagram.com/_____jb____",
          "value": "_____jb____",
          "timestamp": 1717411589
        }
      ]
    },
    {
      "title": "",
      "media_list_data": [
        
      ],
      "string_list_data": [
        {
          "href": "https://www.instagram.com/ele.fracasso",
          "value": "ele.fracasso",
          "timestamp": 1717411588
        }
      ]
    },
    {
      "title": "",
      "media_list_data": [
        
      ],
      "string_list_data": [
        {
          "href": "https://www.instagram.com/anto_trajanovska",
          "value": "anto_trajanovska",
          "timestamp": 1717411588
        }
      ]
    },
    {
      "title": "",
      "media_list_data": [
        
      ],
      "string_list_data": [
        {
          "href": "https://www.instagram.com/domesot",
          "value": "domesot",
          "timestamp": 1717411588
        }
      ]
    },
    {
      "title": "",
      "media_list_data": [
        
      ],
      "string_list_data": [
        {
          "href": "https://www.instagram.com/_malina_lungu_",
          "value": "_malina_lungu_",
          "timestamp": 1717411587
        }
      ]
    },
    {
      "title": "",
      "media_list_data": [
        
      ],
      "string_list_data": [
        {
          "href": "https://www.instagram.com/laboratorio_xsbaglio",
          "value": "laboratorio_xsbaglio",
          "timestamp": 1717411585
        }
      ]
    },
    {
      "title": "",
      "media_list_data": [
        
      ],
      "string_list_data": [
        {
          "href": "https://www.instagram.com/fleanto_88",
          "value": "fleanto_88",
          "timestamp": 1717411583
        }
      ]
    },
    {
      "title": "",
      "media_list_data": [
        
      ],
      "string_list_data": [
        {
          "href": "https://www.instagram.com/sarapromakeupartist",
          "value": "sarapromakeupartist",
          "timestamp": 1717411582
        }
      ]
    },
    {
      "title": "",
      "media_list_data": [
        
      ],
      "string_list_data": [
        {
          "href": "https://www.instagram.com/paolo.dantoni0110",
          "value": "paolo.dantoni0110",
          "timestamp": 1717411582
        }
      ]
    },
    {
      "title": "",
      "media_list_data": [
        
      ],
      "string_list_data": [
        {
          "href": "https://www.instagram.com/mr_.valee._444",
          "value": "mr_.valee._444",
          "timestamp": 1717411582
        }
      ]
    },
    {
      "title": "",
      "media_list_data": [
        
      ],
      "string_list_data": [
        {
          "href": "https://www.instagram.com/gabs.fla",
          "value": "gabs.fla",
          "timestamp": 1717411582
        }
      ]
    },
    {
      "title": "",
      "media_list_data": [
        
      ],
      "string_list_data": [
        {
          "href": "https://www.instagram.com/ortottista78",
          "value": "ortottista78",
          "timestamp": 1717411581
        }
      ]
    },
    {
      "title": "",
      "media_list_data": [
        
      ],
      "string_list_data": [
        {
          "href": "https://www.instagram.com/graziaaugenti",
          "value": "graziaaugenti",
          "timestamp": 1717411581
        }
      ]
    },
    {
      "title": "",
      "media_list_data": [
        
      ],
      "string_list_data": [
        {
          "href": "https://www.instagram.com/xerse_95",
          "value": "xerse_95",
          "timestamp": 1717411581
        }
      ]
    },
    {
      "title": "",
      "media_list_data": [
        
      ],
      "string_list_data": [
        {
          "href": "https://www.instagram.com/niicsi",
          "value": "niicsi",
          "timestamp": 1717411581
        }
      ]
    },
    {
      "title": "",
      "media_list_data": [
        
      ],
      "string_list_data": [
        {
          "href": "https://www.instagram.com/sara_b6.99",
          "value": "sara_b6.99",
          "timestamp": 1717411580
        }
      ]
    },
    {
      "title": "",
      "media_list_data": [
        
      ],
      "string_list_data": [
        {
          "href": "https://www.instagram.com/team_bagna",
          "value": "team_bagna",
          "timestamp": 1717411580
        }
      ]
    },
    {
      "title": "",
      "media_list_data": [
        
      ],
      "string_list_data": [
        {
          "href": "https://www.instagram.com/dinoscanavino",
          "value": "dinoscanavino",
          "timestamp": 1717411580
        }
      ]
    },
    {
      "title": "",
      "media_list_data": [
        
      ],
      "string_list_data": [
        {
          "href": "https://www.instagram.com/maddyellow_",
          "value": "maddyellow_",
          "timestamp": 1717411580
        }
      ]
    },
    {
      "title": "",
      "media_list_data": [
        
      ],
      "string_list_data": [
        {
          "href": "https://www.instagram.com/bc4graphics",
          "value": "bc4graphics",
          "timestamp": 1693721522
        }
      ]
    },
    {
      "title": "",
      "media_list_data": [
        
      ],
      "string_list_data": [
        {
          "href": "https://www.instagram.com/roroarrt",
          "value": "roroarrt",
          "timestamp": 1693721522
        }
      ]
    },
    {
      "title": "",
      "media_list_data": [
        
      ],
      "string_list_data": [
        {
          "href": "https://www.instagram.com/weirddesignv",
          "value": "weirddesignv",
          "timestamp": 1693721521
        }
      ]
    },
    {
      "title": "",
      "media_list_data": [
        
      ],
      "string_list_data": [
        {
          "href": "https://www.instagram.com/darkmodecomedy",
          "value": "darkmodecomedy",
          "timestamp": 1693721521
        }
      ]
    },
    {
      "title": "",
      "media_list_data": [
        
      ],
      "string_list_data": [
        {
          "href": "https://www.instagram.com/maol_lee",
          "value": "maol_lee",
          "timestamp": 1693721521
        }
      ]
    },
    {
      "title": "",
      "media_list_data": [
        
      ],
      "string_list_data": [
        {
          "href": "https://www.instagram.com/thekingwilliamcastlecompany",
          "value": "thekingwilliamcastlecompany",
          "timestamp": 1693721521
        }
      ]
    },
    {
      "title": "",
      "media_list_data": [
        
      ],
      "string_list_data": [
        {
          "href": "https://www.instagram.com/sara.merrill.5",
          "value": "sara.merrill.5",
          "timestamp": 1693721521
        }
      ]
    },
    {
      "title": "",
      "media_list_data": [
        
      ],
      "string_list_data": [
        {
          "href": "https://www.instagram.com/flavio_1006",
          "value": "flavio_1006",
          "timestamp": 1693721521
        }
      ]
    },
    {
      "title": "",
      "media_list_data": [
        
      ],
      "string_list_data": [
        {
          "href": "https://www.instagram.com/sporadiaspro",
          "value": "sporadiaspro",
          "timestamp": 1693721520
        }
      ]
    },
    {
      "title": "",
      "media_list_data": [
        
      ],
      "string_list_data": [
        {
          "href": "https://www.instagram.com/outsider.gallery_",
          "value": "outsider.gallery_",
          "timestamp": 1693721520
        }
      ]
    },
    {
      "title": "",
      "media_list_data": [
        
      ],
      "string_list_data": [
        {
          "href": "https://www.instagram.com/eliabottoni",
          "value": "eliabottoni",
          "timestamp": 1693721520
        }
      ]
    },
    {
      "title": "",
      "media_list_data": [
        
      ],
      "string_list_data": [
        {
          "href": "https://www.instagram.com/angela.tagliente.3",
          "value": "angela.tagliente.3",
          "timestamp": 1693721520
        }
      ]
    },
    {
      "title": "",
      "media_list_data": [
        
      ],
      "string_list_data": [
        {
          "href": "https://www.instagram.com/000reverie000",
          "value": "000reverie000",
          "timestamp": 1693721519
        }
      ]
    },
    {
      "title": "",
      "media_list_data": [
        
      ],
      "string_list_data": [
        {
          "href": "https://www.instagram.com/_grrrda.design_",
          "value": "_grrrda.design_",
          "timestamp": 1693721519
        }
      ]
    },
    {
      "title": "",
      "media_list_data": [
        
      ],
      "string_list_data": [
        {
          "href": "https://www.instagram.com/toastycro",
          "value": "toastycro",
          "timestamp": 1693721519
        }
      ]
    },
    {
      "title": "",
      "media_list_data": [
        
      ],
      "string_list_data": [
        {
          "href": "https://www.instagram.com/jullveig",
          "value": "jullveig",
          "timestamp": 1693721519
        }
      ]
    },
    {
      "title": "",
      "media_list_data": [
        
      ],
      "string_list_data": [
        {
          "href": "https://www.instagram.com/tocin0_",
          "value": "tocin0_",
          "timestamp": 1693721519
        }
      ]
    },
    {
      "title": "",
      "media_list_data": [
        
      ],
      "string_list_data": [
        {
          "href": "https://www.instagram.com/ilchioschettoditurba2.0",
          "value": "ilchioschettoditurba2.0",
          "timestamp": 1693721518
        }
      ]
    },
    {
      "title": "",
      "media_list_data": [
        
      ],
      "string_list_data": [
        {
          "href": "https://www.instagram.com/websft",
          "value": "websft",
          "timestamp": 1693721518
        }
      ]
    },
    {
      "title": "",
      "media_list_data": [
        
      ],
      "string_list_data": [
        {
          "href": "https://www.instagram.com/miiseulyang",
          "value": "miiseulyang",
          "timestamp": 1693721518
        }
      ]
    },
    {
      "title": "",
      "media_list_data": [
        
      ],
      "string_list_data": [
        {
          "href": "https://www.instagram.com/popstore_bologna",
          "value": "popstore_bologna",
          "timestamp": 1693721518
        }
      ]
    },
    {
      "title": "",
      "media_list_data": [
        
      ],
      "string_list_data": [
        {
          "href": "https://www.instagram.com/giuli4paolinelli",
          "value": "giuli4paolinelli",
          "timestamp": 1693721518
        }
      ]
    },
    {
      "title": "",
      "media_list_data": [
        
      ],
      "string_list_data": [
        {
          "href": "https://www.instagram.com/federico_fehu_bertoni",
          "value": "federico_fehu_bertoni",
          "timestamp": 1693721518
        }
      ]
    },
    {
      "title": "",
      "media_list_data": [
        
      ],
      "string_list_data": [
        {
          "href": "https://www.instagram.com/vast.t8",
          "value": "vast.t8",
          "timestamp": 1693721517
        }
      ]
    },
    {
      "title": "",
      "media_list_data": [
        
      ],
      "string_list_data": [
        {
          "href": "https://www.instagram.com/art.essandra",
          "value": "art.essandra",
          "timestamp": 1693721517
        }
      ]
    },
    {
      "title": "",
      "media_list_data": [
        
      ],
      "string_list_data": [
        {
          "href": "https://www.instagram.com/leonespoint",
          "value": "leonespoint",
          "timestamp": 1693721517
        }
      ]
    },
    {
      "title": "",
      "media_list_data": [
        
      ],
      "string_list_data": [
        {
          "href": "https://www.instagram.com/swb.art",
          "value": "swb.art",
          "timestamp": 1693721517
        }
      ]
    },
    {
      "title": "",
      "media_list_data": [
        
      ],
      "string_list_data": [
        {
          "href": "https://www.instagram.com/croceviadeimondi",
          "value": "croceviadeimondi",
          "timestamp": 1693721517
        }
      ]
    },
    {
      "title": "",
      "media_list_data": [
        
      ],
      "string_list_data": [
        {
          "href": "https://www.instagram.com/pooh._mi",
          "value": "pooh._mi",
          "timestamp": 1693721516
        }
      ]
    },
    {
      "title": "",
      "media_list_data": [
        
      ],
      "string_list_data": [
        {
          "href": "https://www.instagram.com/mishke_mous",
          "value": "mishke_mous",
          "timestamp": 1693721516
        }
      ]
    },
    {
      "title": "",
      "media_list_data": [
        
      ],
      "string_list_data": [
        {
          "href": "https://www.instagram.com/poogfx",
          "value": "poogfx",
          "timestamp": 1693721515
        }
      ]
    },
    {
      "title": "",
      "media_list_data": [
        
      ],
      "string_list_data": [
        {
          "href": "https://www.instagram.com/ghostbynelly",
          "value": "ghostbynelly",
          "timestamp": 1693721515
        }
      ]
    },
    {
      "title": "",
      "media_list_data": [
        
      ],
      "string_list_data": [
        {
          "href": "https://www.instagram.com/sinistergrafix",
          "value": "sinistergrafix",
          "timestamp": 1693721515
        }
      ]
    },
    {
      "title": "",
      "media_list_data": [
        
      ],
      "string_list_data": [
        {
          "href": "https://www.instagram.com/_.afelion",
          "value": "_.afelion",
          "timestamp": 1693721515
        }
      ]
    },
    {
      "title": "",
      "media_list_data": [
        
      ],
      "string_list_data": [
        {
          "href": "https://www.instagram.com/schiuma_fumetti",
          "value": "schiuma_fumetti",
          "timestamp": 1693721514
        }
      ]
    },
    {
      "title": "",
      "media_list_data": [
        
      ],
      "string_list_data": [
        {
          "href": "https://www.instagram.com/neleceep",
          "value": "neleceep",
          "timestamp": 1693721514
        }
      ]
    },
    {
      "title": "",
      "media_list_data": [
        
      ],
      "string_list_data": [
        {
          "href": "https://www.instagram.com/andrea___silvi",
          "value": "andrea___silvi",
          "timestamp": 1693721513
        }
      ]
    },
    {
      "title": "",
      "media_list_data": [
        
      ],
      "string_list_data": [
        {
          "href": "https://www.instagram.com/bbagz_art",
          "value": "bbagz_art",
          "timestamp": 1692524770
        }
      ]
    },
    {
      "title": "",
      "media_list_data": [
        
      ],
      "string_list_data": [
        {
          "href": "https://www.instagram.com/blabl.abla423",
          "value": "blabl.abla423",
          "timestamp": 1692524770
        }
      ]
    },
    {
      "title": "",
      "media_list_data": [
        
      ],
      "string_list_data": [
        {
          "href": "https://www.instagram.com/universirap_official",
          "value": "universirap_official",
          "timestamp": 1692524770
        }
      ]
    },
    {
      "title": "",
      "media_list_data": [
        
      ],
      "string_list_data": [
        {
          "href": "https://www.instagram.com/daedalus.sin",
          "value": "daedalus.sin",
          "timestamp": 1692524769
        }
      ]
    },
    {
      "title": "",
      "media_list_data": [
        
      ],
      "string_list_data": [
        {
          "href": "https://www.instagram.com/ziad.svg",
          "value": "ziad.svg",
          "timestamp": 1692524769
        }
      ]
    },
    {
      "title": "",
      "media_list_data": [
        
      ],
      "string_list_data": [
        {
          "href": "https://www.instagram.com/donpier_et",
          "value": "donpier_et",
          "timestamp": 1692524769
        }
      ]
    },
    {
      "title": "",
      "media_list_data": [
        
      ],
      "string_list_data": [
        {
          "href": "https://www.instagram.com/i.c.r.55",
          "value": "i.c.r.55",
          "timestamp": 1692524769
        }
      ]
    },
    {
      "title": "",
      "media_list_data": [
        
      ],
      "string_list_data": [
        {
          "href": "https://www.instagram.com/eli.de63",
          "value": "eli.de63",
          "timestamp": 1692524769
        }
      ]
    },
    {
      "title": "",
      "media_list_data": [
        
      ],
      "string_list_data": [
        {
          "href": "https://www.instagram.com/somnia.virtualis",
          "value": "somnia.virtualis",
          "timestamp": 1692524768
        }
      ]
    },
    {
      "title": "",
      "media_list_data": [
        
      ],
      "string_list_data": [
        {
          "href": "https://www.instagram.com/momartez",
          "value": "momartez",
          "timestamp": 1692524768
        }
      ]
    },
    {
      "title": "",
      "media_list_data": [
        
      ],
      "string_list_data": [
        {
          "href": "https://www.instagram.com/maa.po_",
          "value": "maa.po_",
          "timestamp": 1692524768
        }
      ]
    },
    {
      "title": "",
      "media_list_data": [
        
      ],
      "string_list_data": [
        {
          "href": "https://www.instagram.com/wormdaughter",
          "value": "wormdaughter",
          "timestamp": 1692524768
        }
      ]
    },
    {
      "title": "",
      "media_list_data": [
        
      ],
      "string_list_data": [
        {
          "href": "https://www.instagram.com/keser.one",
          "value": "keser.one",
          "timestamp": 1692524768
        }
      ]
    },
    {
      "title": "",
      "media_list_data": [
        
      ],
      "string_list_data": [
        {
          "href": "https://www.instagram.com/maariv.greiv_art",
          "value": "maariv.greiv_art",
          "timestamp": 1692524767
        }
      ]
    },
    {
      "title": "",
      "media_list_data": [
        
      ],
      "string_list_data": [
        {
          "href": "https://www.instagram.com/sleepingkaiju.studio",
          "value": "sleepingkaiju.studio",
          "timestamp": 1692524767
        }
      ]
    },
    {
      "title": "",
      "media_list_data": [
        
      ],
      "string_list_data": [
        {
          "href": "https://www.instagram.com/royi.shiloh.van",
          "value": "royi.shiloh.van",
          "timestamp": 1692524767
        }
      ]
    },
    {
      "title": "",
      "media_list_data": [
        
      ],
      "string_list_data": [
        {
          "href": "https://www.instagram.com/vblu_design",
          "value": "vblu_design",
          "timestamp": 1692524767
        }
      ]
    },
    {
      "title": "",
      "media_list_data": [
        
      ],
      "string_list_data": [
        {
          "href": "https://www.instagram.com/_helterskelter__",
          "value": "_helterskelter__",
          "timestamp": 1692524767
        }
      ]
    },
    {
      "title": "",
      "media_list_data": [
        
      ],
      "string_list_data": [
        {
          "href": "https://www.instagram.com/droodle_art",
          "value": "droodle_art",
          "timestamp": 1692524766
        }
      ]
    },
    {
      "title": "",
      "media_list_data": [
        
      ],
      "string_list_data": [
        {
          "href": "https://www.instagram.com/yoursleepyneighbor",
          "value": "yoursleepyneighbor",
          "timestamp": 1692524766
        }
      ]
    },
    {
      "title": "",
      "media_list_data": [
        
      ],
      "string_list_data": [
        {
          "href": "https://www.instagram.com/its_claac",
          "value": "its_claac",
          "timestamp": 1692524766
        }
      ]
    },
    {
      "title": "",
      "media_list_data": [
        
      ],
      "string_list_data": [
        {
          "href": "https://www.instagram.com/fightteamschool",
          "value": "fightteamschool",
          "timestamp": 1692524766
        }
      ]
    },
    {
      "title": "",
      "media_list_data": [
        
      ],
      "string_list_data": [
        {
          "href": "https://www.instagram.com/ra.shoki",
          "value": "ra.shoki",
          "timestamp": 1692524765
        }
      ]
    },
    {
      "title": "",
      "media_list_data": [
        
      ],
      "string_list_data": [
        {
          "href": "https://www.instagram.com/lunanescence_music",
          "value": "lunanescence_music",
          "timestamp": 1692524765
        }
      ]
    },
    {
      "title": "",
      "media_list_data": [
        
      ],
      "string_list_data": [
        {
          "href": "https://www.instagram.com/designmarke_",
          "value": "designmarke_",
          "timestamp": 1692524765
        }
      ]
    },
    {
      "title": "",
      "media_list_data": [
        
      ],
      "string_list_data": [
        {
          "href": "https://www.instagram.com/sk778spl",
          "value": "sk778spl",
          "timestamp": 1692524765
        }
      ]
    },
    {
      "title": "",
      "media_list_data": [
        
      ],
      "string_list_data": [
        {
          "href": "https://www.instagram.com/dani.de.si",
          "value": "dani.de.si",
          "timestamp": 1692524765
        }
      ]
    },
    {
      "title": "",
      "media_list_data": [
        
      ],
      "string_list_data": [
        {
          "href": "https://www.instagram.com/vortac.cl",
          "value": "vortac.cl",
          "timestamp": 1692524764
        }
      ]
    },
    {
      "title": "",
      "media_list_data": [
        
      ],
      "string_list_data": [
        {
          "href": "https://www.instagram.com/solomichelepunto",
          "value": "solomichelepunto",
          "timestamp": 1692524764
        }
      ]
    },
    {
      "title": "",
      "media_list_data": [
        
      ],
      "string_list_data": [
        {
          "href": "https://www.instagram.com/sivlis_",
          "value": "sivlis_",
          "timestamp": 1692524764
        }
      ]
    },
    {
      "title": "",
      "media_list_data": [
        
      ],
      "string_list_data": [
        {
          "href": "https://www.instagram.com/loufdesign",
          "value": "loufdesign",
          "timestamp": 1692524764
        }
      ]
    },
    {
      "title": "",
      "media_list_data": [
        
      ],
      "string_list_data": [
        {
          "href": "https://www.instagram.com/manonatry.design",
          "value": "manonatry.design",
          "timestamp": 1692524764
        }
      ]
    },
    {
      "title": "",
      "media_list_data": [
        
      ],
      "string_list_data": [
        {
          "href": "https://www.instagram.com/infausta.mente",
          "value": "infausta.mente",
          "timestamp": 1692524764
        }
      ]
    },
    {
      "title": "",
      "media_list_data": [
        
      ],
      "string_list_data": [
        {
          "href": "https://www.instagram.com/__.rebs.__",
          "value": "__.rebs.__",
          "timestamp": 1692524763
        }
      ]
    },
    {
      "title": "",
      "media_list_data": [
        
      ],
      "string_list_data": [
        {
          "href": "https://www.instagram.com/moderntimes_edizioni",
          "value": "moderntimes_edizioni",
          "timestamp": 1692524763
        }
      ]
    },
    {
      "title": "",
      "media_list_data": [
        
      ],
      "string_list_data": [
        {
          "href": "https://www.instagram.com/atohito_",
          "value": "atohito_",
          "timestamp": 1692524763
        }
      ]
    },
    {
      "title": "",
      "media_list_data": [
        
      ],
      "string_list_data": [
        {
          "href": "https://www.instagram.com/fflora_faunaa",
          "value": "fflora_faunaa",
          "timestamp": 1692524763
        }
      ]
    },
    {
      "title": "",
      "media_list_data": [
        
      ],
      "string_list_data": [
        {
          "href": "https://www.instagram.com/elite_club_at",
          "value": "elite_club_at",
          "timestamp": 1692524763
        }
      ]
    },
    {
      "title": "",
      "media_list_data": [
        
      ],
      "string_list_data": [
        {
          "href": "https://www.instagram.com/arcane.sector",
          "value": "arcane.sector",
          "timestamp": 1692524762
        }
      ]
    },
    {
      "title": "",
      "media_list_data": [
        
      ],
      "string_list_data": [
        {
          "href": "https://www.instagram.com/whitpyts",
          "value": "whitpyts",
          "timestamp": 1692524762
        }
      ]
    },
    {
      "title": "",
      "media_list_data": [
        
      ],
      "string_list_data": [
        {
          "href": "https://www.instagram.com/fseresi_visual",
          "value": "fseresi_visual",
          "timestamp": 1692524762
        }
      ]
    },
    {
      "title": "",
      "media_list_data": [
        
      ],
      "string_list_data": [
        {
          "href": "https://www.instagram.com/angelinasdrawing",
          "value": "angelinasdrawing",
          "timestamp": 1692524761
        }
      ]
    },
    {
      "title": "",
      "media_list_data": [
        
      ],
      "string_list_data": [
        {
          "href": "https://www.instagram.com/mariaporcu001",
          "value": "mariaporcu001",
          "timestamp": 1692524761
        }
      ]
    },
    {
      "title": "",
      "media_list_data": [
        
      ],
      "string_list_data": [
        {
          "href": "https://www.instagram.com/malwearsupply",
          "value": "malwearsupply",
          "timestamp": 1692524761
        }
      ]
    },
    {
      "title": "",
      "media_list_data": [
        
      ],
      "string_list_data": [
        {
          "href": "https://www.instagram.com/jinaannelee",
          "value": "jinaannelee",
          "timestamp": 1692524761
        }
      ]
    },
    {
      "title": "",
      "media_list_data": [
        
      ],
      "string_list_data": [
        {
          "href": "https://www.instagram.com/spaghettopoli",
          "value": "spaghettopoli",
          "timestamp": 1692524760
        }
      ]
    },
    {
      "title": "",
      "media_list_data": [
        
      ],
      "string_list_data": [
        {
          "href": "https://www.instagram.com/isoladelta",
          "value": "isoladelta",
          "timestamp": 1692524760
        }
      ]
    },
    {
      "title": "",
      "media_list_data": [
        
      ],
      "string_list_data": [
        {
          "href": "https://www.instagram.com/rexxgfx",
          "value": "rexxgfx",
          "timestamp": 1692524760
        }
      ]
    },
    {
      "title": "",
      "media_list_data": [
        
      ],
      "string_list_data": [
        {
          "href": "https://www.instagram.com/hntr.wip",
          "value": "hntr.wip",
          "timestamp": 1692524760
        }
      ]
    },
    {
      "title": "",
      "media_list_data": [
        
      ],
      "string_list_data": [
        {
          "href": "https://www.instagram.com/auznology",
          "value": "auznology",
          "timestamp": 1692524759
        }
      ]
    },
    {
      "title": "",
      "media_list_data": [
        
      ],
      "string_list_data": [
        {
          "href": "https://www.instagram.com/retroartprintco",
          "value": "retroartprintco",
          "timestamp": 1692524757
        }
      ]
    },
    {
      "title": "",
      "media_list_data": [
        
      ],
      "string_list_data": [
        {
          "href": "https://www.instagram.com/lenionsketches",
          "value": "lenionsketches",
          "timestamp": 1692524757
        }
      ]
    },
    {
      "title": "",
      "media_list_data": [
        
      ],
      "string_list_data": [
        {
          "href": "https://www.instagram.com/pasqualemauriello77",
          "value": "pasqualemauriello77",
          "timestamp": 1692524755
        }
      ]
    },
    {
      "title": "",
      "media_list_data": [
        
      ],
      "string_list_data": [
        {
          "href": "https://www.instagram.com/robs_inthisworld",
          "value": "robs_inthisworld",
          "timestamp": 1692524755
        }
      ]
    },
    {
      "title": "",
      "media_list_data": [
        
      ],
      "string_list_data": [
        {
          "href": "https://www.instagram.com/un_fiordaliso",
          "value": "un_fiordaliso",
          "timestamp": 1692524755
        }
      ]
    },
    {
      "title": "",
      "media_list_data": [
        
      ],
      "string_list_data": [
        {
          "href": "https://www.instagram.com/legge_95",
          "value": "legge_95",
          "timestamp": 1692524755
        }
      ]
    },
    {
      "title": "",
      "media_list_data": [
        
      ],
      "string_list_data": [
        {
          "href": "https://www.instagram.com/i.vqan",
          "value": "i.vqan",
          "timestamp": 1692524754
        }
      ]
    },
    {
      "title": "",
      "media_list_data": [
        
      ],
      "string_list_data": [
        {
          "href": "https://www.instagram.com/hanami.press",
          "value": "hanami.press",
          "timestamp": 1692524754
        }
      ]
    },
    {
      "title": "",
      "media_list_data": [
        
      ],
      "string_list_data": [
        {
          "href": "https://www.instagram.com/iambraza",
          "value": "iambraza",
          "timestamp": 1692524754
        }
      ]
    },
    {
      "title": "",
      "media_list_data": [
        
      ],
      "string_list_data": [
        {
          "href": "https://www.instagram.com/andnotelseart",
          "value": "andnotelseart",
          "timestamp": 1692524754
        }
      ]
    },
    {
      "title": "",
      "media_list_data": [
        
      ],
      "string_list_data": [
        {
          "href": "https://www.instagram.com/krapfen_alla_crema",
          "value": "krapfen_alla_crema",
          "timestamp": 1692524754
        }
      ]
    },
    {
      "title": "",
      "media_list_data": [
        
      ],
      "string_list_data": [
        {
          "href": "https://www.instagram.com/jex_art_",
          "value": "jex_art_",
          "timestamp": 1692524754
        }
      ]
    },
    {
      "title": "",
      "media_list_data": [
        
      ],
      "string_list_data": [
        {
          "href": "https://www.instagram.com/krabby.boy",
          "value": "krabby.boy",
          "timestamp": 1692524754
        }
      ]
    },
    {
      "title": "",
      "media_list_data": [
        
      ],
      "string_list_data": [
        {
          "href": "https://www.instagram.com/astral.y2k",
          "value": "astral.y2k",
          "timestamp": 1692524753
        }
      ]
    },
    {
      "title": "",
      "media_list_data": [
        
      ],
      "string_list_data": [
        {
          "href": "https://www.instagram.com/de.desosia",
          "value": "de.desosia",
          "timestamp": 1692524753
        }
      ]
    },
    {
      "title": "",
      "media_list_data": [
        
      ],
      "string_list_data": [
        {
          "href": "https://www.instagram.com/martina.lomauro",
          "value": "martina.lomauro",
          "timestamp": 1692524753
        }
      ]
    },
    {
      "title": "",
      "media_list_data": [
        
      ],
      "string_list_data": [
        {
          "href": "https://www.instagram.com/mabe.jp",
          "value": "mabe.jp",
          "timestamp": 1692524752
        }
      ]
    },
    {
      "title": "",
      "media_list_data": [
        
      ],
      "string_list_data": [
        {
          "href": "https://www.instagram.com/story_bards",
          "value": "story_bards",
          "timestamp": 1692524748
        }
      ]
    },
    {
      "title": "",
      "media_list_data": [
        
      ],
      "string_list_data": [
        {
          "href": "https://www.instagram.com/poster.spotter",
          "value": "poster.spotter",
          "timestamp": 1692524748
        }
      ]
    },
    {
      "title": "",
      "media_list_data": [
        
      ],
      "string_list_data": [
        {
          "href": "https://www.instagram.com/poliambulatorio_sanluigi",
          "value": "poliambulatorio_sanluigi",
          "timestamp": 1692524748
        }
      ]
    },
    {
      "title": "",
      "media_list_data": [
        
      ],
      "string_list_data": [
        {
          "href": "https://www.instagram.com/giancle",
          "value": "giancle",
          "timestamp": 1692524748
        }
      ]
    },
    {
      "title": "",
      "media_list_data": [
        
      ],
      "string_list_data": [
        {
          "href": "https://www.instagram.com/domo.arts.studio",
          "value": "domo.arts.studio",
          "timestamp": 1692524747
        }
      ]
    },
    {
      "title": "",
      "media_list_data": [
        
      ],
      "string_list_data": [
        {
          "href": "https://www.instagram.com/daria.confusionaria",
          "value": "daria.confusionaria",
          "timestamp": 1692524747
        }
      ]
    },
    {
      "title": "",
      "media_list_data": [
        
      ],
      "string_list_data": [
        {
          "href": "https://www.instagram.com/albatro_fumetti",
          "value": "albatro_fumetti",
          "timestamp": 1692524747
        }
      ]
    },
    {
      "title": "",
      "media_list_data": [
        
      ],
      "string_list_data": [
        {
          "href": "https://www.instagram.com/zainetto_blue",
          "value": "zainetto_blue",
          "timestamp": 1692524747
        }
      ]
    },
    {
      "title": "",
      "media_list_data": [
        
      ],
      "string_list_data": [
        {
          "href": "https://www.instagram.com/izloelab",
          "value": "izloelab",
          "timestamp": 1692524747
        }
      ]
    },
    {
      "title": "",
      "media_list_data": [
        
      ],
      "string_list_data": [
        {
          "href": "https://www.instagram.com/bebaddesign",
          "value": "bebaddesign",
          "timestamp": 1692524746
        }
      ]
    },
    {
      "title": "",
      "media_list_data": [
        
      ],
      "string_list_data": [
        {
          "href": "https://www.instagram.com/davidedotti__",
          "value": "davidedotti__",
          "timestamp": 1692524743
        }
      ]
    },
    {
      "title": "",
      "media_list_data": [
        
      ],
      "string_list_data": [
        {
          "href": "https://www.instagram.com/xoogod",
          "value": "xoogod",
          "timestamp": 1692524742
        }
      ]
    },
    {
      "title": "",
      "media_list_data": [
        
      ],
      "string_list_data": [
        {
          "href": "https://www.instagram.com/kikidotpng",
          "value": "kikidotpng",
          "timestamp": 1692524742
        }
      ]
    },
    {
      "title": "",
      "media_list_data": [
        
      ],
      "string_list_data": [
        {
          "href": "https://www.instagram.com/po_fficial",
          "value": "po_fficial",
          "timestamp": 1692524742
        }
      ]
    },
    {
      "title": "",
      "media_list_data": [
        
      ],
      "string_list_data": [
        {
          "href": "https://www.instagram.com/cyanogoth",
          "value": "cyanogoth",
          "timestamp": 1692524742
        }
      ]
    },
    {
      "title": "",
      "media_list_data": [
        
      ],
      "string_list_data": [
        {
          "href": "https://www.instagram.com/matusow94",
          "value": "matusow94",
          "timestamp": 1692524742
        }
      ]
    },
    {
      "title": "",
      "media_list_data": [
        
      ],
      "string_list_data": [
        {
          "href": "https://www.instagram.com/egg.yolku",
          "value": "egg.yolku",
          "timestamp": 1692524741
        }
      ]
    },
    {
      "title": "",
      "media_list_data": [
        
      ],
      "string_list_data": [
        {
          "href": "https://www.instagram.com/lcasponi.dev",
          "value": "lcasponi.dev",
          "timestamp": 1692524741
        }
      ]
    },
    {
      "title": "",
      "media_list_data": [
        
      ],
      "string_list_data": [
        {
          "href": "https://www.instagram.com/mana.cds",
          "value": "mana.cds",
          "timestamp": 1692524741
        }
      ]
    },
    {
      "title": "",
      "media_list_data": [
        
      ],
      "string_list_data": [
        {
          "href": "https://www.instagram.com/brandosauro.illustrazioni",
          "value": "brandosauro.illustrazioni",
          "timestamp": 1692524741
        }
      ]
    },
    {
      "title": "",
      "media_list_data": [
        
      ],
      "string_list_data": [
        {
          "href": "https://www.instagram.com/eduardotexx",
          "value": "eduardotexx",
          "timestamp": 1692524736
        }
      ]
    },
    {
      "title": "",
      "media_list_data": [
        
      ],
      "string_list_data": [
        {
          "href": "https://www.instagram.com/mugi_tamago",
          "value": "mugi_tamago",
          "timestamp": 1692524735
        }
      ]
    },
    {
      "title": "",
      "media_list_data": [
        
      ],
      "string_list_data": [
        {
          "href": "https://www.instagram.com/elite_club_asti",
          "value": "elite_club_asti",
          "timestamp": 1692524735
        }
      ]
    },
    {
      "title": "",
      "media_list_data": [
        
      ],
      "string_list_data": [
        {
          "href": "https://www.instagram.com/vasty3d",
          "value": "vasty3d",
          "timestamp": 1692524735
        }
      ]
    },
    {
      "title": "",
      "media_list_data": [
        
      ],
      "string_list_data": [
        {
          "href": "https://www.instagram.com/msnbntn",
          "value": "msnbntn",
          "timestamp": 1692524735
        }
      ]
    },
    {
      "title": "",
      "media_list_data": [
        
      ],
      "string_list_data": [
        {
          "href": "https://www.instagram.com/carnoliluca",
          "value": "carnoliluca",
          "timestamp": 1692524735
        }
      ]
    },
    {
      "title": "",
      "media_list_data": [
        
      ],
      "string_list_data": [
        {
          "href": "https://www.instagram.com/lollo_rese",
          "value": "lollo_rese",
          "timestamp": 1692524735
        }
      ]
    },
    {
      "title": "",
      "media_list_data": [
        
      ],
      "string_list_data": [
        {
          "href": "https://www.instagram.com/districamente",
          "value": "districamente",
          "timestamp": 1692524734
        }
      ]
    },
    {
      "title": "",
      "media_list_data": [
        
      ],
      "string_list_data": [
        {
          "href": "https://www.instagram.com/myhumansfactory",
          "value": "myhumansfactory",
          "timestamp": 1692524734
        }
      ]
    },
    {
      "title": "",
      "media_list_data": [
        
      ],
      "string_list_data": [
        {
          "href": "https://www.instagram.com/mattiabrando_",
          "value": "mattiabrando_",
          "timestamp": 1692524734
        }
      ]
    },
    {
      "title": "",
      "media_list_data": [
        
      ],
      "string_list_data": [
        {
          "href": "https://www.instagram.com/barthur__",
          "value": "barthur__",
          "timestamp": 1692128169
        }
      ]
    },
    {
      "title": "",
      "media_list_data": [
        
      ],
      "string_list_data": [
        {
          "href": "https://www.instagram.com/classicsafaritz",
          "value": "classicsafaritz",
          "timestamp": 1591706779
        }
      ]
    },
    {
      "title": "",
      "media_list_data": [
        
      ],
      "string_list_data": [
        {
          "href": "https://www.instagram.com/filippo__corradi",
          "value": "filippo__corradi",
          "timestamp": 1591706779
        }
      ]
    },
    {
      "title": "",
      "media_list_data": [
        
      ],
      "string_list_data": [
        {
          "href": "https://www.instagram.com/ray_ishihara",
          "value": "ray_ishihara",
          "timestamp": 1591706776
        }
      ]
    },
    {
      "title": "",
      "media_list_data": [
        
      ],
      "string_list_data": [
        {
          "href": "https://www.instagram.com/laadyymaacc",
          "value": "laadyymaacc",
          "timestamp": 1591706775
        }
      ]
    },
    {
      "title": "",
      "media_list_data": [
        
      ],
      "string_list_data": [
        {
          "href": "https://www.instagram.com/spencerjac0bson",
          "value": "spencerjac0bson",
          "timestamp": 1591706775
        }
      ]
    },
    {
      "title": "",
      "media_list_data": [
        
      ],
      "string_list_data": [
        {
          "href": "https://www.instagram.com/hirose1959",
          "value": "hirose1959",
          "timestamp": 1591706775
        }
      ]
    },
    {
      "title": "",
      "media_list_data": [
        
      ],
      "string_list_data": [
        {
          "href": "https://www.instagram.com/bob_le_goron",
          "value": "bob_le_goron",
          "timestamp": 1591706775
        }
      ]
    },
    {
      "title": "",
      "media_list_data": [
        
      ],
      "string_list_data": [
        {
          "href": "https://www.instagram.com/tsumoken0902",
          "value": "tsumoken0902",
          "timestamp": 1591706775
        }
      ]
    },
    {
      "title": "",
      "media_list_data": [
        
      ],
      "string_list_data": [
        {
          "href": "https://www.instagram.com/yogirl_brace_face",
          "value": "yogirl_brace_face",
          "timestamp": 1591706774
        }
      ]
    },
    {
      "title": "",
      "media_list_data": [
        
      ],
      "string_list_data": [
        {
          "href": "https://www.instagram.com/manabanba_hayama",
          "value": "manabanba_hayama",
          "timestamp": 1591706774
        }
      ]
    },
    {
      "title": "",
      "media_list_data": [
        
      ],
      "string_list_data": [
        {
          "href": "https://www.instagram.com/anonimo.69.69.0",
          "value": "anonimo.69.69.0",
          "timestamp": 1591706774
        }
      ]
    },
    {
      "title": "",
      "media_list_data": [
        
      ],
      "string_list_data": [
        {
          "href": "https://www.instagram.com/hillsgarege",
          "value": "hillsgarege",
          "timestamp": 1591706774
        }
      ]
    },
    {
      "title": "",
      "media_list_data": [
        
      ],
      "string_list_data": [
        {
          "href": "https://www.instagram.com/yumi_komoco",
          "value": "yumi_komoco",
          "timestamp": 1591706774
        }
      ]
    },
    {
      "title": "",
      "media_list_data": [
        
      ],
      "string_list_data": [
        {
          "href": "https://www.instagram.com/realsecretextension",
          "value": "realsecretextension",
          "timestamp": 1591706773
        }
      ]
    },
    {
      "title": "",
      "media_list_data": [
        
      ],
      "string_list_data": [
        {
          "href": "https://www.instagram.com/platano_2pm",
          "value": "platano_2pm",
          "timestamp": 1591706773
        }
      ]
    },
    {
      "title": "",
      "media_list_data": [
        
      ],
      "string_list_data": [
        {
          "href": "https://www.instagram.com/joey_goodboey",
          "value": "joey_goodboey",
          "timestamp": 1591706773
        }
      ]
    },
    {
      "title": "",
      "media_list_data": [
        
      ],
      "string_list_data": [
        {
          "href": "https://www.instagram.com/gggeohmj",
          "value": "gggeohmj",
          "timestamp": 1591706773
        }
      ]
    },
    {
      "title": "",
      "media_list_data": [
        
      ],
      "string_list_data": [
        {
          "href": "https://www.instagram.com/mo2arts",
          "value": "mo2arts",
          "timestamp": 1591706773
        }
      ]
    },
    {
      "title": "",
      "media_list_data": [
        
      ],
      "string_list_data": [
        {
          "href": "https://www.instagram.com/naharvest",
          "value": "naharvest",
          "timestamp": 1591706773
        }
      ]
    },
    {
      "title": "",
      "media_list_data": [
        
      ],
      "string_list_data": [
        {
          "href": "https://www.instagram.com/we_are_defi",
          "value": "we_are_defi",
          "timestamp": 1591706773
        }
      ]
    },
    {
      "title": "",
      "media_list_data": [
        
      ],
      "string_list_data": [
        {
          "href": "https://www.instagram.com/a_crochet_arica",
          "value": "a_crochet_arica",
          "timestamp": 1591706772
        }
      ]
    },
    {
      "title": "",
      "media_list_data": [
        
      ],
      "string_list_data": [
        {
          "href": "https://www.instagram.com/hotel_magnifique",
          "value": "hotel_magnifique",
          "timestamp": 1591706772
        }
      ]
    },
    {
      "title": "",
      "media_list_data": [
        
      ],
      "string_list_data": [
        {
          "href": "https://www.instagram.com/feelingblue_film",
          "value": "feelingblue_film",
          "timestamp": 1591706772
        }
      ]
    },
    {
      "title": "",
      "media_list_data": [
        
      ],
      "string_list_data": [
        {
          "href": "https://www.instagram.com/cecilia_asami",
          "value": "cecilia_asami",
          "timestamp": 1591706772
        }
      ]
    },
    {
      "title": "",
      "media_list_data": [
        
      ],
      "string_list_data": [
        {
          "href": "https://www.instagram.com/folkkoshigoe",
          "value": "folkkoshigoe",
          "timestamp": 1591706771
        }
      ]
    },
    {
      "title": "",
      "media_list_data": [
        
      ],
      "string_list_data": [
        {
          "href": "https://www.instagram.com/hiranotei_hayama",
          "value": "hiranotei_hayama",
          "timestamp": 1591706771
        }
      ]
    },
    {
      "title": "",
      "media_list_data": [
        
      ],
      "string_list_data": [
        {
          "href": "https://www.instagram.com/casakamakura.breakfast",
          "value": "casakamakura.breakfast",
          "timestamp": 1591706767
        }
      ]
    },
    {
      "title": "",
      "media_list_data": [
        
      ],
      "string_list_data": [
        {
          "href": "https://www.instagram.com/viih_fc_tube__",
          "value": "viih_fc_tube__",
          "timestamp": 1546012051
        }
      ]
    },
    {
      "title": "",
      "media_list_data": [
        
      ],
      "string_list_data": [
        {
          "href": "https://www.instagram.com/adirferreiradossantos",
          "value": "adirferreiradossantos",
          "timestamp": 1546012048
        }
      ]
    },
    {
      "title": "",
      "media_list_data": [
        
      ],
      "string_list_data": [
        {
          "href": "https://www.instagram.com/biancasousafarias",
          "value": "biancasousafarias",
          "timestamp": 1546012041
        }
      ]
    },
    {
      "title": "",
      "media_list_data": [
        
      ],
      "string_list_data": [
        {
          "href": "https://www.instagram.com/yulajeniffer",
          "value": "yulajeniffer",
          "timestamp": 1546012030
        }
      ]
    },
    {
      "title": "",
      "media_list_data": [
        
      ],
      "string_list_data": [
        {
          "href": "https://www.instagram.com/annaliira10___oficial",
          "value": "annaliira10___oficial",
          "timestamp": 1546012022
        }
      ]
    },
    {
      "title": "",
      "media_list_data": [
        
      ],
      "string_list_data": [
        {
          "href": "https://www.instagram.com/matteosalviniofficial",
          "value": "matteosalviniofficial",
          "timestamp": 1545242752
        }
      ]
    },
    {
      "title": "",
      "media_list_data": [
        
      ],
      "string_list_data": [
        {
          "href": "https://www.instagram.com/giuseppeconte_ufficiale",
          "value": "giuseppeconte_ufficiale",
          "timestamp": 1545242751
        }
      ]
    },
    {
      "title": "",
      "media_list_data": [
        
      ],
      "string_list_data": [
        {
          "href": "https://www.instagram.com/yotobi",
          "value": "yotobi",
          "timestamp": 1544177507
        }
      ]
    },
    {
      "title": "",
      "media_list_data": [
        
      ],
      "string_list_data": [
        {
          "href": "https://www.instagram.com/antoninochef",
          "value": "antoninochef",
          "timestamp": 1544030343
        }
      ]
    },
    {
      "title": "",
      "media_list_data": [
        
      ],
      "string_list_data": [
        {
          "href": "https://www.instagram.com/favij",
          "value": "favij",
          "timestamp": 1544030342
        }
      ]
    },
    {
      "title": "",
      "media_list_data": [
        
      ],
      "string_list_data": [
        {
          "href": "https://www.instagram.com/morichels",
          "value": "morichels",
          "timestamp": 1544030342
        }
      ]
    },
    {
      "title": "",
      "media_list_data": [
        
      ],
      "string_list_data": [
        {
          "href": "https://www.instagram.com/zpisthetic",
          "value": "zpisthetic",
          "timestamp": 1544030341
        }
      ]
    },
    {
      "title": "",
      "media_list_data": [
        
      ],
      "string_list_data": [
        {
          "href": "https://www.instagram.com/tmlplanet",
          "value": "tmlplanet",
          "timestamp": 1544030341
        }
      ]
    },
    {
      "title": "",
      "media_list_data": [
        
      ],
      "string_list_data": [
        {
          "href": "https://www.instagram.com/amorosoof",
          "value": "amorosoof",
          "timestamp": 1544030340
        }
      ]
    },
    {
      "title": "",
      "media_list_data": [
        
      ],
      "string_list_data": [
        {
          "href": "https://www.instagram.com/chiaraferragni",
          "value": "chiaraferragni",
          "timestamp": 1544030340
        }
      ]
    },
    {
      "title": "",
      "media_list_data": [
        
      ],
      "string_list_data": [
        {
          "href": "https://www.instagram.com/therealhunzigram",
          "value": "therealhunzigram",
          "timestamp": 1544030340
        }
      ]
    },
    {
      "title": "",
      "media_list_data": [
        
      ],
      "string_list_data": [
        {
          "href": "https://www.instagram.com/mastino73_",
          "value": "mastino73_",
          "timestamp": 1544030340
        }
      ]
    },
    {
      "title": "",
      "media_list_data": [
        
      ],
      "string_list_data": [
        {
          "href": "https://www.instagram.com/stefanodemartino",
          "value": "stefanodemartino",
          "timestamp": 1544030340
        }
      ]
    },
    {
      "title": "",
      "media_list_data": [
        
      ],
      "string_list_data": [
        {
          "href": "https://www.instagram.com/_the_jackal",
          "value": "_the_jackal",
          "timestamp": 1544030338
        }
      ]
    },
    {
      "title": "",
      "media_list_data": [
        
      ],
      "string_list_data": [
        {
          "href": "https://www.instagram.com/parcoadamellobrenta",
          "value": "parcoadamellobrenta",
          "timestamp": 1544030337
        }
      ]
    },
    {
      "title": "",
      "media_list_data": [
        
      ],
      "string_list_data": [
        {
          "href": "https://www.instagram.com/villacrespi",
          "value": "villacrespi",
          "timestamp": 1544030337
        }
      ]
    },
    {
      "title": "",
      "media_list_data": [
        
      ],
      "string_list_data": [
        {
          "href": "https://www.instagram.com/dario_moccia",
          "value": "dario_moccia",
          "timestamp": 1544030336
        }
      ]
    },
    {
      "title": "",
      "media_list_data": [
        
      ],
      "string_list_data": [
        {
          "href": "https://www.instagram.com/edesubitoex",
          "value": "edesubitoex",
          "timestamp": 1544030334
        }
      ]
    },
    {
      "title": "",
      "media_list_data": [
        
      ],
      "string_list_data": [
        {
          "href": "https://www.instagram.com/scuolazoo",
          "value": "scuolazoo",
          "timestamp": 1544030334
        }
      ]
    },
    {
      "title": "",
      "media_list_data": [
        
      ],
      "string_list_data": [
        {
          "href": "https://www.instagram.com/giuliadelellis103",
          "value": "giuliadelellis103",
          "timestamp": 1544030333
        }
      ]
    },
    {
      "title": "",
      "media_list_data": [
        
      ],
      "string_list_data": [
        {
          "href": "https://www.instagram.com/dilettaleotta",
          "value": "dilettaleotta",
          "timestamp": 1544030332
        }
      ]
    },
    {
      "title": "",
      "media_list_data": [
        
      ],
      "string_list_data": [
        {
          "href": "https://www.instagram.com/kasanova",
          "value": "kasanova",
          "timestamp": 1544030330
        }
      ]
    },
    {
      "title": "",
      "media_list_data": [
        
      ],
      "string_list_data": [
        {
          "href": "https://www.instagram.com/vivi_giappone",
          "value": "vivi_giappone",
          "timestamp": 1544030329
        }
      ]
    },
    {
      "title": "",
      "media_list_data": [
        
      ],
      "string_list_data": [
        {
          "href": "https://www.instagram.com/cliomakeup_official",
          "value": "cliomakeup_official",
          "timestamp": 1544030329
        }
      ]
    },
    {
      "title": "",
      "media_list_data": [
        
      ],
      "string_list_data": [
        {
          "href": "https://www.instagram.com/nadiatoffa",
          "value": "nadiatoffa",
          "timestamp": 1544030328
        }
      ]
    },
    {
      "title": "",
      "media_list_data": [
        
      ],
      "string_list_data": [
        {
          "href": "https://www.instagram.com/cheersilpodcast",
          "value": "cheersilpodcast",
          "timestamp": 1544024955
        }
      ]
    },
    {
      "title": "",
      "media_list_data": [
        
      ],
      "string_list_data": [
        {
          "href": "https://www.instagram.com/zachbraff",
          "value": "zachbraff",
          "timestamp": 1544024954
        }
      ]
    },
    {
      "title": "",
      "media_list_data": [
        
      ],
      "string_list_data": [
        {
          "href": "https://www.instagram.com/claudiodibiagio",
          "value": "claudiodibiagio",
          "timestamp": 1544024951
        }
      ]
    },
    {
      "title": "",
      "media_list_data": [
        
      ],
      "string_list_data": [
        {
          "href": "https://www.instagram.com/pif_iltestimone",
          "value": "pif_iltestimone",
          "timestamp": 1544024951
        }
      ]
    },
    {
      "title": "",
      "media_list_data": [
        
      ],
      "string_list_data": [
        {
          "href": "https://www.instagram.com/vickypattison",
          "value": "vickypattison",
          "timestamp": 1543934942
        }
      ]
    },
    {
      "title": "",
      "media_list_data": [
        
      ],
      "string_list_data": [
        {
          "href": "https://www.instagram.com/littlemix",
          "value": "littlemix",
          "timestamp": 1543934941
        }
      ]
    },
    {
      "title": "",
      "media_list_data": [
        
      ],
      "string_list_data": [
        {
          "href": "https://www.instagram.com/iscoalarcon",
          "value": "iscoalarcon",
          "timestamp": 1543934941
        }
      ]
    },
    {
      "title": "",
      "media_list_data": [
        
      ],
      "string_list_data": [
        {
          "href": "https://www.instagram.com/realmadrid",
          "value": "realmadrid",
          "timestamp": 1543934941
        }
      ]
    },
    {
      "title": "",
      "media_list_data": [
        
      ],
      "string_list_data": [
        {
          "href": "https://www.instagram.com/bn_sj2013",
          "value": "bn_sj2013",
          "timestamp": 1543934941
        }
      ]
    },
    {
      "title": "",
      "media_list_data": [
        
      ],
      "string_list_data": [
        {
          "href": "https://www.instagram.com/katherinelangford",
          "value": "katherinelangford",
          "timestamp": 1543934941
        }
      ]
    },
    {
      "title": "",
      "media_list_data": [
        
      ],
      "string_list_data": [
        {
          "href": "https://www.instagram.com/michelleziu",
          "value": "michelleziu",
          "timestamp": 1543934940
        }
      ]
    },
    {
      "title": "",
      "media_list_data": [
        
      ],
      "string_list_data": [
        {
          "href": "https://www.instagram.com/icc",
          "value": "icc",
          "timestamp": 1543934940
        }
      ]
    },
    {
      "title": "",
      "media_list_data": [
        
      ],
      "string_list_data": [
        {
          "href": "https://www.instagram.com/rasheeda",
          "value": "rasheeda",
          "timestamp": 1543934940
        }
      ]
    },
    {
      "title": "",
      "media_list_data": [
        
      ],
      "string_list_data": [
        {
          "href": "https://www.instagram.com/lifeofdesiigner",
          "value": "lifeofdesiigner",
          "timestamp": 1543934940
        }
      ]
    },
    {
      "title": "",
      "media_list_data": [
        
      ],
      "string_list_data": [
        {
          "href": "https://www.instagram.com/thekatvond",
          "value": "thekatvond",
          "timestamp": 1543934939
        }
      ]
    },
    {
      "title": "",
      "media_list_data": [
        
      ],
      "string_list_data": [
        {
          "href": "https://www.instagram.com/tammyhembrow",
          "value": "tammyhembrow",
          "timestamp": 1543934939
        }
      ]
    },
    {
      "title": "",
      "media_list_data": [
        
      ],
      "string_list_data": [
        {
          "href": "https://www.instagram.com/littlebodybigheart",
          "value": "littlebodybigheart",
          "timestamp": 1543934939
        }
      ]
    },
    {
      "title": "",
      "media_list_data": [
        
      ],
      "string_list_data": [
        {
          "href": "https://www.instagram.com/sureshraina3",
          "value": "sureshraina3",
          "timestamp": 1543934938
        }
      ]
    },
    {
      "title": "",
      "media_list_data": [
        
      ],
      "string_list_data": [
        {
          "href": "https://www.instagram.com/shraddhakapoor",
          "value": "shraddhakapoor",
          "timestamp": 1543934938
        }
      ]
    },
    {
      "title": "",
      "media_list_data": [
        
      ],
      "string_list_data": [
        {
          "href": "https://www.instagram.com/nacho",
          "value": "nacho",
          "timestamp": 1543934937
        }
      ]
    },
    {
      "title": "",
      "media_list_data": [
        
      ],
      "string_list_data": [
        {
          "href": "https://www.instagram.com/leonardodicaprio",
          "value": "leonardodicaprio",
          "timestamp": 1543934936
        }
      ]
    },
    {
      "title": "",
      "media_list_data": [
        
      ],
      "string_list_data": [
        {
          "href": "https://www.instagram.com/warriors",
          "value": "warriors",
          "timestamp": 1543923305
        }
      ]
    },
    {
      "title": "",
      "media_list_data": [
        
      ],
      "string_list_data": [
        {
          "href": "https://www.instagram.com/kellyrohrbach",
          "value": "kellyrohrbach",
          "timestamp": 1543923305
        }
      ]
    },
    {
      "title": "",
      "media_list_data": [
        
      ],
      "string_list_data": [
        {
          "href": "https://www.instagram.com/ichasoebandono",
          "value": "ichasoebandono",
          "timestamp": 1543923305
        }
      ]
    },
    {
      "title": "",
      "media_list_data": [
        
      ],
      "string_list_data": [
        {
          "href": "https://www.instagram.com/jscmila",
          "value": "jscmila",
          "timestamp": 1543923304
        }
      ]
    },
    {
      "title": "",
      "media_list_data": [
        
      ],
      "string_list_data": [
        {
          "href": "https://www.instagram.com/chelseaoliviaa",
          "value": "chelseaoliviaa",
          "timestamp": 1543923304
        }
      ]
    },
    {
      "title": "",
      "media_list_data": [
        
      ],
      "string_list_data": [
        {
          "href": "https://www.instagram.com/bundesliga",
          "value": "bundesliga",
          "timestamp": 1543923304
        }
      ]
    },
    {
      "title": "",
      "media_list_data": [
        
      ],
      "string_list_data": [
        {
          "href": "https://www.instagram.com/travisscott",
          "value": "travisscott",
          "timestamp": 1543923304
        }
      ]
    },
    {
      "title": "",
      "media_list_data": [
        
      ],
      "string_list_data": [
        {
          "href": "https://www.instagram.com/prettylittleliars",
          "value": "prettylittleliars",
          "timestamp": 1543923304
        }
      ]
    },
    {
      "title": "",
      "media_list_data": [
        
      ],
      "string_list_data": [
        {
          "href": "https://www.instagram.com/ksi",
          "value": "ksi",
          "timestamp": 1543923304
        }
      ]
    },
    {
      "title": "",
      "media_list_data": [
        
      ],
      "string_list_data": [
        {
          "href": "https://www.instagram.com/troyesivan",
          "value": "troyesivan",
          "timestamp": 1543923303
        }
      ]
    },
    {
      "title": "",
      "media_list_data": [
        
      ],
      "string_list_data": [
        {
          "href": "https://www.instagram.com/sashapieterse",
          "value": "sashapieterse",
          "timestamp": 1543923303
        }
      ]
    },
    {
      "title": "",
      "media_list_data": [
        
      ],
      "string_list_data": [
        {
          "href": "https://www.instagram.com/dejesusoficial",
          "value": "dejesusoficial",
          "timestamp": 1543923303
        }
      ]
    },
    {
      "title": "",
      "media_list_data": [
        
      ],
      "string_list_data": [
        {
          "href": "https://www.instagram.com/emmawatson",
          "value": "emmawatson",
          "timestamp": 1543923303
        }
      ]
    },
    {
      "title": "",
      "media_list_data": [
        
      ],
      "string_list_data": [
        {
          "href": "https://www.instagram.com/pevpearce",
          "value": "pevpearce",
          "timestamp": 1543923303
        }
      ]
    },
    {
      "title": "",
      "media_list_data": [
        
      ],
      "string_list_data": [
        {
          "href": "https://www.instagram.com/prattprattpratt",
          "value": "prattprattpratt",
          "timestamp": 1543923303
        }
      ]
    },
    {
      "title": "",
      "media_list_data": [
        
      ],
      "string_list_data": [
        {
          "href": "https://www.instagram.com/rickyharun",
          "value": "rickyharun",
          "timestamp": 1543923302
        }
      ]
    },
    {
      "title": "",
      "media_list_data": [
        
      ],
      "string_list_data": [
        {
          "href": "https://www.instagram.com/sbt",
          "value": "sbt",
          "timestamp": 1543923302
        }
      ]
    },
    {
      "title": "",
      "media_list_data": [
        
      ],
      "string_list_data": [
        {
          "href": "https://www.instagram.com/zara",
          "value": "zara",
          "timestamp": 1543923302
        }
      ]
    },
    {
      "title": "",
      "media_list_data": [
        
      ],
      "string_list_data": [
        {
          "href": "https://www.instagram.com/camilaqueiroz",
          "value": "camilaqueiroz",
          "timestamp": 1543923302
        }
      ]
    },
    {
      "title": "",
      "media_list_data": [
        
      ],
      "string_list_data": [
        {
          "href": "https://www.instagram.com/taylor_hill",
          "value": "taylor_hill",
          "timestamp": 1543923302
        }
      ]
    },
    {
      "title": "",
      "media_list_data": [
        
      ],
      "string_list_data": [
        {
          "href": "https://www.instagram.com/ricky_martin",
          "value": "ricky_martin",
          "timestamp": 1543923302
        }
      ]
    },
    {
      "title": "",
      "media_list_data": [
        
      ],
      "string_list_data": [
        {
          "href": "https://www.instagram.com/kendalljenner",
          "value": "kendalljenner",
          "timestamp": 1543923301
        }
      ]
    },
    {
      "title": "",
      "media_list_data": [
        
      ],
      "string_list_data": [
        {
          "href": "https://www.instagram.com/narendramodi",
          "value": "narendramodi",
          "timestamp": 1543923301
        }
      ]
    },
    {
      "title": "",
      "media_list_data": [
        
      ],
      "string_list_data": [
        {
          "href": "https://www.instagram.com/raphaelvarane",
          "value": "raphaelvarane",
          "timestamp": 1543923301
        }
      ]
    },
    {
      "title": "",
      "media_list_data": [
        
      ],
      "string_list_data": [
        {
          "href": "https://www.instagram.com/tomford",
          "value": "tomford",
          "timestamp": 1543923301
        }
      ]
    },
    {
      "title": "",
      "media_list_data": [
        
      ],
      "string_list_data": [
        {
          "href": "https://www.instagram.com/enews",
          "value": "enews",
          "timestamp": 1543923301
        }
      ]
    },
    {
      "title": "",
      "media_list_data": [
        
      ],
      "string_list_data": [
        {
          "href": "https://www.instagram.com/ellendegeneres",
          "value": "ellendegeneres",
          "timestamp": 1543923300
        }
      ]
    },
    {
      "title": "",
      "media_list_data": [
        
      ],
      "string_list_data": [
        {
          "href": "https://www.instagram.com/rudymancuso",
          "value": "rudymancuso",
          "timestamp": 1543923300
        }
      ]
    },
    {
      "title": "",
      "media_list_data": [
        
      ],
      "string_list_data": [
        {
          "href": "https://www.instagram.com/teddysphotos",
          "value": "teddysphotos",
          "timestamp": 1543923300
        }
      ]
    },
    {
      "title": "",
      "media_list_data": [
        
      ],
      "string_list_data": [
        {
          "href": "https://www.instagram.com/natashawilona12",
          "value": "natashawilona12",
          "timestamp": 1543923299
        }
      ]
    },
    {
      "title": "",
      "media_list_data": [
        
      ],
      "string_list_data": [
        {
          "href": "https://www.instagram.com/dreelouisehemingway",
          "value": "dreelouisehemingway",
          "timestamp": 1543923298
        }
      ]
    },
    {
      "title": "",
      "media_list_data": [
        
      ],
      "string_list_data": [
        {
          "href": "https://www.instagram.com/jackgilinsky",
          "value": "jackgilinsky",
          "timestamp": 1543923297
        }
      ]
    },
    {
      "title": "",
      "media_list_data": [
        
      ],
      "string_list_data": [
        {
          "href": "https://www.instagram.com/camerondallas",
          "value": "camerondallas",
          "timestamp": 1543775489
        }
      ]
    },
    {
      "title": "",
      "media_list_data": [
        
      ],
      "string_list_data": [
        {
          "href": "https://www.instagram.com/jamesrodriguez10",
          "value": "jamesrodriguez10",
          "timestamp": 1543775489
        }
      ]
    },
    {
      "title": "",
      "media_list_data": [
        
      ],
      "string_list_data": [
        {
          "href": "https://www.instagram.com/arianagrande",
          "value": "arianagrande",
          "timestamp": 1543775489
        }
      ]
    },
    {
      "title": "",
      "media_list_data": [
        
      ],
      "string_list_data": [
        {
          "href": "https://www.instagram.com/instylemagazine",
          "value": "instylemagazine",
          "timestamp": 1543775489
        }
      ]
    },
    {
      "title": "",
      "media_list_data": [
        
      ],
      "string_list_data": [
        {
          "href": "https://www.instagram.com/giovannaengelbert",
          "value": "giovannaengelbert",
          "timestamp": 1543775489
        }
      ]
    },
    {
      "title": "",
      "media_list_data": [
        
      ],
      "string_list_data": [
        {
          "href": "https://www.instagram.com/alexmapeli",
          "value": "alexmapeli",
          "timestamp": 1543775488
        }
      ]
    },
    {
      "title": "",
      "media_list_data": [
        
      ],
      "string_list_data": [
        {
          "href": "https://www.instagram.com/cristiano",
          "value": "cristiano",
          "timestamp": 1543775488
        }
      ]
    },
    {
      "title": "",
      "media_list_data": [
        
      ],
      "string_list_data": [
        {
          "href": "https://www.instagram.com/worldstar",
          "value": "worldstar",
          "timestamp": 1543775488
        }
      ]
    },
    {
      "title": "",
      "media_list_data": [
        
      ],
      "string_list_data": [
        {
          "href": "https://www.instagram.com/juventus",
          "value": "juventus",
          "timestamp": 1543775488
        }
      ]
    },
    {
      "title": "",
      "media_list_data": [
        
      ],
      "string_list_data": [
        {
          "href": "https://www.instagram.com/shakira",
          "value": "shakira",
          "timestamp": 1543775488
        }
      ]
    },
    {
      "title": "",
      "media_list_data": [
        
      ],
      "string_list_data": [
        {
          "href": "https://www.instagram.com/lizakoshy",
          "value": "lizakoshy",
          "timestamp": 1543775487
        }
      ]
    },
    {
      "title": "",
      "media_list_data": [
        
      ],
      "string_list_data": [
        {
          "href": "https://www.instagram.com/tyga",
          "value": "tyga",
          "timestamp": 1543775487
        }
      ]
    },
    {
      "title": "",
      "media_list_data": [
        
      ],
      "string_list_data": [
        {
          "href": "https://www.instagram.com/ivanmartinez",
          "value": "ivanmartinez",
          "timestamp": 1543775487
        }
      ]
    },
    {
      "title": "",
      "media_list_data": [
        
      ],
      "string_list_data": [
        {
          "href": "https://www.instagram.com/vindiesel",
          "value": "vindiesel",
          "timestamp": 1543775487
        }
      ]
    },
    {
      "title": "",
      "media_list_data": [
        
      ],
      "string_list_data": [
        {
          "href": "https://www.instagram.com/claudialeitte",
          "value": "claudialeitte",
          "timestamp": 1543775487
        }
      ]
    },
    {
      "title": "",
      "media_list_data": [
        
      ],
      "string_list_data": [
        {
          "href": "https://www.instagram.com/renatosanches18",
          "value": "renatosanches18",
          "timestamp": 1543775486
        }
      ]
    },
    {
      "title": "",
      "media_list_data": [
        
      ],
      "string_list_data": [
        {
          "href": "https://www.instagram.com/burberry",
          "value": "burberry",
          "timestamp": 1543775486
        }
      ]
    },
    {
      "title": "",
      "media_list_data": [
        
      ],
      "string_list_data": [
        {
          "href": "https://www.instagram.com/obj",
          "value": "obj",
          "timestamp": 1543775486
        }
      ]
    },
    {
      "title": "",
      "media_list_data": [
        
      ],
      "string_list_data": [
        {
          "href": "https://www.instagram.com/karliekloss",
          "value": "karliekloss",
          "timestamp": 1543775486
        }
      ]
    },
    {
      "title": "",
      "media_list_data": [
        
      ],
      "string_list_data": [
        {
          "href": "https://www.instagram.com/beyonce",
          "value": "beyonce",
          "timestamp": 1543775486
        }
      ]
    },
    {
      "title": "",
      "media_list_data": [
        
      ],
      "string_list_data": [
        {
          "href": "https://www.instagram.com/rafaavitti",
          "value": "rafaavitti",
          "timestamp": 1543775486
        }
      ]
    },
    {
      "title": "",
      "media_list_data": [
        
      ],
      "string_list_data": [
        {
          "href": "https://www.instagram.com/shaymitchell",
          "value": "shaymitchell",
          "timestamp": 1543775485
        }
      ]
    },
    {
      "title": "",
      "media_list_data": [
        
      ],
      "string_list_data": [
        {
          "href": "https://www.instagram.com/rohitsharma45",
          "value": "rohitsharma45",
          "timestamp": 1543775485
        }
      ]
    },
    {
      "title": "",
      "media_list_data": [
        
      ],
      "string_list_data": [
        {
          "href": "https://www.instagram.com/gal_gadot",
          "value": "gal_gadot",
          "timestamp": 1543775485
        }
      ]
    },
    {
      "title": "",
      "media_list_data": [
        
      ],
      "string_list_data": [
        {
          "href": "https://www.instagram.com/nike",
          "value": "nike",
          "timestamp": 1543775485
        }
      ]
    },
    {
      "title": "",
      "media_list_data": [
        
      ],
      "string_list_data": [
        {
          "href": "https://www.instagram.com/theofficialai3",
          "value": "theofficialai3",
          "timestamp": 1543775485
        }
      ]
    },
    {
      "title": "",
      "media_list_data": [
        
      ],
      "string_list_data": [
        {
          "href": "https://www.instagram.com/stephencurry30",
          "value": "stephencurry30",
          "timestamp": 1543775484
        }
      ]
    },
    {
      "title": "",
      "media_list_data": [
        
      ],
      "string_list_data": [
        {
          "href": "https://www.instagram.com/inijedar",
          "value": "inijedar",
          "timestamp": 1543775484
        }
      ]
    },
    {
      "title": "",
      "media_list_data": [
        
      ],
      "string_list_data": [
        {
          "href": "https://www.instagram.com/ttlyteala",
          "value": "ttlyteala",
          "timestamp": 1543775484
        }
      ]
    },
    {
      "title": "",
      "media_list_data": [
        
      ],
      "string_list_data": [
        {
          "href": "https://www.instagram.com/itsmarziapie",
          "value": "itsmarziapie",
          "timestamp": 1543775484
        }
      ]
    },
    {
      "title": "",
      "media_list_data": [
        
      ],
      "string_list_data": [
        {
          "href": "https://www.instagram.com/ruben_onsu",
          "value": "ruben_onsu",
          "timestamp": 1543775483
        }
      ]
    },
    {
      "title": "",
      "media_list_data": [
        
      ],
      "string_list_data": [
        {
          "href": "https://www.instagram.com/lewishamilton",
          "value": "lewishamilton",
          "timestamp": 1543775482
        }
      ]
    },
    {
      "title": "",
      "media_list_data": [
        
      ],
      "string_list_data": [
        {
          "href": "https://www.instagram.com/instagram",
          "value": "instagram",
          "timestamp": 1543775482
        }
      ]
    }
  ]
}