{
  "history_v2": [
    {
      "title": "Find out what Toptal has to offer top developers.",
      "action": "Clic su un'inserzione",
      "timestamp": 1637061021
    },
    {
      "title": "Find out what Toptal has to offer top developers.",
      "action": "Clic su un'inserzione",
      "timestamp": 1636722932
    },
    {
      "title": "Free Ebook: Machine Learning",
      "action": "Clic su un'inserzione",
      "timestamp": 1635286400
    },
    {
      "title": "How important is personal action to combating climate change?",
      "action": "Clic su un'inserzione",
      "timestamp": 1634552280
    }
  ]
}