{
  "devices_camera": [
    {
      "title": "",
      "media_map_data": {
        
      },
      "string_map_data": {
        "Device ID": {
          "href": "",
          "value": "3883cf82133db675e114c1928614603e",
          "timestamp": 0
        },
        "Compression": {
          "href": "",
          "value": "etc2_compression",
          "timestamp": 0
        },
        "Face Tracker Version": {
          "href": "",
          "value": "14",
          "timestamp": 0
        },
        "Supported SDK Versions": {
          "href": "",
          "value": "149.0,150.0,151.0,152.0,153.0,154.0,155.0,156.0,157.0,158.0,159.0,160.0,161.0,162.0,163.0,164.0,165.0,166.0,167.0,168.0,169.0,170.0,171.0,172.0,173.0,174.0,175.0,176.0,177.0,178.0,179.0,180.0,181.0,182.0,183.0,184.0,185.0,186.0,187.0",
          "timestamp": 0
        }
      }
    }
  ]
}