{
  "devices_devices": [
    {
      "title": "",
      "media_map_data": {
        
      },
      "string_map_data": {
        "Last Login": {
          "href": "",
          "value": "",
          "timestamp": 1703879425
        },
        "User Agent": {
          "href": "",
          "value": "Barcelona 312.0.0.33.108 Android (31/12; 450dpi; 1080x2242; OnePlus; AC2003; Nord; qcom; en_US; 547902391)",
          "timestamp": 0
        }
      }
    },
    {
      "title": "",
      "media_map_data": {
        
      },
      "string_map_data": {
        "Last Login": {
          "href": "",
          "value": "",
          "timestamp": 1627456812
        },
        "User Agent": {
          "href": "",
          "value": "Instagram 198.0.0.32.120 Android (29/10; 420dpi; 1080x2229; OnePlus; AC2003; Nord; qcom; it_IT; 307053317)",
          "timestamp": 0
        }
      }
    },
    {
      "title": "",
      "media_map_data": {
        
      },
      "string_map_data": {
        "Last Login": {
          "href": "",
          "value": "",
          "timestamp": 1587385147
        },
        "User Agent": {
          "href": "",
          "value": "Instagram 137.0.0.34.123 Android (28/9; 540dpi; 1080x1920; Xiaomi/xiaomi; Mi A1; tissot_sprout; qcom; it_IT; 209143963)",
          "timestamp": 0
        }
      }
    },
    {
      "title": "",
      "media_map_data": {
        
      },
      "string_map_data": {
        "Last Login": {
          "href": "",
          "value": "",
          "timestamp": 1543775363
        },
        "User Agent": {
          "href": "",
          "value": "Instagram 72.0.0.21.98 Android (27/8.1.0; 408dpi; 1080x1920; Xiaomi/xiaomi; Mi A1; tissot_sprout; qcom; it_IT; 132081649)",
          "timestamp": 0
        }
      }
    }
  ]
}