{
  "comments_v2": [
    {
      "timestamp": 1493139742,
      "data": [
        {
          "comment": {
            "timestamp": 1493139742,
            "comment": "il tre era uno dei migliori, i primi due sono i peggiori",
            "author": "Davide"
          }
        }
      ],
      "title": "Davide ha risposto al commento di Emanuele."
    },
    {
      "timestamp": 1494790602,
      "data": [
        {
          "comment": {
            "timestamp": 1494790602,
            "comment": "Giovanni \u00c3\u00a8 un grande",
            "author": "Davide"
          }
        }
      ],
      "title": "Davide ha risposto al commento di Maurizio."
    },
    {
      "timestamp": 1511691138,
      "data": [
        {
          "comment": {
            "timestamp": 1511691138,
            "comment": "1- *Turing\n2- Stai giustificando un affermazione che \u00c3\u00a8 stata presa come provocazione",
            "author": "Davide"
          }
        }
      ],
      "title": "Davide ha risposto al commento di Sam."
    },
    {
      "timestamp": 1511857327,
      "data": [
        {
          "comment": {
            "timestamp": 1511857327,
            "comment": "\"un post acchiappa like\"",
            "author": "Davide"
          }
        }
      ],
      "title": "Davide ha risposto al commento di Sam."
    },
    {
      "timestamp": 1513514699,
      "title": "Davide ha risposto al commento di Luca."
    },
    {
      "timestamp": 1514118522,
      "title": "Davide ha risposto al commento di Luca."
    },
    {
      "timestamp": 1514118706,
      "title": "Davide ha risposto al commento di Luca."
    },
    {
      "timestamp": 1514119481,
      "title": "Davide ha risposto al commento di Luca."
    },
    {
      "timestamp": 1514119517,
      "title": "Davide ha risposto al commento di Luca."
    },
    {
      "timestamp": 1514640618,
      "data": [
        {
          "comment": {
            "timestamp": 1514640618,
            "comment": "sarebbero, poi non si sa",
            "author": "Davide"
          }
        }
      ],
      "title": "Davide ha risposto al commento di Venieri."
    }
  ]
}