{
    "reactions_v2": [
        {
            "timestamp": 1490378727,
            "data": [
                {
                    "reaction": {
                        "reaction": "LIKE",
                        "actor": "Davide"
                    }
                }
            ],
            "title": "A Davide piace il commento di Luca."
        },
        {
            "timestamp": 1490379432,
            "data": [
                {
                    "reaction": {
                        "reaction": "HAHA",
                        "actor": "Davide"
                    }
                }
            ],
            "title": "A Davide piace il commento di Alessandro."
        },
        {
            "timestamp": 1490479843,
            "data": [
                {
                    "reaction": {
                        "reaction": "SUPPORT",
                        "actor": "Davide"
                    }
                }
            ],
            "title": "A Davide piace il post di Dario"
        },
        {
            "timestamp": 1490479843,
            "data": [
                {
                    "reaction": {
                        "reaction": "SORRY",
                        "actor": "Davide"
                    }
                }
            ],
            "title": "A Davide piace il post di Dario"
        },
        {
            "timestamp": 1490479843,
            "data": [
                {
                    "reaction": {
                        "reaction": "LOVE",
                        "actor": "Davide"
                    }
                }
            ],
            "title": "A Davide piace il post di Dario"
        },
        {
            "timestamp": 1490479843,
            "data": [
                {
                    "reaction": {
                        "reaction": "WOW",
                        "actor": "Davide"
                    }
                }
            ],
            "title": "A Davide piace il post di Dario"
        },
        {
            "timestamp": 1490479843,
            "data": [
                {
                    "reaction": {
                        "reaction": "ANGER",
                        "actor": "Davide"
                    }
                }
            ],
            "title": "A Davide piace il post di Dario"
        }
    ]
}
