{
  "searches_user": [
    {
      "title": "",
      "media_map_data": {
        
      },
      "string_map_data": {
        "Cerca": {
          "href": "",
          "value": "fedez",
          "timestamp": 0
        },
        "Orario": {
          "href": "",
          "value": "",
          "timestamp": 1638831873
        }
      }
    },
    {
      "title": "",
      "media_map_data": {
        
      },
      "string_map_data": {
        "Cerca": {
          "href": "",
          "value": "chiaraferragni",
          "timestamp": 0
        },
        "Orario": {
          "href": "",
          "value": "",
          "timestamp": 1638819467
        }
      }
    },
    {
      "title": "",
      "media_map_data": {
        
      },
      "string_map_data": {
        "Cerca": {
          "href": "",
          "value": "simonepanetty",
          "timestamp": 0
        },
        "Orario": {
          "href": "",
          "value": "",
          "timestamp": 1638739058
        }
      }
    }
  ]
}
