{
  "story_activities_emoji_sliders": [
    {
      "title": "normasteaching",
      "media_list_data": [
        
      ],
      "string_list_data": [
        {
          "href": "",
          "value": "",
          "timestamp": 1615748269
        }
      ]
    },
    {
      "title": "normasteaching",
      "media_list_data": [
        
      ],
      "string_list_data": [
        {
          "href": "",
          "value": "",
          "timestamp": 1613335375
        }
      ]
    },
    {
      "title": "netflixit",
      "media_list_data": [
        
      ],
      "string_list_data": [
        {
          "href": "",
          "value": "",
          "timestamp": 1611003824
        }
      ]
    },
    {
      "title": "netflixit",
      "media_list_data": [
        
      ],
      "string_list_data": [
        {
          "href": "",
          "value": "",
          "timestamp": 1611003814
        }
      ]
    },
    {
      "title": "9gag",
      "media_list_data": [
        
      ],
      "string_list_data": [
        {
          "href": "",
          "value": "",
          "timestamp": 1608646166
        }
      ]
    },
    {
      "title": "serietv.subsfactory",
      "media_list_data": [
        
      ],
      "string_list_data": [
        {
          "href": "",
          "value": "",
          "timestamp": 1540812951
        }
      ]
    },
    {
      "title": "izzyandthefluff",
      "media_list_data": [
        
      ],
      "string_list_data": [
        {
          "href": "",
          "value": "",
          "timestamp": 1538325291
        }
      ]
    }
  ]
}