{
  "impressions_history_recs_hidden_authors": [
    {
      "title": "",
      "media_map_data": {
        
      },
      "string_map_data": {
        "Nome utente": {
          "href": "",
          "value": "henrycavillbosnia",
          "timestamp": 0
        },
        "Data e ora": {
          "href": "",
          "value": "",
          "timestamp": 1638304316
        }
      }
    },
    {
      "title": "",
      "media_map_data": {
        
      },
      "string_map_data": {
        "Nome utente": {
          "href": "",
          "value": "hc38_jersey",
          "timestamp": 0
        },
        "Data e ora": {
          "href": "",
          "value": "",
          "timestamp": 1638256408
        }
      }
    }
  ]
}