{
  "impressions_history_music_heard_in_stories": [
    {
      "title": "",
      "media_map_data": {
        
      },
      "string_map_data": {
        "Canzone": {
          "href": "",
          "value": "Still Waiting",
          "timestamp": 0
        },
        "Artista": {
          "href": "",
          "value": "Sum 41",
          "timestamp": 0
        },
        "Orario": {
          "href": "",
          "value": "",
          "timestamp": 1638878782
        }
      }
    },
    {
      "title": "",
      "media_map_data": {
        
      },
      "string_map_data": {
        "Canzone": {
          "href": "",
          "value": "The Funeral",
          "timestamp": 0
        },
        "Artista": {
          "href": "",
          "value": "Band Of Horses",
          "timestamp": 0
        },
        "Orario": {
          "href": "",
          "value": "",
          "timestamp": 1638832466
        }
      }
    },
    {
      "title": "",
      "media_map_data": {
        
      },
      "string_map_data": {
        "Canzone": {
          "href": "",
          "value": "Radio",
          "timestamp": 0
        },
        "Artista": {
          "href": "",
          "value": "Lana Del Rey",
          "timestamp": 0
        },
        "Orario": {
          "href": "",
          "value": "",
          "timestamp": 1638830052
        }
      }
    },
    {
      "title": "",
      "media_map_data": {
        
      },
      "string_map_data": {
        "Canzone": {
          "href": "",
          "value": "Linguaggio",
          "timestamp": 0
        },
        "Artista": {
          "href": "",
          "value": "Venz",
          "timestamp": 0
        },
        "Orario": {
          "href": "",
          "value": "",
          "timestamp": 1638830052
        }
      }
    }
  ]
}
