{
  "impressions_history_chaining_seen": [
    {
      "title": "",
      "media_map_data": {
        
      },
      "string_map_data": {
        "Nome utente": {
          "href": "",
          "value": "serkaytutuncu",
          "timestamp": 0
        },
        "Orario": {
          "href": "",
          "value": "",
          "timestamp": 1603955185
        }
      }
    },
    {
      "title": "",
      "media_map_data": {
        
      },
      "string_map_data": {
        "Nome utente": {
          "href": "",
          "value": "aliyagciii",
          "timestamp": 0
        },
        "Orario": {
          "href": "",
          "value": "",
          "timestamp": 1603955179
        }
      }
    },
    {
      "title": "",
      "media_map_data": {
        
      },
      "string_map_data": {
        "Nome utente": {
          "href": "",
          "value": "ozlemtokaslan",
          "timestamp": 0
        },
        "Orario": {
          "href": "",
          "value": "",
          "timestamp": 1603955152
        }
      }
    },
    {
      "title": "",
      "media_map_data": {
        
      },
      "string_map_data": {
        "Nome utente": {
          "href": "",
          "value": "celikanil",
          "timestamp": 0
        },
        "Orario": {
          "href": "",
          "value": "",
          "timestamp": 1603955042
        }
      }
    }
  ]
}
