{
  "impressions_history_videos_watched": [
    {
      "title": "",
      "media_map_data": {
        
      },
      "string_map_data": {
        "Autore": {
          "href": "",
          "value": "intrashttenimento2.0",
          "timestamp": 0
        },
        "Orario": {
          "href": "",
          "value": "",
          "timestamp": 1638295008
        }
      }
    },
    {
      "title": "",
      "media_map_data": {
        
      },
      "string_map_data": {
        "Autore": {
          "href": "",
          "value": "cats.__.clip",
          "timestamp": 0
        },
        "Orario": {
          "href": "",
          "value": "",
          "timestamp": 1638303598
        }
      }
    },
    {
      "title": "",
      "media_map_data": {
        
      },
      "string_map_data": {
        "Autore": {
          "href": "",
          "value": "catmewhome",
          "timestamp": 0
        },
        "Orario": {
          "href": "",
          "value": "",
          "timestamp": 1638304232
        }
      }
    }
  ]
}
