{
  "ig_stories": [
    {
      "uri": "media/stories/202403/431124554_1511015836110498_4475262623114935778_n_18082948858403339.heic",
      "creation_timestamp": 1710243722,
      "media_metadata": {
        "photo_metadata": {
          "exif_data": [
            {
              "device_id": "android-f8c3e7c01f72d850",
              "camera_position": "unknown",
              "source_type": "feed_reshare"
            }
          ]
        },
        "camera_metadata": {
          "has_camera_metadata": false
        }
      },
      "title": "",
      "cross_post_source": {
        "source_app": "FB"
      }
    }
  ]
}