Data e ora,ID transazione,Descrizione,Prodotto,Metodo di pagamento,Stato,Importo
"20 feb 2019, 10:17",GPA.3308-7811-25856,Fondo per la crescita (Rise of Civilizations),App di Google Play,PayPal: email@gmail.it,Fine,"15,99 EUR"
"8 dic 2018, 02:19",GPA.3325-5518-76909,"Abb, mensile gemme  (Rise of Civilizations)",App di Google Play,PayPal: email@gmail.it,Fine,"9,99 EUR"
"11 feb 2014, 18:40",GPA.13652303650,DraStic DS Emulator,App di Google Play,,Fine,"4,49 EUR"
"9 feb 2014, 18:26",GPA.1390621674,One Year Service (WhatsApp Messenger),App di Google Play,,Fine,"0,89 EUR"
