{
  "likes_media_likes": [
    {
      "title": "lilyjcollins55",
      "media_list_data": [
        
      ],
      "string_list_data": [
        {
          "href": "https://www.instagram.com/p/jsx4kNMLjk/",
          "value": "\u00f0\u009f\u0091\u008d",
          "timestamp": 1390894686
        }
      ]
    },
    {
      "title": "macklemore33",
      "media_list_data": [
        
      ],
      "string_list_data": [
        {
          "href": "https://www.instagram.com/p/aaabbb/",
          "value": "\u00f0\u009f\u0091\u008d",
          "timestamp": 1390894637
        }
      ]
    },
    {
      "title": "lilyjcollins55",
      "media_list_data": [
        
      ],
      "string_list_data": [
        {
          "href": "https://www.instagram.com/p/aaabbb/",
          "value": "\u00f0\u009f\u0091\u008d",
          "timestamp": 1390808784
        }
      ]
    },
    {
      "title": "jaime",
      "media_list_data": [
        
      ],
      "string_list_data": [
        {
          "href": "https://www.instagram.com/p/aaabbb/",
          "value": "\u00f0\u009f\u0091\u008d",
          "timestamp": 1390808776
        }
      ]
    },
    {
      "title": "kevin984",
      "media_list_data": [
        
      ],
      "string_list_data": [
        {
          "href": "https://www.instagram.com/p/aaabbb/",
          "value": "\u00f0\u009f\u0091\u008d",
          "timestamp": 1390776536
        }
      ]
    }
  ]
}
