{
  "pages_followed_v2": [
    {
      "timestamp": 1490182719,
      "data": [
        {
          "name": "Dario Moccia - Pagina Pubblica"
        }
      ],
      "title": "Dario Moccia - Pagina Pubblica"
    },
    {
      "timestamp": 1490485487,
      "data": [
        {
          "name": "Yotobi"
        }
      ],
      "title": "Yotobi"
    },
    {
      "timestamp": 1490818923,
      "data": [
        {
          "name": "Green Day"
        }
      ],
      "title": "Green Day"
    },
    {
      "timestamp": 1490819787,
      "data": [
        {
          "name": "J.R.R. Tolkien"
        }
      ],
      "title": "J.R.R. Tolkien"
    },
    {
      "timestamp": 1499091701,
      "data": [
        {
          "name": "Il Mega Direttore Galattico"
        }
      ],
      "title": "Il Mega Direttore Galattico"
    },
    {
      "timestamp": 1502658865,
      "data": [
        {
          "name": "Straic"
        }
      ],
      "title": "Straic"
    },
    {
      "timestamp": 1502782582,
      "data": [
        {
          "name": "Claudio Di Biagio - Pagina"
        }
      ],
      "title": "Claudio Di Biagio - Pagina"
    },
    {
      "timestamp": 1506431919,
      "data": [
        {
          "name": "Zach Braff"
        }
      ],
      "title": "Zach Braff"
    },
    {
      "timestamp": 1511516058,
      "data": [
        {
          "name": "Cydonia"
        }
      ],
      "title": "Cydonia"
    },
    {
      "timestamp": 1515577894,
      "data": [
        {
          "name": "GIPI (Gian Alfonso Pacinotti)"
        }
      ],
      "title": "GIPI (Gian Alfonso Pacinotti)"
    }
  ]
}