{
  "comments_reels_comments": [
    {
      "string_map_data": {
        "Comment": {
          "value": "il m5s potrebbe NON allearsi con il pd? no."
        },
        "Media Owner": {
          "value": "economiaitalia"
        },
        "Time": {
          "timestamp": 1661186111
        }
      }
    },
    {
      "string_map_data": {
        "Comment": {
          "value": "il gruppo telegram esiste ancora?"
        },
        "Time": {
          "timestamp": 1643828545
        }
      }
    },
    {
      "string_map_data": {
        "Comment": {
          "value": "il suo atteggiamento \u00c3\u00a8 pericoloso ed \u00c3\u00a8 il classico profilo di chi commette femminicidio. Denuncialo"
        },
        "Time": {
          "timestamp": 1625322881
        }
      }
    },
    {
      "string_map_data": {
        "Comment": {
          "value": "tachicardia\n"
        },
        "Media Owner": {
          "value": "claudiodibiagio"
        },
        "Time": {
          "timestamp": 1601681591
        }
      }
    }
  ]
}