{
  "account_history_account_privacy_history": [
    {
      "title": "Switched to Public",
      "media_map_data": {
        
      },
      "string_map_data": {
        "Time": {
          "href": "",
          "value": "",
          "timestamp": 1710243601
        }
      }
    },
    {
      "title": "Switched to Private",
      "media_map_data": {
        
      },
      "string_map_data": {
        "Time": {
          "href": "",
          "value": "",
          "timestamp": 1581271947
        }
      }
    }
  ]
}