{
  "account_history_logout_history": [
    {
      "title": "2024-03-13T16:23:56+00:00",
      "media_map_data": {
        
      },
      "string_map_data": {
        "Cookie Name": {
          "href": "",
          "value": "*************************qIr",
          "timestamp": 0
        },
        "IP Address": {
          "href": "",
          "value": "85.209.199.83",
          "timestamp": 0
        },
        "Language Code": {
          "href": "",
          "value": "it",
          "timestamp": 0
        },
        "Time": {
          "href": "",
          "value": "",
          "timestamp": 1710347036
        },
        "User Agent": {
          "href": "",
          "value": "Mozilla/5.0 (X11; Linux x86_64) AppleWebKit/537.36 (KHTML, like Gecko) Chrome/122.0.0.0 Safari/537.36",
          "timestamp": 0
        }
      }
    },
    {
      "title": "2024-03-12T14:11:28+00:00",
      "media_map_data": {
        
      },
      "string_map_data": {
        "Cookie Name": {
          "href": "",
          "value": "*************************qIr",
          "timestamp": 0
        },
        "IP Address": {
          "href": "",
          "value": "93.44.90.175",
          "timestamp": 0
        },
        "Language Code": {
          "href": "",
          "value": "it",
          "timestamp": 0
        },
        "Time": {
          "href": "",
          "value": "",
          "timestamp": 1710252688
        },
        "User Agent": {
          "href": "",
          "value": "Mozilla/5.0 (X11; Linux x86_64) AppleWebKit/537.36 (KHTML, like Gecko) Chrome/122.0.0.0 Safari/537.36",
          "timestamp": 0
        }
      }
    },
    {
      "title": "2024-03-11T08:39:54+00:00",
      "media_map_data": {
        
      },
      "string_map_data": {
        "Cookie Name": {
          "href": "",
          "value": "*************************qIr",
          "timestamp": 0
        },
        "IP Address": {
          "href": "",
          "value": "85.209.198.138",
          "timestamp": 0
        },
        "Language Code": {
          "href": "",
          "value": "it",
          "timestamp": 0
        },
        "Time": {
          "href": "",
          "value": "",
          "timestamp": 1710146394
        },
        "User Agent": {
          "href": "",
          "value": "Mozilla/5.0 (X11; Linux x86_64) AppleWebKit/537.36 (KHTML, like Gecko) Chrome/122.0.0.0 Safari/537.36",
          "timestamp": 0
        }
      }
    },
    {
      "title": "2024-03-06T11:38:34+00:00",
      "media_map_data": {
        
      },
      "string_map_data": {
        "Cookie Name": {
          "href": "",
          "value": "*************************qIr",
          "timestamp": 0
        },
        "IP Address": {
          "href": "",
          "value": "93.44.91.33",
          "timestamp": 0
        },
        "Language Code": {
          "href": "",
          "value": "en",
          "timestamp": 0
        },
        "Time": {
          "href": "",
          "value": "",
          "timestamp": 1709725114
        },
        "User Agent": {
          "href": "",
          "value": "Mozilla/5.0 (X11; Linux x86_64) AppleWebKit/537.36 (KHTML, like Gecko) Chrome/121.0.0.0 Safari/537.36",
          "timestamp": 0
        }
      }
    },
    {
      "title": "2022-03-28T08:08:56+00:00",
      "media_map_data": {
        
      },
      "string_map_data": {
        "Cookie Name": {
          "href": "",
          "value": "*************************egL",
          "timestamp": 0
        },
        "IP Address": {
          "href": "",
          "value": "93.42.32.63",
          "timestamp": 0
        },
        "Language Code": {
          "href": "",
          "value": "de",
          "timestamp": 0
        },
        "Time": {
          "href": "",
          "value": "",
          "timestamp": 1648454936
        },
        "User Agent": {
          "href": "",
          "value": "Mozilla/5.0 (Windows NT 10.0; Win64; x64) AppleWebKit/537.36 (KHTML, like Gecko) Chrome/99.0.4844.82 Safari/537.36",
          "timestamp": 0
        }
      }
    },
    {
      "title": "2022-03-23T10:16:15+00:00",
      "media_map_data": {
        
      },
      "string_map_data": {
        "Cookie Name": {
          "href": "",
          "value": "*************************egL",
          "timestamp": 0
        },
        "IP Address": {
          "href": "",
          "value": "93.42.35.155",
          "timestamp": 0
        },
        "Language Code": {
          "href": "",
          "value": "hi",
          "timestamp": 0
        },
        "Time": {
          "href": "",
          "value": "",
          "timestamp": 1648030575
        },
        "User Agent": {
          "href": "",
          "value": "Mozilla/5.0 (Windows NT 10.0; Win64; x64) AppleWebKit/537.36 (KHTML, like Gecko) Chrome/99.0.4844.82 Safari/537.36",
          "timestamp": 0
        }
      }
    },
    {
      "title": "2022-03-23T10:15:03+00:00",
      "media_map_data": {
        
      },
      "string_map_data": {
        "Cookie Name": {
          "href": "",
          "value": "*************************egL",
          "timestamp": 0
        },
        "IP Address": {
          "href": "",
          "value": "93.42.35.155",
          "timestamp": 0
        },
        "Language Code": {
          "href": "",
          "value": "es-la",
          "timestamp": 0
        },
        "Time": {
          "href": "",
          "value": "",
          "timestamp": 1648030503
        },
        "User Agent": {
          "href": "",
          "value": "Mozilla/5.0 (Windows NT 10.0; Win64; x64) AppleWebKit/537.36 (KHTML, like Gecko) Chrome/99.0.4844.82 Safari/537.36",
          "timestamp": 0
        }
      }
    },
    {
      "title": "2022-03-22T08:10:15+00:00",
      "media_map_data": {
        
      },
      "string_map_data": {
        "Cookie Name": {
          "href": "",
          "value": "*************************Gg6",
          "timestamp": 0
        },
        "IP Address": {
          "href": "",
          "value": "93.42.35.155",
          "timestamp": 0
        },
        "Language Code": {
          "href": "",
          "value": "en",
          "timestamp": 0
        },
        "Time": {
          "href": "",
          "value": "",
          "timestamp": 1647936615
        },
        "User Agent": {
          "href": "",
          "value": "Mozilla/5.0 (X11; Linux x86_64) AppleWebKit/537.36 (KHTML, like Gecko) Chrome/99.0.4844.74 Safari/537.36",
          "timestamp": 0
        }
      }
    },
    {
      "title": "2022-03-18T15:55:22+00:00",
      "media_map_data": {
        
      },
      "string_map_data": {
        "Cookie Name": {
          "href": "",
          "value": "*************************Ais",
          "timestamp": 0
        },
        "IP Address": {
          "href": "",
          "value": "93.44.88.19",
          "timestamp": 0
        },
        "Language Code": {
          "href": "",
          "value": "en",
          "timestamp": 0
        },
        "Time": {
          "href": "",
          "value": "",
          "timestamp": 1647618922
        },
        "User Agent": {
          "href": "",
          "value": "Mozilla/5.0 (Windows NT 10.0; Win64; x64) AppleWebKit/537.36 (KHTML, like Gecko) Chrome/99.0.4844.74 Safari/537.36",
          "timestamp": 0
        }
      }
    },
    {
      "title": "2022-01-14T14:56:04+00:00",
      "media_map_data": {
        
      },
      "string_map_data": {
        "Cookie Name": {
          "href": "",
          "value": "*************************VcE",
          "timestamp": 0
        },
        "IP Address": {
          "href": "",
          "value": "88.87.118.161",
          "timestamp": 0
        },
        "Language Code": {
          "href": "",
          "value": "it",
          "timestamp": 0
        },
        "Time": {
          "href": "",
          "value": "",
          "timestamp": 1642172164
        },
        "User Agent": {
          "href": "",
          "value": "Mozilla/5.0 (X11; Linux x86_64) AppleWebKit/537.36 (KHTML, like Gecko) Chrome/97.0.4692.71 Safari/537.36",
          "timestamp": 0
        }
      }
    }
  ]
}