{
  "account_history_registration_info": [
    {
      "title": "",
      "media_map_data": {
        
      },
      "string_map_data": {
        "Username": {
          "href": "",
          "value": "Davide Macchia",
          "timestamp": 0
        },
        "IP Address": {
          "href": "",
          "value": "93.35.165.71",
          "timestamp": 0
        },
        "Time": {
          "href": "",
          "value": "",
          "timestamp": 1524125100
        },
        "Email": {
          "href": "",
          "value": "davide.macchia95@gmail.com",
          "timestamp": 0
        },
        "Phone Number": {
          "href": "",
          "value": "",
          "timestamp": 0
        },
        "Device": {
          "href": "",
          "value": "",
          "timestamp": 0
        }
      }
    }
  ]
}