{
  "profile_v2": {
    "name": {
      "full_name": "Davide Marte",
      "first_name": "Davide",
      "middle_name": "",
      "last_name": "Marte"
    },
    "emails": {
      "emails": [
        "davide@gmail.com"
      ],
      "previous_emails": [
        
      ],
      "pending_emails": [
        
      ],
      "ad_account_emails": [
        
      ]
    },
    "birthday": {
      "year": 1992,
      "month": 11,
      "day": 12
    },
    "gender": {
      "gender_option": "MALE",
      "pronoun": "MALE"
    },
    "previous_names": [
      
    ],
    "other_names": [
      
    ],
    "current_city": {
      "name": "Torino",
      "timestamp": 0
    },
    "hometown": {
      "name": "Perugia",
      "timestamp": 0
    },
    "relationship": {
      "status": "Impegnato/a",
      "anniversary": {
        "year": 2002
      },
      "timestamp": 1639389749
    },
    "education_experiences": [
      {
        "name": "Universit\u00c3\u00a0 degli Studi di Torino",
        "graduated": true,
        "description": "Ciao",
        "concentrations": [
          "Informatica"
        ],
        "degree": "Dottore",
        "school_type": "Universit\u00c3\u00a0",
        "timestamp": 1490481409
      },
      {
        "name": "Istituto Agrario",
        "start_timestamp": 1230764400,
        "end_timestamp": 1420023600,
        "graduated": true,
        "description": "very funny",
        "concentrations": [
          
        ],
        "school_type": "Scuola superiore",
        "timestamp": 1639389722
      }
    ],
    "work_experiences": [
      {
        "employer": "Mhanz",
        "title": "Software Engineer",
        "location": "Belluno",
        "description": "Penzola",
        "start_timestamp": 1467583200,
        "end_timestamp": 1588759200,
        "timestamp": 1639389617
      }
    ],
    "languages": [
      {
        "name": "Italian (language)",
        "timestamp": 0
      },
      {
        "name": "English",
        "timestamp": 0
      }
    ],
    "interested_in": [
      "FEMALE"
    ],
    "political_view": {
      "name": "The Disillusioned Party",
      "description": "eh sono tutti uguali, i politici rubano, ecc",
      "timestamp": 1639389898
    },
    "religious_view": {
      "name": "Ateos",
      "description": "ges\u00c3\u00b9",
      "timestamp": 1639389823
    },
    "blood_info": {
      "blood_donor_status": "unregistered"
    },
    "websites": [
      {
        "address": "http://google.com/"
      }
    ],
    "address": {
      "street": "via cavour 6",
      "city": "Poggibonsi",
      "zipcode": "12000",
      "neighborhood": "Garbatella",
      "country": "Italy",
      "country_code": "IT",
      "region": ""
    },
    "phone_numbers": [
      
    ],
    "places_lived": [
      {
        "place": "Verbania",
        "start_timestamp": 1490477880,
        "timestamp": 1490481487
      }
    ],
    "pages": [
      {
        "name": "Music",
        "pages": [
          "Classico Cabaret della Domenica",
          "Green Day"
        ],
        "timestamps": [
          0,
          0
        ]
      },
      {
        "name": "Movies",
        "pages": [
          "The Lord of the Rings Trilogy"
        ],
        "timestamps": [
          0
        ]
      },
      {
        "name": "Television",
        "pages": [
          "Star Wars Rebels"
        ],
        "timestamps": [
          0
        ]
      },
      {
        "name": "Other",
        "pages": [
          "Torino Comedy Lounge",
          "uTest",
          "I Tesori Dei Carabinieri",
          "the JackaL",
          "GIPI (Gian Alfonso Pacinotti)",
          "Cydonia",
          "Daily Aesthetic Grills",
          "Zach Braff",
          "In zir par la Rumagna con Keanu",
          "Everything Hayao Miyazaki",
          "Opening di Anime Giapponesi Sotto Trailer di Film dalla dubbia qualit\u00c3\u00a0",
          "Spinacio\u00e3\u0080\u0080\u00e3\u0081\u00bb\u00e3\u0081\u0086\u00e3\u0082\u008c\u00e3\u0082\u0093\u00e8\u008d\u0089",
          "Claudio Di Biagio - Pagina",
          "Il Mega Direttore Galattico",
          "Antonio - Una Rivista",
          "Se solo la matematica sarebbe facile come il congiuntivo",
          "La rotta di Kessel in meno di dodici parsec",
          "J.R.R. Tolkien",
          "Universit\u00c3\u00a0 degli Studi di Torino",
          "Douglas Richard Hofstadter",
          "Dipartimento di Informatica - Universit\u00c3\u00a0 degli Studi di Torino",
          "Yotobi",
          "Dario Moccia - Pagina Pubblica",
          "JoConnect"
        ],
        "timestamps": [
          0,
          0,
          0,
          0,
          0,
          0,
          0,
          0,
          0,
          0,
          0,
          0,
          0,
          0,
          0,
          0,
          0,
          0,
          0,
          0,
          0,
          0,
          0,
          0
        ]
      },
      {
        "name": "Games",
        "pages": [
          "Sucker Punch Productions",
          "Fable"
        ],
        "timestamps": [
          0,
          0
        ]
      }
    ],
    "registration_timestamp": 1490184444,
    "profile_uri": "https://www.facebook.com/profile.php?id=xxx"
  }
}
