{
  "searches_v2": [
    {
      "timestamp": 1537531688,
      "attachments": [
        {
          "data": [
            {
              "text": "\"alessandra\""
            }
          ]
        }
      ],
      "data": [
        {
          "text": "alessandra"
        }
      ],
      "title": "Hai cercato su Facebook"
    },
    {
      "timestamp": 1537959583,
      "attachments": [
        {
          "data": [
            {
              "text": "\"moreno\""
            }
          ]
        }
      ],
      "data": [
        {
          "text": "moreno"
        }
      ],
      "title": "Hai cercato su Facebook"
    },
    {
      "timestamp": 1538140049,
      "attachments": [
        {
          "data": [
            {
              "text": "\"godus\""
            }
          ]
        }
      ],
      "data": [
        {
          "text": "godus"
        }
      ],
      "title": "Hai cercato su Facebook"
    },
    {
      "timestamp": 1538140054,
      "attachments": [
        {
          "data": [
            {
              "text": "\"calciatori brutti\""
            }
          ]
        }
      ],
      "data": [
        {
          "text": "calciatori brutti"
        }
      ],
      "title": "Hai cercato su Facebook"
    },
    {
      "timestamp": 1538472982,
      "attachments": [
        {
          "data": [
            {
              "text": "\"twitch\""
            }
          ]
        }
      ],
      "data": [
        {
          "text": "twitch"
        }
      ],
      "title": "Hai cercato su Facebook"
    }
  ]
}