{
  "following_v2": [
    {
      "name": "GIPI (Gian Alfonso Pacinotti)",
      "timestamp": 1515577894
    },
    {
      "name": "Cydonia",
      "timestamp": 1511516058
    },
    {
      "name": "Zach Braff",
      "timestamp": 1506431919
    },
    {
      "name": "Straic",
      "timestamp": 1502658865
    },
    {
      "name": "Federico Frusciante",
      "timestamp": 1500687233
    },
    {
      "name": "Il Mega Direttore Galattico",
      "timestamp": 1499091701
    },
    {
      "name": "J.R.R. Tolkien",
      "timestamp": 1490819787
    },
    {
      "name": "Green Day",
      "timestamp": 1490818923
    },
    {
      "name": "Yotobi",
      "timestamp": 1490485487
    }
  ]
}
