{
  "impressions_history_ads_seen": [
    {
      "string_map_data": {
        "Author": {
          "value": "remarkable"
        },
        "Time": {
          "timestamp": 1719402713
        }
      }
    },
    {
      "string_map_data": {
        "Author": {
          "value": "naturaltrainer_it"
        },
        "Time": {
          "timestamp": 1719408017
        }
      }
    },
    {
      "string_map_data": {
        "Author": {
          "value": "mulinobianco"
        },
        "Time": {
          "timestamp": 1719411522
        }
      }
    },
    {
      "string_map_data": {
        "Author": {
          "value": "remarkable"
        },
        "Time": {
          "timestamp": 1719423935
        }
      }
    },
    {
      "string_map_data": {
        "Author": {
          "value": "euro2024"
        },
        "Time": {
          "timestamp": 1719430429
        }
      }
    },
    {
      "string_map_data": {
        "Author": {
          "value": "experiencealula.it"
        },
        "Time": {
          "timestamp": 1719430460
        }
      }
    },
    {
      "string_map_data": {
        "Author": {
          "value": "richardmille"
        },
        "Time": {
          "timestamp": 1719430467
        }
      }
    },
    {
      "string_map_data": {
        "Author": {
          "value": "amnestyitalia"
        },
        "Time": {
          "timestamp": 1719430552
        }
      }
    },
    {
      "string_map_data": {
        "Author": {
          "value": "italiantechweek"
        },
        "Time": {
          "timestamp": 1719430654
        }
      }
    },
    {
      "string_map_data": {
        "Author": {
          "value": "confluent_inc"
        },
        "Time": {
          "timestamp": 1719430671
        }
      }
    },
    {
      "string_map_data": {
        "Author": {
          "value": "remarkable"
        },
        "Time": {
          "timestamp": 1719436939
        }
      }
    },
    {
      "string_map_data": {
        "Author": {
          "value": "remarkable"
        },
        "Time": {
          "timestamp": 1719467557
        }
      }
    },
    {
      "string_map_data": {
        "Author": {
          "value": "naturaltrainer_it"
        },
        "Time": {
          "timestamp": 1719467596
        }
      }
    },
    {
      "string_map_data": {
        "Author": {
          "value": "bandainamcoit"
        },
        "Time": {
          "timestamp": 1719467678
        }
      }
    },
    {
      "string_map_data": {
        "Author": {
          "value": "warnerbrositalia"
        },
        "Time": {
          "timestamp": 1719468067
        }
      }
    },
    {
      "string_map_data": {
        "Author": {
          "value": "warnerbrositalia"
        },
        "Time": {
          "timestamp": 1719469058
        }
      }
    },
    {
      "string_map_data": {
        "Time": {
          "timestamp": 1719469094
        }
      }
    },
    {
      "string_map_data": {
        "Author": {
          "value": "disneydreamlightvalley"
        },
        "Time": {
          "timestamp": 1719469415
        }
      }
    },
    {
      "string_map_data": {
        "Author": {
          "value": "unieuro"
        },
        "Time": {
          "timestamp": 1719496009
        }
      }
    },
    {
      "string_map_data": {
        "Author": {
          "value": "chanel.beauty"
        },
        "Time": {
          "timestamp": 1719497180
        }
      }
    },
    {
      "string_map_data": {
        "Author": {
          "value": "1664blancit"
        },
        "Time": {
          "timestamp": 1719497191
        }
      }
    },
    {
      "string_map_data": {
        "Author": {
          "value": "canva_italy"
        },
        "Time": {
          "timestamp": 1719497396
        }
      }
    },
    {
      "string_map_data": {
        "Author": {
          "value": "remarkable"
        },
        "Time": {
          "timestamp": 1719506618
        }
      }
    },
    {
      "string_map_data": {
        "Author": {
          "value": "remarkable"
        },
        "Time": {
          "timestamp": 1719513118
        }
      }
    },
    {
      "string_map_data": {
        "Author": {
          "value": "soeliok.italia"
        },
        "Time": {
          "timestamp": 1719520763
        }
      }
    },
    {
      "string_map_data": {
        "Author": {
          "value": "confluent_inc"
        },
        "Time": {
          "timestamp": 1719520796
        }
      }
    },
    {
      "string_map_data": {
        "Author": {
          "value": "honor_italia"
        },
        "Time": {
          "timestamp": 1719524677
        }
      }
    },
    {
      "string_map_data": {
        "Author": {
          "value": "isaloniofficial"
        },
        "Time": {
          "timestamp": 1719526017
        }
      }
    },
    {
      "string_map_data": {
        "Author": {
          "value": "chanelofficial"
        },
        "Time": {
          "timestamp": 1719526064
        }
      }
    },
    {
      "string_map_data": {
        "Author": {
          "value": "frontierdev"
        },
        "Time": {
          "timestamp": 1719526065
        }
      }
    },
    {
      "string_map_data": {
        "Author": {
          "value": "enelgreenpower"
        },
        "Time": {
          "timestamp": 1719555765
        }
      }
    },
    {
      "string_map_data": {
        "Author": {
          "value": "lg_italia"
        },
        "Time": {
          "timestamp": 1719557276
        }
      }
    },
    {
      "string_map_data": {
        "Author": {
          "value": "hypeapp"
        },
        "Time": {
          "timestamp": 1719577135
        }
      }
    },
    {
      "string_map_data": {
        "Author": {
          "value": "edizionierickson"
        },
        "Time": {
          "timestamp": 1719577138
        }
      }
    },
    {
      "string_map_data": {
        "Author": {
          "value": "tineco.de"
        },
        "Time": {
          "timestamp": 1719577147
        }
      }
    },
    {
      "string_map_data": {
        "Author": {
          "value": "warnerbrositalia"
        },
        "Time": {
          "timestamp": 1719583826
        }
      }
    },
    {
      "string_map_data": {
        "Author": {
          "value": "chanelofficial"
        },
        "Time": {
          "timestamp": 1719588780
        }
      }
    },
    {
      "string_map_data": {
        "Time": {
          "timestamp": 1719590576
        }
      }
    },
    {
      "string_map_data": {
        "Author": {
          "value": "audemarspiguet"
        },
        "Time": {
          "timestamp": 1719598600
        }
      }
    },
    {
      "string_map_data": {
        "Time": {
          "timestamp": 1719598688
        }
      }
    },
    {
      "string_map_data": {
        "Author": {
          "value": "remarkable"
        },
        "Time": {
          "timestamp": 1719603184
        }
      }
    },
    {
      "string_map_data": {
        "Author": {
          "value": "experiencealula.it"
        },
        "Time": {
          "timestamp": 1719603251
        }
      }
    },
    {
      "string_map_data": {
        "Author": {
          "value": "thepitch_footballstore"
        },
        "Time": {
          "timestamp": 1719605011
        }
      }
    },
    {
      "string_map_data": {
        "Author": {
          "value": "typeform"
        },
        "Time": {
          "timestamp": 1719636678
        }
      }
    },
    {
      "string_map_data": {
        "Author": {
          "value": "remarkable"
        },
        "Time": {
          "timestamp": 1719636712
        }
      }
    },
    {
      "string_map_data": {
        "Author": {
          "value": "isaloniofficial"
        },
        "Time": {
          "timestamp": 1719639728
        }
      }
    },
    {
      "string_map_data": {
        "Author": {
          "value": "bmwitalia"
        },
        "Time": {
          "timestamp": 1719639918
        }
      }
    },
    {
      "string_map_data": {
        "Author": {
          "value": "vogueeyewear"
        },
        "Time": {
          "timestamp": 1719639933
        }
      }
    },
    {
      "string_map_data": {
        "Author": {
          "value": "qvc_italy"
        },
        "Time": {
          "timestamp": 1719639982
        }
      }
    },
    {
      "string_map_data": {
        "Author": {
          "value": "chanelofficial"
        },
        "Time": {
          "timestamp": 1719641829
        }
      }
    },
    {
      "string_map_data": {
        "Author": {
          "value": "hermes"
        },
        "Time": {
          "timestamp": 1719657136
        }
      }
    },
    {
      "string_map_data": {
        "Author": {
          "value": "mondoverdegardencenter"
        },
        "Time": {
          "timestamp": 1719661977
        }
      }
    },
    {
      "string_map_data": {
        "Author": {
          "value": "primevideoit"
        },
        "Time": {
          "timestamp": 1719661980
        }
      }
    },
    {
      "string_map_data": {
        "Author": {
          "value": "lenovoitalia"
        },
        "Time": {
          "timestamp": 1719669874
        }
      }
    },
    {
      "string_map_data": {
        "Author": {
          "value": "beta_utensili"
        },
        "Time": {
          "timestamp": 1719669951
        }
      }
    },
    {
      "string_map_data": {
        "Author": {
          "value": "adidas"
        },
        "Time": {
          "timestamp": 1719669960
        }
      }
    },
    {
      "string_map_data": {
        "Author": {
          "value": "wixstudio"
        },
        "Time": {
          "timestamp": 1719670040
        }
      }
    },
    {
      "string_map_data": {
        "Author": {
          "value": "eu_eurostat"
        },
        "Time": {
          "timestamp": 1719670058
        }
      }
    },
    {
      "string_map_data": {
        "Author": {
          "value": "hertz"
        },
        "Time": {
          "timestamp": 1719670063
        }
      }
    },
    {
      "string_map_data": {
        "Author": {
          "value": "tourvespucci"
        },
        "Time": {
          "timestamp": 1719670075
        }
      }
    },
    {
      "string_map_data": {
        "Author": {
          "value": "experiencealula.it"
        },
        "Time": {
          "timestamp": 1719676825
        }
      }
    },
    {
      "string_map_data": {
        "Author": {
          "value": "qcterme"
        },
        "Time": {
          "timestamp": 1719681590
        }
      }
    },
    {
      "string_map_data": {
        "Author": {
          "value": "lufthansa"
        },
        "Time": {
          "timestamp": 1719686522
        }
      }
    },
    {
      "string_map_data": {
        "Author": {
          "value": "gillette_italia"
        },
        "Time": {
          "timestamp": 1719693556
        }
      }
    },
    {
      "string_map_data": {
        "Author": {
          "value": "costacruisesofficial"
        },
        "Time": {
          "timestamp": 1719696361
        }
      }
    },
    {
      "string_map_data": {
        "Author": {
          "value": "remarkable"
        },
        "Time": {
          "timestamp": 1719697819
        }
      }
    },
    {
      "string_map_data": {
        "Time": {
          "timestamp": 1719698216
        }
      }
    },
    {
      "string_map_data": {
        "Author": {
          "value": "chanelofficial"
        },
        "Time": {
          "timestamp": 1719698224
        }
      }
    },
    {
      "string_map_data": {
        "Author": {
          "value": "motorolaita"
        },
        "Time": {
          "timestamp": 1719698544
        }
      }
    },
    {
      "string_map_data": {
        "Author": {
          "value": "kinderitalia"
        },
        "Time": {
          "timestamp": 1719698556
        }
      }
    },
    {
      "string_map_data": {
        "Time": {
          "timestamp": 1719698579
        }
      }
    },
    {
      "string_map_data": {
        "Time": {
          "timestamp": 1719730026
        }
      }
    },
    {
      "string_map_data": {
        "Author": {
          "value": "iliaditalia"
        },
        "Time": {
          "timestamp": 1719730109
        }
      }
    },
    {
      "string_map_data": {
        "Author": {
          "value": "chanelofficial"
        },
        "Time": {
          "timestamp": 1719741996
        }
      }
    },
    {
      "string_map_data": {
        "Author": {
          "value": "hairgallery_hg"
        },
        "Time": {
          "timestamp": 1719743287
        }
      }
    },
    {
      "string_map_data": {
        "Author": {
          "value": "meafarma_it"
        },
        "Time": {
          "timestamp": 1719744025
        }
      }
    },
    {
      "string_map_data": {
        "Author": {
          "value": "unobravo_net"
        },
        "Time": {
          "timestamp": 1719752050
        }
      }
    },
    {
      "string_map_data": {
        "Author": {
          "value": "klarstein_it"
        },
        "Time": {
          "timestamp": 1719752059
        }
      }
    },
    {
      "string_map_data": {
        "Author": {
          "value": "adidas"
        },
        "Time": {
          "timestamp": 1719752093
        }
      }
    },
    {
      "string_map_data": {
        "Author": {
          "value": "yvesrocheritalia"
        },
        "Time": {
          "timestamp": 1719756405
        }
      }
    },
    {
      "string_map_data": {
        "Author": {
          "value": "seajetsgr"
        },
        "Time": {
          "timestamp": 1719756469
        }
      }
    },
    {
      "string_map_data": {
        "Author": {
          "value": "uniqloeurope"
        },
        "Time": {
          "timestamp": 1719756511
        }
      }
    },
    {
      "string_map_data": {
        "Author": {
          "value": "turkishairlines"
        },
        "Time": {
          "timestamp": 1719756603
        }
      }
    },
    {
      "string_map_data": {
        "Author": {
          "value": "seajetsgr"
        },
        "Time": {
          "timestamp": 1719761314
        }
      }
    },
    {
      "string_map_data": {
        "Author": {
          "value": "emma_materasso"
        },
        "Time": {
          "timestamp": 1719761387
        }
      }
    },
    {
      "string_map_data": {
        "Author": {
          "value": "googlefordevs"
        },
        "Time": {
          "timestamp": 1719761677
        }
      }
    },
    {
      "string_map_data": {
        "Author": {
          "value": "anthropicai"
        },
        "Time": {
          "timestamp": 1719761701
        }
      }
    },
    {
      "string_map_data": {
        "Author": {
          "value": "decathlon_italia"
        },
        "Time": {
          "timestamp": 1719761709
        }
      }
    },
    {
      "string_map_data": {
        "Author": {
          "value": "chanel.beauty"
        },
        "Time": {
          "timestamp": 1719774304
        }
      }
    },
    {
      "string_map_data": {
        "Author": {
          "value": "hermes"
        },
        "Time": {
          "timestamp": 1719774317
        }
      }
    },
    {
      "string_map_data": {
        "Author": {
          "value": "chanelofficial"
        },
        "Time": {
          "timestamp": 1719813877
        }
      }
    },
    {
      "string_map_data": {
        "Author": {
          "value": "motorolaita"
        },
        "Time": {
          "timestamp": 1719814866
        }
      }
    },
    {
      "string_map_data": {
        "Author": {
          "value": "hermes"
        },
        "Time": {
          "timestamp": 1719814920
        }
      }
    },
    {
      "string_map_data": {
        "Author": {
          "value": "farmacia_guacci"
        },
        "Time": {
          "timestamp": 1719814936
        }
      }
    },
    {
      "string_map_data": {
        "Author": {
          "value": "farmacia_guacci"
        },
        "Time": {
          "timestamp": 1719817476
        }
      }
    },
    {
      "string_map_data": {
        "Author": {
          "value": "hypeapp"
        },
        "Time": {
          "timestamp": 1719817558
        }
      }
    },
    {
      "string_map_data": {
        "Author": {
          "value": "charliecustard_builds"
        },
        "Time": {
          "timestamp": 1719817573
        }
      }
    },
    {
      "string_map_data": {
        "Author": {
          "value": "farmacia_guacci"
        },
        "Time": {
          "timestamp": 1719823217
        }
      }
    },
    {
      "string_map_data": {
        "Author": {
          "value": "spconnect"
        },
        "Time": {
          "timestamp": 1719843358
        }
      }
    },
    {
      "string_map_data": {
        "Author": {
          "value": "primevideoit"
        },
        "Time": {
          "timestamp": 1719843389
        }
      }
    },
    {
      "string_map_data": {
        "Author": {
          "value": "pepejeans"
        },
        "Time": {
          "timestamp": 1719859447
        }
      }
    },
    {
      "string_map_data": {
        "Author": {
          "value": "mc2saintbarth"
        },
        "Time": {
          "timestamp": 1719862933
        }
      }
    },
    {
      "string_map_data": {
        "Author": {
          "value": "mastercard"
        },
        "Time": {
          "timestamp": 1719874695
        }
      }
    },
    {
      "string_map_data": {
        "Author": {
          "value": "thepitch_footballstore"
        },
        "Time": {
          "timestamp": 1719874736
        }
      }
    },
    {
      "string_map_data": {
        "Author": {
          "value": "lloydsfarmacia"
        },
        "Time": {
          "timestamp": 1719874819
        }
      }
    },
    {
      "string_map_data": {
        "Author": {
          "value": "netflixit"
        },
        "Time": {
          "timestamp": 1719899400
        }
      }
    },
    {
      "string_map_data": {
        "Author": {
          "value": "drmaxfarmacieitalia"
        },
        "Time": {
          "timestamp": 1719899542
        }
      }
    },
    {
      "string_map_data": {
        "Author": {
          "value": "unieuro"
        },
        "Time": {
          "timestamp": 1719934311
        }
      }
    },
    {
      "string_map_data": {
        "Author": {
          "value": "aperol.italia"
        },
        "Time": {
          "timestamp": 1719934331
        }
      }
    },
    {
      "string_map_data": {
        "Author": {
          "value": "hermes"
        },
        "Time": {
          "timestamp": 1719935778
        }
      }
    },
    {
      "string_map_data": {
        "Author": {
          "value": "nintendoswitchitalia"
        },
        "Time": {
          "timestamp": 1719935951
        }
      }
    },
    {
      "string_map_data": {
        "Author": {
          "value": "sanbitter_official"
        },
        "Time": {
          "timestamp": 1719936045
        }
      }
    },
    {
      "string_map_data": {
        "Author": {
          "value": "raybanmeta"
        },
        "Time": {
          "timestamp": 1719936721
        }
      }
    },
    {
      "string_map_data": {
        "Author": {
          "value": "nowtvit"
        },
        "Time": {
          "timestamp": 1719941512
        }
      }
    },
    {
      "string_map_data": {
        "Author": {
          "value": "radicalerestaurant"
        },
        "Time": {
          "timestamp": 1719941739
        }
      }
    },
    {
      "string_map_data": {
        "Author": {
          "value": "audemarspiguet"
        },
        "Time": {
          "timestamp": 1719958993
        }
      }
    },
    {
      "string_map_data": {
        "Author": {
          "value": "primevideoit"
        },
        "Time": {
          "timestamp": 1719959029
        }
      }
    },
    {
      "string_map_data": {
        "Author": {
          "value": "studioghibli.it"
        },
        "Time": {
          "timestamp": 1719959090
        }
      }
    },
    {
      "string_map_data": {
        "Author": {
          "value": "marazziceramiche"
        },
        "Time": {
          "timestamp": 1719959130
        }
      }
    },
    {
      "string_map_data": {
        "Author": {
          "value": "eu_eurostat"
        },
        "Time": {
          "timestamp": 1719959159
        }
      }
    },
    {
      "string_map_data": {
        "Author": {
          "value": "mastercard"
        },
        "Time": {
          "timestamp": 1719985349
        }
      }
    },
    {
      "string_map_data": {
        "Author": {
          "value": "infinityplusit"
        },
        "Time": {
          "timestamp": 1719985381
        }
      }
    },
    {
      "string_map_data": {
        "Time": {
          "timestamp": 1719985583
        }
      }
    },
    {
      "string_map_data": {
        "Author": {
          "value": "warnerbrositalia"
        },
        "Time": {
          "timestamp": 1719985627
        }
      }
    },
    {
      "string_map_data": {
        "Author": {
          "value": "dovemencare"
        },
        "Time": {
          "timestamp": 1719988215
        }
      }
    },
    {
      "string_map_data": {
        "Author": {
          "value": "charliecustard_builds"
        },
        "Time": {
          "timestamp": 1719988786
        }
      }
    },
    {
      "string_map_data": {
        "Author": {
          "value": "unieuro"
        },
        "Time": {
          "timestamp": 1719997475
        }
      }
    },
    {
      "string_map_data": {
        "Author": {
          "value": "iliaditalia"
        },
        "Time": {
          "timestamp": 1719998005
        }
      }
    },
    {
      "string_map_data": {
        "Author": {
          "value": "farmacia_guacci"
        },
        "Time": {
          "timestamp": 1719998231
        }
      }
    },
    {
      "string_map_data": {
        "Author": {
          "value": "talentgarden_italy"
        },
        "Time": {
          "timestamp": 1720000868
        }
      }
    },
    {
      "string_map_data": {
        "Author": {
          "value": "italiantechweek"
        },
        "Time": {
          "timestamp": 1720000883
        }
      }
    },
    {
      "string_map_data": {
        "Author": {
          "value": "auroraeventi"
        },
        "Time": {
          "timestamp": 1720000894
        }
      }
    },
    {
      "string_map_data": {
        "Author": {
          "value": "supradyn_italia"
        },
        "Time": {
          "timestamp": 1720006390
        }
      }
    },
    {
      "string_map_data": {
        "Author": {
          "value": "remarkable"
        },
        "Time": {
          "timestamp": 1719402716
        }
      }
    },
    {
      "string_map_data": {
        "Author": {
          "value": "naturaltrainer_it"
        },
        "Time": {
          "timestamp": 1719408340
        }
      }
    },
    {
      "string_map_data": {
        "Author": {
          "value": "mulinobianco"
        },
        "Time": {
          "timestamp": 1719412289
        }
      }
    },
    {
      "string_map_data": {
        "Author": {
          "value": "remarkable"
        },
        "Time": {
          "timestamp": 1719428213
        }
      }
    },
    {
      "string_map_data": {
        "Author": {
          "value": "euro2024"
        },
        "Time": {
          "timestamp": 1719430434
        }
      }
    },
    {
      "string_map_data": {
        "Author": {
          "value": "experiencealula.it"
        },
        "Time": {
          "timestamp": 1719430514
        }
      }
    },
    {
      "string_map_data": {
        "Author": {
          "value": "richardmille"
        },
        "Time": {
          "timestamp": 1719430514
        }
      }
    },
    {
      "string_map_data": {
        "Author": {
          "value": "richardmille"
        },
        "Time": {
          "timestamp": 1719430514
        }
      }
    },
    {
      "string_map_data": {
        "Author": {
          "value": "richardmille"
        },
        "Time": {
          "timestamp": 1719430514
        }
      }
    },
    {
      "string_map_data": {
        "Author": {
          "value": "italiantechweek"
        },
        "Time": {
          "timestamp": 1719430663
        }
      }
    },
    {
      "string_map_data": {
        "Author": {
          "value": "amnestyitalia"
        },
        "Time": {
          "timestamp": 1719430663
        }
      }
    },
    {
      "string_map_data": {
        "Author": {
          "value": "confluent_inc"
        },
        "Time": {
          "timestamp": 1719436921
        }
      }
    },
    {
      "string_map_data": {
        "Author": {
          "value": "remarkable"
        },
        "Time": {
          "timestamp": 1719467583
        }
      }
    },
    {
      "string_map_data": {
        "Author": {
          "value": "naturaltrainer_it"
        },
        "Time": {
          "timestamp": 1719467672
        }
      }
    },
    {
      "string_map_data": {
        "Author": {
          "value": "bandainamcoit"
        },
        "Time": {
          "timestamp": 1719468024
        }
      }
    },
    {
      "string_map_data": {
        "Author": {
          "value": "warnerbrositalia"
        },
        "Time": {
          "timestamp": 1719468983
        }
      }
    },
    {
      "string_map_data": {
        "Author": {
          "value": "warnerbrositalia"
        },
        "Time": {
          "timestamp": 1719469085
        }
      }
    },
    {
      "string_map_data": {
        "Time": {
          "timestamp": 1719481954
        }
      }
    },
    {
      "string_map_data": {
        "Author": {
          "value": "disneydreamlightvalley"
        },
        "Time": {
          "timestamp": 1719481954
        }
      }
    },
    {
      "string_map_data": {
        "Author": {
          "value": "remarkable"
        },
        "Time": {
          "timestamp": 1719482374
        }
      }
    },
    {
      "string_map_data": {
        "Author": {
          "value": "remarkable"
        },
        "Time": {
          "timestamp": 1719495909
        }
      }
    },
    {
      "string_map_data": {
        "Author": {
          "value": "unieuro"
        },
        "Time": {
          "timestamp": 1719496626
        }
      }
    },
    {
      "string_map_data": {
        "Author": {
          "value": "chanel.beauty"
        },
        "Time": {
          "timestamp": 1719497185
        }
      }
    },
    {
      "string_map_data": {
        "Author": {
          "value": "canva_italy"
        },
        "Time": {
          "timestamp": 1719497394
        }
      }
    },
    {
      "string_map_data": {
        "Author": {
          "value": "1664blancit"
        },
        "Time": {
          "timestamp": 1719497394
        }
      }
    },
    {
      "string_map_data": {
        "Author": {
          "value": "confluent_inc"
        },
        "Time": {
          "timestamp": 1719520791
        }
      }
    },
    {
      "string_map_data": {
        "Author": {
          "value": "soeliok.italia"
        },
        "Time": {
          "timestamp": 1719520791
        }
      }
    },
    {
      "string_map_data": {
        "Author": {
          "value": "soeliok.italia"
        },
        "Time": {
          "timestamp": 1719520791
        }
      }
    },
    {
      "string_map_data": {
        "Author": {
          "value": "honor_italia"
        },
        "Time": {
          "timestamp": 1719525993
        }
      }
    },
    {
      "string_map_data": {
        "Author": {
          "value": "chanelofficial"
        },
        "Time": {
          "timestamp": 1719526057
        }
      }
    },
    {
      "string_map_data": {
        "Author": {
          "value": "isaloniofficial"
        },
        "Time": {
          "timestamp": 1719526057
        }
      }
    },
    {
      "string_map_data": {
        "Author": {
          "value": "isaloniofficial"
        },
        "Time": {
          "timestamp": 1719526057
        }
      }
    },
    {
      "string_map_data": {
        "Author": {
          "value": "chanelofficial"
        },
        "Time": {
          "timestamp": 1719555082
        }
      }
    },
    {
      "string_map_data": {
        "Author": {
          "value": "frontierdev"
        },
        "Time": {
          "timestamp": 1719555082
        }
      }
    },
    {
      "string_map_data": {
        "Author": {
          "value": "frontierdev"
        },
        "Time": {
          "timestamp": 1719555082
        }
      }
    },
    {
      "string_map_data": {
        "Author": {
          "value": "enelgreenpower"
        },
        "Time": {
          "timestamp": 1719555798
        }
      }
    },
    {
      "string_map_data": {
        "Author": {
          "value": "lg_italia"
        },
        "Time": {
          "timestamp": 1719558444
        }
      }
    },
    {
      "string_map_data": {
        "Author": {
          "value": "hypeapp"
        },
        "Time": {
          "timestamp": 1719577130
        }
      }
    },
    {
      "string_map_data": {
        "Author": {
          "value": "edizionierickson"
        },
        "Time": {
          "timestamp": 1719577141
        }
      }
    },
    {
      "string_map_data": {
        "Author": {
          "value": "tineco.de"
        },
        "Time": {
          "timestamp": 1719583813
        }
      }
    },
    {
      "string_map_data": {
        "Author": {
          "value": "warnerbrositalia"
        },
        "Time": {
          "timestamp": 1719588765
        }
      }
    },
    {
      "string_map_data": {
        "Author": {
          "value": "chanelofficial"
        },
        "Time": {
          "timestamp": 1719588776
        }
      }
    },
    {
      "string_map_data": {
        "Time": {
          "timestamp": 1719593373
        }
      }
    },
    {
      "string_map_data": {
        "Author": {
          "value": "audemarspiguet"
        },
        "Time": {
          "timestamp": 1719599284
        }
      }
    },
    {
      "string_map_data": {
        "Time": {
          "timestamp": 1719603168
        }
      }
    },
    {
      "string_map_data": {
        "Author": {
          "value": "remarkable"
        },
        "Time": {
          "timestamp": 1719603223
        }
      }
    },
    {
      "string_map_data": {
        "Author": {
          "value": "experiencealula.it"
        },
        "Time": {
          "timestamp": 1719603259
        }
      }
    },
    {
      "string_map_data": {
        "Author": {
          "value": "thepitch_footballstore"
        },
        "Time": {
          "timestamp": 1719613209
        }
      }
    },
    {
      "string_map_data": {
        "Author": {
          "value": "typeform"
        },
        "Time": {
          "timestamp": 1719636704
        }
      }
    },
    {
      "string_map_data": {
        "Author": {
          "value": "remarkable"
        },
        "Time": {
          "timestamp": 1719639883
        }
      }
    },
    {
      "string_map_data": {
        "Author": {
          "value": "isaloniofficial"
        },
        "Time": {
          "timestamp": 1719639883
        }
      }
    },
    {
      "string_map_data": {
        "Author": {
          "value": "bmwitalia"
        },
        "Time": {
          "timestamp": 1719639921
        }
      }
    },
    {
      "string_map_data": {
        "Author": {
          "value": "vogueeyewear"
        },
        "Time": {
          "timestamp": 1719639973
        }
      }
    },
    {
      "string_map_data": {
        "Author": {
          "value": "qvc_italy"
        },
        "Time": {
          "timestamp": 1719640982
        }
      }
    },
    {
      "string_map_data": {
        "Author": {
          "value": "chanelofficial"
        },
        "Time": {
          "timestamp": 1719644983
        }
      }
    },
    {
      "string_map_data": {
        "Author": {
          "value": "hermes"
        },
        "Time": {
          "timestamp": 1719661754
        }
      }
    },
    {
      "string_map_data": {
        "Author": {
          "value": "mondoverdegardencenter"
        },
        "Time": {
          "timestamp": 1719661971
        }
      }
    },
    {
      "string_map_data": {
        "Author": {
          "value": "primevideoit"
        },
        "Time": {
          "timestamp": 1719661998
        }
      }
    },
    {
      "string_map_data": {
        "Author": {
          "value": "lenovoitalia"
        },
        "Time": {
          "timestamp": 1719669897
        }
      }
    },
    {
      "string_map_data": {
        "Author": {
          "value": "adidas"
        },
        "Time": {
          "timestamp": 1719670020
        }
      }
    },
    {
      "string_map_data": {
        "Author": {
          "value": "beta_utensili"
        },
        "Time": {
          "timestamp": 1719670020
        }
      }
    },
    {
      "string_map_data": {
        "Author": {
          "value": "wixstudio"
        },
        "Time": {
          "timestamp": 1719670057
        }
      }
    },
    {
      "string_map_data": {
        "Author": {
          "value": "eu_eurostat"
        },
        "Time": {
          "timestamp": 1719670057
        }
      }
    },
    {
      "string_map_data": {
        "Author": {
          "value": "eu_eurostat"
        },
        "Time": {
          "timestamp": 1719670057
        }
      }
    },
    {
      "string_map_data": {
        "Author": {
          "value": "hertz"
        },
        "Time": {
          "timestamp": 1719670216
        }
      }
    },
    {
      "string_map_data": {
        "Author": {
          "value": "hertz"
        },
        "Time": {
          "timestamp": 1719670216
        }
      }
    },
    {
      "string_map_data": {
        "Author": {
          "value": "tourvespucci"
        },
        "Time": {
          "timestamp": 1719670216
        }
      }
    },
    {
      "string_map_data": {
        "Author": {
          "value": "experiencealula.it"
        },
        "Time": {
          "timestamp": 1719678776
        }
      }
    },
    {
      "string_map_data": {
        "Author": {
          "value": "qcterme"
        },
        "Time": {
          "timestamp": 1719684248
        }
      }
    },
    {
      "string_map_data": {
        "Author": {
          "value": "lufthansa"
        },
        "Time": {
          "timestamp": 1719687173
        }
      }
    },
    {
      "string_map_data": {
        "Author": {
          "value": "gillette_italia"
        },
        "Time": {
          "timestamp": 1719695412
        }
      }
    },
    {
      "string_map_data": {
        "Author": {
          "value": "remarkable"
        },
        "Time": {
          "timestamp": 1719698197
        }
      }
    },
    {
      "string_map_data": {
        "Time": {
          "timestamp": 1719698234
        }
      }
    },
    {
      "string_map_data": {
        "Author": {
          "value": "chanelofficial"
        },
        "Time": {
          "timestamp": 1719698234
        }
      }
    },
    {
      "string_map_data": {
        "Author": {
          "value": "motorolaita"
        },
        "Time": {
          "timestamp": 1719698542
        }
      }
    },
    {
      "string_map_data": {
        "Author": {
          "value": "kinderitalia"
        },
        "Time": {
          "timestamp": 1719698549
        }
      }
    },
    {
      "string_map_data": {
        "Time": {
          "timestamp": 1719727882
        }
      }
    },
    {
      "string_map_data": {
        "Time": {
          "timestamp": 1719730128
        }
      }
    },
    {
      "string_map_data": {
        "Author": {
          "value": "iliaditalia"
        },
        "Time": {
          "timestamp": 1719730128
        }
      }
    },
    {
      "string_map_data": {
        "Author": {
          "value": "chanelofficial"
        },
        "Time": {
          "timestamp": 1719742187
        }
      }
    },
    {
      "string_map_data": {
        "Author": {
          "value": "hairgallery_hg"
        },
        "Time": {
          "timestamp": 1719743377
        }
      }
    },
    {
      "string_map_data": {
        "Author": {
          "value": "meafarma_it"
        },
        "Time": {
          "timestamp": 1719745206
        }
      }
    },
    {
      "string_map_data": {
        "Author": {
          "value": "unobravo_net"
        },
        "Time": {
          "timestamp": 1719752044
        }
      }
    },
    {
      "string_map_data": {
        "Author": {
          "value": "klarstein_it"
        },
        "Time": {
          "timestamp": 1719753143
        }
      }
    },
    {
      "string_map_data": {
        "Author": {
          "value": "adidas"
        },
        "Time": {
          "timestamp": 1719753143
        }
      }
    },
    {
      "string_map_data": {
        "Author": {
          "value": "yvesrocheritalia"
        },
        "Time": {
          "timestamp": 1719756459
        }
      }
    },
    {
      "string_map_data": {
        "Author": {
          "value": "seajetsgr"
        },
        "Time": {
          "timestamp": 1719756528
        }
      }
    },
    {
      "string_map_data": {
        "Author": {
          "value": "uniqloeurope"
        },
        "Time": {
          "timestamp": 1719758532
        }
      }
    },
    {
      "string_map_data": {
        "Author": {
          "value": "turkishairlines"
        },
        "Time": {
          "timestamp": 1719758532
        }
      }
    },
    {
      "string_map_data": {
        "Author": {
          "value": "seajetsgr"
        },
        "Time": {
          "timestamp": 1719761382
        }
      }
    },
    {
      "string_map_data": {
        "Author": {
          "value": "emma_materasso"
        },
        "Time": {
          "timestamp": 1719761662
        }
      }
    },
    {
      "string_map_data": {
        "Author": {
          "value": "googlefordevs"
        },
        "Time": {
          "timestamp": 1719761666
        }
      }
    },
    {
      "string_map_data": {
        "Author": {
          "value": "anthropicai"
        },
        "Time": {
          "timestamp": 1719761694
        }
      }
    },
    {
      "string_map_data": {
        "Author": {
          "value": "decathlon_italia"
        },
        "Time": {
          "timestamp": 1719761971
        }
      }
    },
    {
      "string_map_data": {
        "Author": {
          "value": "chanel.beauty"
        },
        "Time": {
          "timestamp": 1719780257
        }
      }
    },
    {
      "string_map_data": {
        "Author": {
          "value": "chanelofficial"
        },
        "Time": {
          "timestamp": 1719814890
        }
      }
    },
    {
      "string_map_data": {
        "Author": {
          "value": "motorolaita"
        },
        "Time": {
          "timestamp": 1719814890
        }
      }
    },
    {
      "string_map_data": {
        "Author": {
          "value": "hermes"
        },
        "Time": {
          "timestamp": 1719814925
        }
      }
    },
    {
      "string_map_data": {
        "Author": {
          "value": "farmacia_guacci"
        },
        "Time": {
          "timestamp": 1719817467
        }
      }
    },
    {
      "string_map_data": {
        "Author": {
          "value": "hypeapp"
        },
        "Time": {
          "timestamp": 1719817563
        }
      }
    },
    {
      "string_map_data": {
        "Author": {
          "value": "farmacia_guacci"
        },
        "Time": {
          "timestamp": 1719817563
        }
      }
    },
    {
      "string_map_data": {
        "Author": {
          "value": "charliecustard_builds"
        },
        "Time": {
          "timestamp": 1719823202
        }
      }
    },
    {
      "string_map_data": {
        "Author": {
          "value": "charliecustard_builds"
        },
        "Time": {
          "timestamp": 1719823202
        }
      }
    },
    {
      "string_map_data": {
        "Author": {
          "value": "charliecustard_builds"
        },
        "Time": {
          "timestamp": 1719823202
        }
      }
    },
    {
      "string_map_data": {
        "Author": {
          "value": "farmacia_guacci"
        },
        "Time": {
          "timestamp": 1719843268
        }
      }
    },
    {
      "string_map_data": {
        "Author": {
          "value": "spconnect"
        },
        "Time": {
          "timestamp": 1719843372
        }
      }
    },
    {
      "string_map_data": {
        "Author": {
          "value": "primevideoit"
        },
        "Time": {
          "timestamp": 1719843958
        }
      }
    },
    {
      "string_map_data": {
        "Author": {
          "value": "pepejeans"
        },
        "Time": {
          "timestamp": 1719862253
        }
      }
    },
    {
      "string_map_data": {
        "Author": {
          "value": "mc2saintbarth"
        },
        "Time": {
          "timestamp": 1719868163
        }
      }
    },
    {
      "string_map_data": {
        "Author": {
          "value": "thepitch_footballstore"
        },
        "Time": {
          "timestamp": 1719874728
        }
      }
    },
    {
      "string_map_data": {
        "Author": {
          "value": "mastercard"
        },
        "Time": {
          "timestamp": 1719874728
        }
      }
    },
    {
      "string_map_data": {
        "Author": {
          "value": "lloydsfarmacia"
        },
        "Time": {
          "timestamp": 1719899073
        }
      }
    },
    {
      "string_map_data": {
        "Author": {
          "value": "netflixit"
        },
        "Time": {
          "timestamp": 1719899527
        }
      }
    },
    {
      "string_map_data": {
        "Author": {
          "value": "drmaxfarmacieitalia"
        },
        "Time": {
          "timestamp": 1719899573
        }
      }
    },
    {
      "string_map_data": {
        "Author": {
          "value": "unieuro"
        },
        "Time": {
          "timestamp": 1719935729
        }
      }
    },
    {
      "string_map_data": {
        "Author": {
          "value": "aperol.italia"
        },
        "Time": {
          "timestamp": 1719935729
        }
      }
    },
    {
      "string_map_data": {
        "Author": {
          "value": "hermes"
        },
        "Time": {
          "timestamp": 1719935774
        }
      }
    },
    {
      "string_map_data": {
        "Author": {
          "value": "nintendoswitchitalia"
        },
        "Time": {
          "timestamp": 1719936033
        }
      }
    },
    {
      "string_map_data": {
        "Author": {
          "value": "sanbitter_official"
        },
        "Time": {
          "timestamp": 1719936697
        }
      }
    },
    {
      "string_map_data": {
        "Author": {
          "value": "raybanmeta"
        },
        "Time": {
          "timestamp": 1719941485
        }
      }
    },
    {
      "string_map_data": {
        "Author": {
          "value": "nowtvit"
        },
        "Time": {
          "timestamp": 1719941709
        }
      }
    },
    {
      "string_map_data": {
        "Author": {
          "value": "radicalerestaurant"
        },
        "Time": {
          "timestamp": 1719941836
        }
      }
    },
    {
      "string_map_data": {
        "Author": {
          "value": "audemarspiguet"
        },
        "Time": {
          "timestamp": 1719958986
        }
      }
    },
    {
      "string_map_data": {
        "Author": {
          "value": "primevideoit"
        },
        "Time": {
          "timestamp": 1719959080
        }
      }
    },
    {
      "string_map_data": {
        "Author": {
          "value": "marazziceramiche"
        },
        "Time": {
          "timestamp": 1719983580
        }
      }
    },
    {
      "string_map_data": {
        "Author": {
          "value": "studioghibli.it"
        },
        "Time": {
          "timestamp": 1719983580
        }
      }
    },
    {
      "string_map_data": {
        "Author": {
          "value": "eu_eurostat"
        },
        "Time": {
          "timestamp": 1719983617
        }
      }
    },
    {
      "string_map_data": {
        "Author": {
          "value": "infinityplusit"
        },
        "Time": {
          "timestamp": 1719985570
        }
      }
    },
    {
      "string_map_data": {
        "Time": {
          "timestamp": 1719988204
        }
      }
    },
    {
      "string_map_data": {
        "Author": {
          "value": "warnerbrositalia"
        },
        "Time": {
          "timestamp": 1719988204
        }
      }
    },
    {
      "string_map_data": {
        "Author": {
          "value": "dovemencare"
        },
        "Time": {
          "timestamp": 1719988765
        }
      }
    },
    {
      "string_map_data": {
        "Author": {
          "value": "unieuro"
        },
        "Time": {
          "timestamp": 1719997994
        }
      }
    },
    {
      "string_map_data": {
        "Author": {
          "value": "farmacia_guacci"
        },
        "Time": {
          "timestamp": 1719999266
        }
      }
    },
    {
      "string_map_data": {
        "Author": {
          "value": "iliaditalia"
        },
        "Time": {
          "timestamp": 1719999266
        }
      }
    },
    {
      "string_map_data": {
        "Author": {
          "value": "italiantechweek"
        },
        "Time": {
          "timestamp": 1720000881
        }
      }
    },
    {
      "string_map_data": {
        "Author": {
          "value": "talentgarden_italy"
        },
        "Time": {
          "timestamp": 1720000881
        }
      }
    },
    {
      "string_map_data": {
        "Author": {
          "value": "auroraeventi"
        },
        "Time": {
          "timestamp": 1720001500
        }
      }
    },
    {
      "string_map_data": {
        "Author": {
          "value": "supradyn_italia"
        },
        "Time": {
          "timestamp": 1720006385
        }
      }
    }
  ]
}