{
  "impressions_history_chaining_seen": [
    {
      "string_map_data": {
        "Username": {
          "value": "_beauty_blondy_"
        },
        "Time": {
          "timestamp": 1603964119
        }
      }
    },
    {
      "string_map_data": {
        "Username": {
          "value": "jeepero77"
        },
        "Time": {
          "timestamp": 1603964026
        }
      }
    },
    {
      "string_map_data": {
        "Username": {
          "value": "dangershewrote"
        },
        "Time": {
          "timestamp": 1603938790
        }
      }
    },
    {
      "string_map_data": {
        "Username": {
          "value": "miamalkova"
        },
        "Time": {
          "timestamp": 1603938768
        }
      }
    },
    {
      "string_map_data": {
        "Username": {
          "value": "agneseinnocente"
        },
        "Time": {
          "timestamp": 1603731130
        }
      }
    },
    {
      "string_map_data": {
        "Username": {
          "value": "sladoledka"
        },
        "Time": {
          "timestamp": 1603724869
        }
      }
    },
    {
      "string_map_data": {
        "Username": {
          "value": "ostavka.project"
        },
        "Time": {
          "timestamp": 1603724437
        }
      }
    },
    {
      "string_map_data": {
        "Username": {
          "value": "chiaraferragni"
        },
        "Time": {
          "timestamp": 1603012944
        }
      }
    },
    {
      "string_map_data": {
        "Username": {
          "value": "shantilives"
        },
        "Time": {
          "timestamp": 1603012799
        }
      }
    },
    {
      "string_map_data": {
        "Username": {
          "value": "tette.per_tutti"
        },
        "Time": {
          "timestamp": 1602952526
        }
      }
    },
    {
      "string_map_data": {
        "Username": {
          "value": "ziabene"
        },
        "Time": {
          "timestamp": 1602891000
        }
      }
    },
    {
      "string_map_data": {
        "Username": {
          "value": "phenrir_mailoki"
        },
        "Time": {
          "timestamp": 1602537804
        }
      }
    },
    {
      "string_map_data": {
        "Username": {
          "value": "fedez"
        },
        "Time": {
          "timestamp": 1602377164
        }
      }
    },
    {
      "string_map_data": {
        "Username": {
          "value": "giada.armi"
        },
        "Time": {
          "timestamp": 1602285179
        }
      }
    },
    {
      "string_map_data": {
        "Username": {
          "value": "elvi000007"
        },
        "Time": {
          "timestamp": 1602105932
        }
      }
    },
    {
      "string_map_data": {
        "Username": {
          "value": "alessiadollyss"
        },
        "Time": {
          "timestamp": 1601893295
        }
      }
    },
    {
      "string_map_data": {
        "Username": {
          "value": "giorgy0506"
        },
        "Time": {
          "timestamp": 1601826666
        }
      }
    },
    {
      "string_map_data": {
        "Username": {
          "value": "matteorisotwitch"
        },
        "Time": {
          "timestamp": 1601825509
        }
      }
    },
    {
      "string_map_data": {
        "Username": {
          "value": "omino3d"
        },
        "Time": {
          "timestamp": 1601683881
        }
      }
    },
    {
      "string_map_data": {
        "Username": {
          "value": "cabronazi"
        },
        "Time": {
          "timestamp": 1601638070
        }
      }
    },
    {
      "string_map_data": {
        "Username": {
          "value": "selenacirstea"
        },
        "Time": {
          "timestamp": 1601636764
        }
      }
    },
    {
      "string_map_data": {
        "Username": {
          "value": "drbauman_"
        },
        "Time": {
          "timestamp": 1601455722
        }
      }
    },
    {
      "string_map_data": {
        "Username": {
          "value": "alice.debortoli"
        },
        "Time": {
          "timestamp": 1601390698
        }
      }
    },
    {
      "string_map_data": {
        "Username": {
          "value": "_lefavoloseocchiaiedelfossa_"
        },
        "Time": {
          "timestamp": 1601390670
        }
      }
    },
    {
      "string_map_data": {
        "Username": {
          "value": "ludovicapagani"
        },
        "Time": {
          "timestamp": 1601390592
        }
      }
    },
    {
      "string_map_data": {
        "Username": {
          "value": "dilettaleotta"
        },
        "Time": {
          "timestamp": 1601368296
        }
      }
    },
    {
      "string_map_data": {
        "Username": {
          "value": "natgeo"
        },
        "Time": {
          "timestamp": 1601277185
        }
      }
    },
    {
      "string_map_data": {
        "Username": {
          "value": "marchigianroutine"
        },
        "Time": {
          "timestamp": 1601221683
        }
      }
    },
    {
      "string_map_data": {
        "Username": {
          "value": "richardwalkerworks"
        },
        "Time": {
          "timestamp": 1600917388
        }
      }
    },
    {
      "string_map_data": {
        "Username": {
          "value": "profumodivino_treiso"
        },
        "Time": {
          "timestamp": 1600917342
        }
      }
    },
    {
      "string_map_data": {
        "Username": {
          "value": "michym3"
        },
        "Time": {
          "timestamp": 1600917276
        }
      }
    },
    {
      "string_map_data": {
        "Username": {
          "value": "francimessi"
        },
        "Time": {
          "timestamp": 1600917270
        }
      }
    },
    {
      "string_map_data": {
        "Username": {
          "value": "babyletizia"
        },
        "Time": {
          "timestamp": 1600917204
        }
      }
    },
    {
      "string_map_data": {
        "Username": {
          "value": "manuelagcr"
        },
        "Time": {
          "timestamp": 1600901578
        }
      }
    },
    {
      "string_map_data": {
        "Username": {
          "value": "wrpdmagazine"
        },
        "Time": {
          "timestamp": 1600901542
        }
      }
    },
    {
      "string_map_data": {
        "Username": {
          "value": "monpetitmarchemagique"
        },
        "Time": {
          "timestamp": 1600884353
        }
      }
    },
    {
      "string_map_data": {
        "Username": {
          "value": "unito_spotted"
        },
        "Time": {
          "timestamp": 1600777499
        }
      }
    },
    {
      "string_map_data": {
        "Username": {
          "value": "encore_by_francesca"
        },
        "Time": {
          "timestamp": 1600675884
        }
      }
    },
    {
      "string_map_data": {
        "Username": {
          "value": "ripemood"
        },
        "Time": {
          "timestamp": 1600675830
        }
      }
    },
    {
      "string_map_data": {
        "Username": {
          "value": "ihy.emann"
        },
        "Time": {
          "timestamp": 1600645040
        }
      }
    },
    {
      "string_map_data": {
        "Username": {
          "value": "lauraaaprietoo"
        },
        "Time": {
          "timestamp": 1600644982
        }
      }
    },
    {
      "string_map_data": {
        "Username": {
          "value": "michele_seraph"
        },
        "Time": {
          "timestamp": 1600644970
        }
      }
    },
    {
      "string_map_data": {
        "Username": {
          "value": "lorenzoboria"
        },
        "Time": {
          "timestamp": 1600644680
        }
      }
    },
    {
      "string_map_data": {
        "Username": {
          "value": "filippo_gobbii"
        },
        "Time": {
          "timestamp": 1600644652
        }
      }
    },
    {
      "string_map_data": {
        "Username": {
          "value": "the_black.heart44"
        },
        "Time": {
          "timestamp": 1600644612
        }
      }
    },
    {
      "string_map_data": {
        "Username": {
          "value": "alessandrocardinalii"
        },
        "Time": {
          "timestamp": 1600644546
        }
      }
    },
    {
      "string_map_data": {
        "Username": {
          "value": "jxshrsd_"
        },
        "Time": {
          "timestamp": 1600644499
        }
      }
    },
    {
      "string_map_data": {
        "Username": {
          "value": "vanessa_incontrada"
        },
        "Time": {
          "timestamp": 1600094573
        }
      }
    },
    {
      "string_map_data": {
        "Username": {
          "value": "charles_leclerc"
        },
        "Time": {
          "timestamp": 1600094551
        }
      }
    },
    {
      "string_map_data": {
        "Username": {
          "value": "scuderiaferrari"
        },
        "Time": {
          "timestamp": 1600094291
        }
      }
    },
    {
      "string_map_data": {
        "Username": {
          "value": "salzano_lino"
        },
        "Time": {
          "timestamp": 1600088373
        }
      }
    },
    {
      "string_map_data": {
        "Username": {
          "value": "artemest"
        },
        "Time": {
          "timestamp": 1599901628
        }
      }
    },
    {
      "string_map_data": {
        "Username": {
          "value": "elledecor"
        },
        "Time": {
          "timestamp": 1599901600
        }
      }
    },
    {
      "string_map_data": {
        "Username": {
          "value": "alessiamarcuzzi"
        },
        "Time": {
          "timestamp": 1599834430
        }
      }
    },
    {
      "string_map_data": {
        "Username": {
          "value": "svetlanaigorevna8732"
        },
        "Time": {
          "timestamp": 1599474649
        }
      }
    },
    {
      "string_map_data": {
        "Username": {
          "value": "unfossaalgiorno"
        },
        "Time": {
          "timestamp": 1599426626
        }
      }
    },
    {
      "string_map_data": {
        "Username": {
          "value": "mitsuhiro_arita"
        },
        "Time": {
          "timestamp": 1599426470
        }
      }
    },
    {
      "string_map_data": {
        "Username": {
          "value": "lmss.763"
        },
        "Time": {
          "timestamp": 1599410599
        }
      }
    },
    {
      "string_map_data": {
        "Username": {
          "value": "anyu_draws"
        },
        "Time": {
          "timestamp": 1599410520
        }
      }
    },
    {
      "string_map_data": {
        "Username": {
          "value": "em_rfd"
        },
        "Time": {
          "timestamp": 1599308956
        }
      }
    },
    {
      "string_map_data": {
        "Username": {
          "value": "sabineisnard"
        },
        "Time": {
          "timestamp": 1599308868
        }
      }
    },
    {
      "string_map_data": {
        "Username": {
          "value": "sonia_grey3008"
        },
        "Time": {
          "timestamp": 1599299727
        }
      }
    },
    {
      "string_map_data": {
        "Username": {
          "value": "ele_hd10"
        },
        "Time": {
          "timestamp": 1599267298
        }
      }
    },
    {
      "string_map_data": {
        "Username": {
          "value": "victorlaszlo88"
        },
        "Time": {
          "timestamp": 1599267187
        }
      }
    },
    {
      "string_map_data": {
        "Username": {
          "value": "nerdelcalcio_video"
        },
        "Time": {
          "timestamp": 1598861480
        }
      }
    },
    {
      "string_map_data": {
        "Username": {
          "value": "lelegiaccari"
        },
        "Time": {
          "timestamp": 1598794196
        }
      }
    },
    {
      "string_map_data": {
        "Username": {
          "value": "vanadis314"
        },
        "Time": {
          "timestamp": 1598615257
        }
      }
    },
    {
      "string_map_data": {
        "Username": {
          "value": "gods.plan72"
        },
        "Time": {
          "timestamp": 1598214954
        }
      }
    },
    {
      "string_map_data": {
        "Username": {
          "value": "ahmedhf753864"
        },
        "Time": {
          "timestamp": 1598214954
        }
      }
    },
    {
      "string_map_data": {
        "Username": {
          "value": "boroboro35"
        },
        "Time": {
          "timestamp": 1598211843
        }
      }
    },
    {
      "string_map_data": {
        "Username": {
          "value": "dr.bruu"
        },
        "Time": {
          "timestamp": 1598180914
        }
      }
    },
    {
      "string_map_data": {
        "Username": {
          "value": "_7a______"
        },
        "Time": {
          "timestamp": 1598171524
        }
      }
    },
    {
      "string_map_data": {
        "Username": {
          "value": "stefanolepri"
        },
        "Time": {
          "timestamp": 1598163672
        }
      }
    },
    {
      "string_map_data": {
        "Username": {
          "value": "lino_guanciale_official"
        },
        "Time": {
          "timestamp": 1598156807
        }
      }
    },
    {
      "string_map_data": {
        "Username": {
          "value": "viktor.sel"
        },
        "Time": {
          "timestamp": 1598156807
        }
      }
    },
    {
      "string_map_data": {
        "Username": {
          "value": "tillidyeitalia"
        },
        "Time": {
          "timestamp": 1598154427
        }
      }
    },
    {
      "string_map_data": {
        "Username": {
          "value": "funny"
        },
        "Time": {
          "timestamp": 1598079090
        }
      }
    },
    {
      "string_map_data": {
        "Username": {
          "value": "females"
        },
        "Time": {
          "timestamp": 1598045184
        }
      }
    },
    {
      "string_map_data": {
        "Username": {
          "value": "dario_moccia_twitch_cit"
        },
        "Time": {
          "timestamp": 1597073330
        }
      }
    },
    {
      "string_map_data": {
        "Username": {
          "value": "caverna_di_platone_fan_page_"
        },
        "Time": {
          "timestamp": 1597073150
        }
      }
    },
    {
      "string_map_data": {
        "Username": {
          "value": "hansohee_mine"
        },
        "Time": {
          "timestamp": 1597062871
        }
      }
    },
    {
      "string_map_data": {
        "Username": {
          "value": "alylililatika"
        },
        "Time": {
          "timestamp": 1596720609
        }
      }
    },
    {
      "string_map_data": {
        "Username": {
          "value": "mikkykiemeney"
        },
        "Time": {
          "timestamp": 1596111747
        }
      }
    },
    {
      "string_map_data": {
        "Username": {
          "value": "ckiboh"
        },
        "Time": {
          "timestamp": 1595941276
        }
      }
    },
    {
      "string_map_data": {
        "Username": {
          "value": "_rebeccafalzarano_"
        },
        "Time": {
          "timestamp": 1595932946
        }
      }
    },
    {
      "string_map_data": {
        "Username": {
          "value": "_gior_gia_zmg_"
        },
        "Time": {
          "timestamp": 1595932817
        }
      }
    },
    {
      "string_map_data": {
        "Username": {
          "value": "sivaaletto"
        },
        "Time": {
          "timestamp": 1595932604
        }
      }
    },
    {
      "string_map_data": {
        "Username": {
          "value": "eleonora_roccasalva24"
        },
        "Time": {
          "timestamp": 1595932421
        }
      }
    },
    {
      "string_map_data": {
        "Username": {
          "value": "simonaventura"
        },
        "Time": {
          "timestamp": 1595664810
        }
      }
    },
    {
      "string_map_data": {
        "Username": {
          "value": "biancaguacceroreal"
        },
        "Time": {
          "timestamp": 1595664685
        }
      }
    },
    {
      "string_map_data": {
        "Username": {
          "value": "marco_masterpeter"
        },
        "Time": {
          "timestamp": 1595628722
        }
      }
    },
    {
      "string_map_data": {
        "Username": {
          "value": "_sanjana.anand_"
        },
        "Time": {
          "timestamp": 1595377473
        }
      }
    },
    {
      "string_map_data": {
        "Username": {
          "value": "anggaashter022__"
        },
        "Time": {
          "timestamp": 1595250247
        }
      }
    },
    {
      "string_map_data": {
        "Username": {
          "value": "mustafa.ugur11"
        },
        "Time": {
          "timestamp": 1595250129
        }
      }
    },
    {
      "string_map_data": {
        "Username": {
          "value": "lexi_rabe"
        },
        "Time": {
          "timestamp": 1595117970
        }
      }
    },
    {
      "string_map_data": {
        "Username": {
          "value": "karengillan"
        },
        "Time": {
          "timestamp": 1595117957
        }
      }
    },
    {
      "string_map_data": {
        "Username": {
          "value": "senzasperanzediocane"
        },
        "Time": {
          "timestamp": 1595031533
        }
      }
    },
    {
      "string_map_data": {
        "Username": {
          "value": "merisiel_irum"
        },
        "Time": {
          "timestamp": 1595023155
        }
      }
    },
    {
      "string_map_data": {
        "Username": {
          "value": "imodificati"
        },
        "Time": {
          "timestamp": 1595023109
        }
      }
    },
    {
      "string_map_data": {
        "Username": {
          "value": "damianodavid"
        },
        "Time": {
          "timestamp": 1594975844
        }
      }
    },
    {
      "string_map_data": {
        "Username": {
          "value": "maneskinofficial"
        },
        "Time": {
          "timestamp": 1594975787
        }
      }
    },
    {
      "string_map_data": {
        "Username": {
          "value": "emilia_clarke"
        },
        "Time": {
          "timestamp": 1594974398
        }
      }
    },
    {
      "string_map_data": {
        "Username": {
          "value": "alexandradaddario"
        },
        "Time": {
          "timestamp": 1594974352
        }
      }
    },
    {
      "string_map_data": {
        "Username": {
          "value": "sabryfabio_"
        },
        "Time": {
          "timestamp": 1594896092
        }
      }
    },
    {
      "string_map_data": {
        "Username": {
          "value": "paolocannone22"
        },
        "Time": {
          "timestamp": 1594764438
        }
      }
    },
    {
      "string_map_data": {
        "Username": {
          "value": "laurapereiragabriel"
        },
        "Time": {
          "timestamp": 1594686106
        }
      }
    },
    {
      "string_map_data": {
        "Username": {
          "value": "raqueladrisoares09"
        },
        "Time": {
          "timestamp": 1594447105
        }
      }
    },
    {
      "string_map_data": {
        "Username": {
          "value": "_ajiimenez"
        },
        "Time": {
          "timestamp": 1594427943
        }
      }
    },
    {
      "string_map_data": {
        "Username": {
          "value": "bsnake__"
        },
        "Time": {
          "timestamp": 1594425069
        }
      }
    },
    {
      "string_map_data": {
        "Username": {
          "value": "tatiana.rakowski"
        },
        "Time": {
          "timestamp": 1594412225
        }
      }
    },
    {
      "string_map_data": {
        "Username": {
          "value": "ashjan_sallam"
        },
        "Time": {
          "timestamp": 1594325032
        }
      }
    },
    {
      "string_map_data": {
        "Username": {
          "value": "basically_imsmoll"
        },
        "Time": {
          "timestamp": 1594297478
        }
      }
    },
    {
      "string_map_data": {
        "Username": {
          "value": "ginger_violet_"
        },
        "Time": {
          "timestamp": 1594284730
        }
      }
    },
    {
      "string_map_data": {
        "Username": {
          "value": "osa.2111"
        },
        "Time": {
          "timestamp": 1594204420
        }
      }
    },
    {
      "string_map_data": {
        "Username": {
          "value": "chiara_donnari"
        },
        "Time": {
          "timestamp": 1594139988
        }
      }
    },
    {
      "string_map_data": {
        "Username": {
          "value": "naru_gesdol"
        },
        "Time": {
          "timestamp": 1594139535
        }
      }
    },
    {
      "string_map_data": {
        "Username": {
          "value": "elisesait"
        },
        "Time": {
          "timestamp": 1594134493
        }
      }
    },
    {
      "string_map_data": {
        "Username": {
          "value": "sferaebbasta"
        },
        "Time": {
          "timestamp": 1594126608
        }
      }
    },
    {
      "string_map_data": {
        "Username": {
          "value": "zoe_duffieldxx"
        },
        "Time": {
          "timestamp": 1593976161
        }
      }
    },
    {
      "string_map_data": {
        "Username": {
          "value": "artblockova"
        },
        "Time": {
          "timestamp": 1593945156
        }
      }
    },
    {
      "string_map_data": {
        "Username": {
          "value": "itsandreabotez"
        },
        "Time": {
          "timestamp": 1593944905
        }
      }
    },
    {
      "string_map_data": {
        "Username": {
          "value": "ichsanfurqan_"
        },
        "Time": {
          "timestamp": 1593725780
        }
      }
    },
    {
      "string_map_data": {
        "Username": {
          "value": "linda_stabilini"
        },
        "Time": {
          "timestamp": 1593548049
        }
      }
    },
    {
      "string_map_data": {
        "Username": {
          "value": "batlooksunglasses"
        },
        "Time": {
          "timestamp": 1593358464
        }
      }
    },
    {
      "string_map_data": {
        "Username": {
          "value": "ellinorejdfors"
        },
        "Time": {
          "timestamp": 1593155776
        }
      }
    },
    {
      "string_map_data": {
        "Username": {
          "value": "muhammad_alaqayla_"
        },
        "Time": {
          "timestamp": 1593117416
        }
      }
    },
    {
      "string_map_data": {
        "Username": {
          "value": "noaflo_"
        },
        "Time": {
          "timestamp": 1593117269
        }
      }
    },
    {
      "string_map_data": {
        "Username": {
          "value": "motivoyyray"
        },
        "Time": {
          "timestamp": 1593114619
        }
      }
    },
    {
      "string_map_data": {
        "Username": {
          "value": "massimopericolo"
        },
        "Time": {
          "timestamp": 1592830347
        }
      }
    },
    {
      "string_map_data": {
        "Username": {
          "value": "hela54kvm"
        },
        "Time": {
          "timestamp": 1592765720
        }
      }
    },
    {
      "string_map_data": {
        "Username": {
          "value": "marcellycrvlh_"
        },
        "Time": {
          "timestamp": 1592759913
        }
      }
    },
    {
      "string_map_data": {
        "Username": {
          "value": "_patriciaara"
        },
        "Time": {
          "timestamp": 1592754484
        }
      }
    },
    {
      "string_map_data": {
        "Username": {
          "value": "dedicoloudee"
        },
        "Time": {
          "timestamp": 1592637947
        }
      }
    },
    {
      "string_map_data": {
        "Username": {
          "value": "tedua_wildbandana"
        },
        "Time": {
          "timestamp": 1592593355
        }
      }
    },
    {
      "string_map_data": {
        "Username": {
          "value": "aoshimabar"
        },
        "Time": {
          "timestamp": 1592478435
        }
      }
    },
    {
      "string_map_data": {
        "Username": {
          "value": "zoerossini"
        },
        "Time": {
          "timestamp": 1592469505
        }
      }
    },
    {
      "string_map_data": {
        "Username": {
          "value": "cerberopodcastreal"
        },
        "Time": {
          "timestamp": 1592391086
        }
      }
    },
    {
      "string_map_data": {
        "Username": {
          "value": "lilsammykitty.xx"
        },
        "Time": {
          "timestamp": 1592353550
        }
      }
    },
    {
      "string_map_data": {
        "Username": {
          "value": "_cloe_._"
        },
        "Time": {
          "timestamp": 1592212923
        }
      }
    },
    {
      "string_map_data": {
        "Username": {
          "value": "iamsarahstella"
        },
        "Time": {
          "timestamp": 1592212780
        }
      }
    },
    {
      "string_map_data": {
        "Username": {
          "value": "dadomanifacciolabrava2.0"
        },
        "Time": {
          "timestamp": 1592212778
        }
      }
    },
    {
      "string_map_data": {
        "Username": {
          "value": "martinawyscpi"
        },
        "Time": {
          "timestamp": 1592212352
        }
      }
    },
    {
      "string_map_data": {
        "Username": {
          "value": "puffalala"
        },
        "Time": {
          "timestamp": 1592212352
        }
      }
    },
    {
      "string_map_data": {
        "Username": {
          "value": "saratrivigno"
        },
        "Time": {
          "timestamp": 1592208300
        }
      }
    },
    {
      "string_map_data": {
        "Username": {
          "value": "propowerpressurewashing"
        },
        "Time": {
          "timestamp": 1592207781
        }
      }
    },
    {
      "string_map_data": {
        "Username": {
          "value": "alxx__01"
        },
        "Time": {
          "timestamp": 1592182386
        }
      }
    },
    {
      "string_map_data": {
        "Username": {
          "value": "chiara___2004_"
        },
        "Time": {
          "timestamp": 1592182322
        }
      }
    },
    {
      "string_map_data": {
        "Username": {
          "value": "__.luana_05.__"
        },
        "Time": {
          "timestamp": 1592182223
        }
      }
    },
    {
      "string_map_data": {
        "Username": {
          "value": "vica18.___"
        },
        "Time": {
          "timestamp": 1592182184
        }
      }
    },
    {
      "string_map_data": {
        "Username": {
          "value": "crlotta__"
        },
        "Time": {
          "timestamp": 1592182180
        }
      }
    },
    {
      "string_map_data": {
        "Username": {
          "value": "alma_l1bre"
        },
        "Time": {
          "timestamp": 1592182176
        }
      }
    },
    {
      "string_map_data": {
        "Username": {
          "value": "shasha_00004"
        },
        "Time": {
          "timestamp": 1592182164
        }
      }
    },
    {
      "string_map_data": {
        "Username": {
          "value": "fashionbyladiva321"
        },
        "Time": {
          "timestamp": 1592178578
        }
      }
    },
    {
      "string_map_data": {
        "Username": {
          "value": "netty.nr1"
        },
        "Time": {
          "timestamp": 1592169295
        }
      }
    },
    {
      "string_map_data": {
        "Username": {
          "value": "shgm.3"
        },
        "Time": {
          "timestamp": 1592166269
        }
      }
    },
    {
      "string_map_data": {
        "Username": {
          "value": "the.fish.is.back"
        },
        "Time": {
          "timestamp": 1592134042
        }
      }
    },
    {
      "string_map_data": {
        "Username": {
          "value": "chikitasexii1"
        },
        "Time": {
          "timestamp": 1592131884
        }
      }
    },
    {
      "string_map_data": {
        "Username": {
          "value": "magouilleart"
        },
        "Time": {
          "timestamp": 1592131796
        }
      }
    },
    {
      "string_map_data": {
        "Username": {
          "value": "filippo__corradi"
        },
        "Time": {
          "timestamp": 1591891084
        }
      }
    },
    {
      "string_map_data": {
        "Username": {
          "value": "feelingblue_film"
        },
        "Time": {
          "timestamp": 1591890804
        }
      }
    },
    {
      "string_map_data": {
        "Username": {
          "value": "orlandobloom"
        },
        "Time": {
          "timestamp": 1591864869
        }
      }
    },
    {
      "string_map_data": {
        "Username": {
          "value": "iamstevent"
        },
        "Time": {
          "timestamp": 1591864812
        }
      }
    },
    {
      "string_map_data": {
        "Username": {
          "value": "netflixit"
        },
        "Time": {
          "timestamp": 1591738590
        }
      }
    },
    {
      "string_map_data": {
        "Username": {
          "value": "accountciclo"
        },
        "Time": {
          "timestamp": 1591738256
        }
      }
    },
    {
      "string_map_data": {
        "Username": {
          "value": "leo_boiboi"
        },
        "Time": {
          "timestamp": 1591436312
        }
      }
    },
    {
      "string_map_data": {
        "Username": {
          "value": "n.aletras"
        },
        "Time": {
          "timestamp": 1591366337
        }
      }
    },
    {
      "string_map_data": {
        "Username": {
          "value": "borghiritrovati"
        },
        "Time": {
          "timestamp": 1591350017
        }
      }
    },
    {
      "string_map_data": {
        "Username": {
          "value": "loryg00"
        },
        "Time": {
          "timestamp": 1591341445
        }
      }
    },
    {
      "string_map_data": {
        "Username": {
          "value": "video.incredibilii"
        },
        "Time": {
          "timestamp": 1591174506
        }
      }
    },
    {
      "string_map_data": {
        "Username": {
          "value": "abresetstore"
        },
        "Time": {
          "timestamp": 1590695732
        }
      }
    },
    {
      "string_map_data": {
        "Username": {
          "value": "iamulyachu"
        },
        "Time": {
          "timestamp": 1589209272
        }
      }
    },
    {
      "string_map_data": {
        "Username": {
          "value": "houseyuigahama"
        },
        "Time": {
          "timestamp": 1588850816
        }
      }
    },
    {
      "string_map_data": {
        "Username": {
          "value": "zanoxvii"
        },
        "Time": {
          "timestamp": 1588541989
        }
      }
    },
    {
      "string_map_data": {
        "Username": {
          "value": "bigpooh876"
        },
        "Time": {
          "timestamp": 1585860196
        }
      }
    },
    {
      "string_map_data": {
        "Username": {
          "value": "junior_therula2"
        },
        "Time": {
          "timestamp": 1585860192
        }
      }
    },
    {
      "string_map_data": {
        "Username": {
          "value": "florent.peace"
        },
        "Time": {
          "timestamp": 1585786382
        }
      }
    },
    {
      "string_map_data": {
        "Username": {
          "value": "try_from_a_sphere"
        },
        "Time": {
          "timestamp": 1585786028
        }
      }
    },
    {
      "string_map_data": {
        "Username": {
          "value": "familia.milan.oficial"
        },
        "Time": {
          "timestamp": 1585784603
        }
      }
    },
    {
      "string_map_data": {
        "Username": {
          "value": "giuliaacardonee"
        },
        "Time": {
          "timestamp": 1585781141
        }
      }
    },
    {
      "string_map_data": {
        "Username": {
          "value": "valeriandesterne"
        },
        "Time": {
          "timestamp": 1585704403
        }
      }
    },
    {
      "string_map_data": {
        "Username": {
          "value": "jtunstall1"
        },
        "Time": {
          "timestamp": 1585661560
        }
      }
    },
    {
      "string_map_data": {
        "Username": {
          "value": "tofuz__"
        },
        "Time": {
          "timestamp": 1585661297
        }
      }
    },
    {
      "string_map_data": {
        "Username": {
          "value": "vcapossela"
        },
        "Time": {
          "timestamp": 1584752374
        }
      }
    },
    {
      "string_map_data": {
        "Username": {
          "value": "112223345667987ff"
        },
        "Time": {
          "timestamp": 1584610091
        }
      }
    },
    {
      "string_map_data": {
        "Username": {
          "value": "sharlottefernandez"
        },
        "Time": {
          "timestamp": 1584357060
        }
      }
    },
    {
      "string_map_data": {
        "Username": {
          "value": "riddickart"
        },
        "Time": {
          "timestamp": 1583505891
        }
      }
    },
    {
      "string_map_data": {
        "Username": {
          "value": "lorrainesorlet"
        },
        "Time": {
          "timestamp": 1583505796
        }
      }
    },
    {
      "string_map_data": {
        "Username": {
          "value": "musicandbooksmonamour"
        },
        "Time": {
          "timestamp": 1583505469
        }
      }
    },
    {
      "string_map_data": {
        "Username": {
          "value": "jeffkoons"
        },
        "Time": {
          "timestamp": 1583489782
        }
      }
    },
    {
      "string_map_data": {
        "Username": {
          "value": "elettralamborghini"
        },
        "Time": {
          "timestamp": 1582899561
        }
      }
    },
    {
      "string_map_data": {
        "Username": {
          "value": "langlangpiano"
        },
        "Time": {
          "timestamp": 1581684970
        }
      }
    },
    {
      "string_map_data": {
        "Username": {
          "value": "dgclassics"
        },
        "Time": {
          "timestamp": 1581684834
        }
      }
    },
    {
      "string_map_data": {
        "Username": {
          "value": "sempreio.3"
        },
        "Time": {
          "timestamp": 1581599255
        }
      }
    },
    {
      "string_map_data": {
        "Username": {
          "value": "andreamossi99"
        },
        "Time": {
          "timestamp": 1581599228
        }
      }
    },
    {
      "string_map_data": {
        "Username": {
          "value": "erikapriasca"
        },
        "Time": {
          "timestamp": 1581548217
        }
      }
    },
    {
      "string_map_data": {
        "Username": {
          "value": "deborah97gamer"
        },
        "Time": {
          "timestamp": 1581548034
        }
      }
    },
    {
      "string_map_data": {
        "Username": {
          "value": "hipdem"
        },
        "Time": {
          "timestamp": 1581547694
        }
      }
    },
    {
      "string_map_data": {
        "Username": {
          "value": "politicallyretro"
        },
        "Time": {
          "timestamp": 1581547602
        }
      }
    },
    {
      "string_map_data": {
        "Username": {
          "value": "alex_9098_"
        },
        "Time": {
          "timestamp": 1581318311
        }
      }
    },
    {
      "string_map_data": {
        "Username": {
          "value": "bossdoms"
        },
        "Time": {
          "timestamp": 1581112453
        }
      }
    },
    {
      "string_map_data": {
        "Username": {
          "value": "pastorizianeverdiesreal"
        },
        "Time": {
          "timestamp": 1581112444
        }
      }
    },
    {
      "string_map_data": {
        "Username": {
          "value": "fabri_fibra"
        },
        "Time": {
          "timestamp": 1581112277
        }
      }
    },
    {
      "string_map_data": {
        "Username": {
          "value": "oracapisco.it"
        },
        "Time": {
          "timestamp": 1565511690
        }
      }
    },
    {
      "string_map_data": {
        "Username": {
          "value": "martamartinezcostas"
        },
        "Time": {
          "timestamp": 1565212971
        }
      }
    },
    {
      "string_map_data": {
        "Username": {
          "value": "intimodistacco"
        },
        "Time": {
          "timestamp": 1564860153
        }
      }
    },
    {
      "string_map_data": {
        "Username": {
          "value": "gio_evan"
        },
        "Time": {
          "timestamp": 1563837701
        }
      }
    },
    {
      "string_map_data": {
        "Username": {
          "value": "chiamarsimc2.0"
        },
        "Time": {
          "timestamp": 1563220853
        }
      }
    },
    {
      "string_map_data": {
        "Username": {
          "value": "mike.ram25"
        },
        "Time": {
          "timestamp": 1563144759
        }
      }
    },
    {
      "string_map_data": {
        "Username": {
          "value": "pvdaalvess__"
        },
        "Time": {
          "timestamp": 1563144479
        }
      }
    },
    {
      "string_map_data": {
        "Username": {
          "value": "desperdicio0"
        },
        "Time": {
          "timestamp": 1563029272
        }
      }
    },
    {
      "string_map_data": {
        "Username": {
          "value": "reinhardtmitch"
        },
        "Time": {
          "timestamp": 1563020321
        }
      }
    },
    {
      "string_map_data": {
        "Username": {
          "value": "sharonjanney"
        },
        "Time": {
          "timestamp": 1563020125
        }
      }
    },
    {
      "string_map_data": {
        "Username": {
          "value": "anapao0511"
        },
        "Time": {
          "timestamp": 1562862692
        }
      }
    },
    {
      "string_map_data": {
        "Username": {
          "value": "simonepanetty"
        },
        "Time": {
          "timestamp": 1562719403
        }
      }
    },
    {
      "string_map_data": {
        "Username": {
          "value": "wyo_kilo"
        },
        "Time": {
          "timestamp": 1562454123
        }
      }
    },
    {
      "string_map_data": {
        "Username": {
          "value": "eliskabuckova_official"
        },
        "Time": {
          "timestamp": 1562399793
        }
      }
    },
    {
      "string_map_data": {
        "Username": {
          "value": "terezakerndlova"
        },
        "Time": {
          "timestamp": 1562399381
        }
      }
    },
    {
      "string_map_data": {
        "Username": {
          "value": "shumatovmaksim"
        },
        "Time": {
          "timestamp": 1562398459
        }
      }
    },
    {
      "string_map_data": {
        "Username": {
          "value": "__troi___2"
        },
        "Time": {
          "timestamp": 1562048598
        }
      }
    },
    {
      "string_map_data": {
        "Username": {
          "value": "zanfinalilaa"
        },
        "Time": {
          "timestamp": 1562048180
        }
      }
    },
    {
      "string_map_data": {
        "Username": {
          "value": "official_fattanza"
        },
        "Time": {
          "timestamp": 1561652206
        }
      }
    },
    {
      "string_map_data": {
        "Username": {
          "value": "officialfattone"
        },
        "Time": {
          "timestamp": 1561652037
        }
      }
    },
    {
      "string_map_data": {
        "Username": {
          "value": "pierluigi936"
        },
        "Time": {
          "timestamp": 1561552454
        }
      }
    },
    {
      "string_map_data": {
        "Username": {
          "value": "sushitrash"
        },
        "Time": {
          "timestamp": 1561190665
        }
      }
    },
    {
      "string_map_data": {
        "Username": {
          "value": "fernanda.uhh"
        },
        "Time": {
          "timestamp": 1561106111
        }
      }
    },
    {
      "string_map_data": {
        "Username": {
          "value": "negacaos"
        },
        "Time": {
          "timestamp": 1561105856
        }
      }
    },
    {
      "string_map_data": {
        "Username": {
          "value": "coppiachescoppia._"
        },
        "Time": {
          "timestamp": 1561041040
        }
      }
    },
    {
      "string_map_data": {
        "Username": {
          "value": "pokimanelol"
        },
        "Time": {
          "timestamp": 1561040988
        }
      }
    },
    {
      "string_map_data": {
        "Username": {
          "value": "paulodybala"
        },
        "Time": {
          "timestamp": 1560455589
        }
      }
    },
    {
      "string_map_data": {
        "Username": {
          "value": "tobacco.studio"
        },
        "Time": {
          "timestamp": 1559988744
        }
      }
    },
    {
      "string_map_data": {
        "Username": {
          "value": "nouribrahim_123"
        },
        "Time": {
          "timestamp": 1559737193
        }
      }
    },
    {
      "string_map_data": {
        "Username": {
          "value": "conta_privada_._2024"
        },
        "Time": {
          "timestamp": 1559287150
        }
      }
    },
    {
      "string_map_data": {
        "Username": {
          "value": "ddudasz"
        },
        "Time": {
          "timestamp": 1559287027
        }
      }
    },
    {
      "string_map_data": {
        "Username": {
          "value": "pvd_daasamiguinhas"
        },
        "Time": {
          "timestamp": 1559287017
        }
      }
    },
    {
      "string_map_data": {
        "Username": {
          "value": "chiarainpentola"
        },
        "Time": {
          "timestamp": 1557857108
        }
      }
    },
    {
      "string_map_data": {
        "Username": {
          "value": "jeremyrenner"
        },
        "Time": {
          "timestamp": 1557433478
        }
      }
    },
    {
      "string_map_data": {
        "Username": {
          "value": "thehughjackman"
        },
        "Time": {
          "timestamp": 1557433240
        }
      }
    },
    {
      "string_map_data": {
        "Username": {
          "value": "markruffalo"
        },
        "Time": {
          "timestamp": 1557433218
        }
      }
    },
    {
      "string_map_data": {
        "Username": {
          "value": "ray_ray_freitas"
        },
        "Time": {
          "timestamp": 1557302500
        }
      }
    },
    {
      "string_map_data": {
        "Username": {
          "value": "pixar"
        },
        "Time": {
          "timestamp": 1556842474
        }
      }
    },
    {
      "string_map_data": {
        "Username": {
          "value": "nana_sandoval85"
        },
        "Time": {
          "timestamp": 1556233616
        }
      }
    },
    {
      "string_map_data": {
        "Username": {
          "value": "gameofthrones"
        },
        "Time": {
          "timestamp": 1555707951
        }
      }
    },
    {
      "string_map_data": {
        "Username": {
          "value": "maisie_williams"
        },
        "Time": {
          "timestamp": 1555707739
        }
      }
    },
    {
      "string_map_data": {
        "Username": {
          "value": "vulgo_seus_amores_hahaha"
        },
        "Time": {
          "timestamp": 1555503000
        }
      }
    },
    {
      "string_map_data": {
        "Username": {
          "value": "neroneneronee"
        },
        "Time": {
          "timestamp": 1555493526
        }
      }
    },
    {
      "string_map_data": {
        "Username": {
          "value": "naira_farnetti"
        },
        "Time": {
          "timestamp": 1555493526
        }
      }
    },
    {
      "string_map_data": {
        "Username": {
          "value": "_____amina___________"
        },
        "Time": {
          "timestamp": 1555493436
        }
      }
    },
    {
      "string_map_data": {
        "Username": {
          "value": "luiscar_figueredom"
        },
        "Time": {
          "timestamp": 1555493306
        }
      }
    },
    {
      "string_map_data": {
        "Username": {
          "value": "daian_5911"
        },
        "Time": {
          "timestamp": 1555493289
        }
      }
    },
    {
      "string_map_data": {
        "Username": {
          "value": "stefanylourrane"
        },
        "Time": {
          "timestamp": 1555493274
        }
      }
    },
    {
      "string_map_data": {
        "Username": {
          "value": "pvddd_mlj"
        },
        "Time": {
          "timestamp": 1555493135
        }
      }
    },
    {
      "string_map_data": {
        "Username": {
          "value": "sinasbesto19"
        },
        "Time": {
          "timestamp": 1555492889
        }
      }
    },
    {
      "string_map_data": {
        "Username": {
          "value": "secil.sesigur"
        },
        "Time": {
          "timestamp": 1554211016
        }
      }
    },
    {
      "string_map_data": {
        "Username": {
          "value": "chefaticalavitadabomber"
        },
        "Time": {
          "timestamp": 1553985759
        }
      }
    },
    {
      "string_map_data": {
        "Username": {
          "value": "benbencatcat"
        },
        "Time": {
          "timestamp": 1553210979
        }
      }
    },
    {
      "string_map_data": {
        "Username": {
          "value": "thedodo"
        },
        "Time": {
          "timestamp": 1553210925
        }
      }
    },
    {
      "string_map_data": {
        "Username": {
          "value": "lil_jebbbbbyyyy"
        },
        "Time": {
          "timestamp": 1552308896
        }
      }
    },
    {
      "string_map_data": {
        "Username": {
          "value": "renamsilva40"
        },
        "Time": {
          "timestamp": 1551964464
        }
      }
    },
    {
      "string_map_data": {
        "Username": {
          "value": "laura.mfernandes"
        },
        "Time": {
          "timestamp": 1551956831
        }
      }
    },
    {
      "string_map_data": {
        "Username": {
          "value": "talit_cristineee"
        },
        "Time": {
          "timestamp": 1551431789
        }
      }
    },
    {
      "string_map_data": {
        "Username": {
          "value": "deeesaaaatiiivaaaaadooooo"
        },
        "Time": {
          "timestamp": 1551431780
        }
      }
    },
    {
      "string_map_data": {
        "Username": {
          "value": "tishanowreen"
        },
        "Time": {
          "timestamp": 1551431767
        }
      }
    },
    {
      "string_map_data": {
        "Username": {
          "value": "rawisabae"
        },
        "Time": {
          "timestamp": 1551431684
        }
      }
    },
    {
      "string_map_data": {
        "Username": {
          "value": "letcia_sw"
        },
        "Time": {
          "timestamp": 1551310599
        }
      }
    },
    {
      "string_map_data": {
        "Username": {
          "value": "brunnaa_soouzaah"
        },
        "Time": {
          "timestamp": 1551012915
        }
      }
    },
    {
      "string_map_data": {
        "Username": {
          "value": "elizaah_souza19"
        },
        "Time": {
          "timestamp": 1551012897
        }
      }
    },
    {
      "string_map_data": {
        "Username": {
          "value": "rayssaferreirarc"
        },
        "Time": {
          "timestamp": 1551012857
        }
      }
    },
    {
      "string_map_data": {
        "Username": {
          "value": "diiiiixx._"
        },
        "Time": {
          "timestamp": 1551012852
        }
      }
    },
    {
      "string_map_data": {
        "Username": {
          "value": "jhennefer.souza.1"
        },
        "Time": {
          "timestamp": 1551012780
        }
      }
    },
    {
      "string_map_data": {
        "Username": {
          "value": "studiobeauty.lari_mello"
        },
        "Time": {
          "timestamp": 1551012765
        }
      }
    },
    {
      "string_map_data": {
        "Username": {
          "value": "aneraii"
        },
        "Time": {
          "timestamp": 1551012701
        }
      }
    },
    {
      "string_map_data": {
        "Username": {
          "value": "yrpb.sc"
        },
        "Time": {
          "timestamp": 1550400171
        }
      }
    },
    {
      "string_map_data": {
        "Username": {
          "value": "salmahussein120"
        },
        "Time": {
          "timestamp": 1550097318
        }
      }
    },
    {
      "string_map_data": {
        "Username": {
          "value": "mdedepaul"
        },
        "Time": {
          "timestamp": 1550094722
        }
      }
    },
    {
      "string_map_data": {
        "Username": {
          "value": "suleiman346"
        },
        "Time": {
          "timestamp": 1550094673
        }
      }
    },
    {
      "string_map_data": {
        "Username": {
          "value": "lldl9"
        },
        "Time": {
          "timestamp": 1549269270
        }
      }
    },
    {
      "string_map_data": {
        "Username": {
          "value": "subumanesimo"
        },
        "Time": {
          "timestamp": 1549213849
        }
      }
    },
    {
      "string_map_data": {
        "Username": {
          "value": "nascecrescerespawna"
        },
        "Time": {
          "timestamp": 1549213555
        }
      }
    },
    {
      "string_map_data": {
        "Username": {
          "value": "saintbeans"
        },
        "Time": {
          "timestamp": 1549003302
        }
      }
    },
    {
      "string_map_data": {
        "Username": {
          "value": "a_squirrel_called_peanut"
        },
        "Time": {
          "timestamp": 1549003049
        }
      }
    },
    {
      "string_map_data": {
        "Username": {
          "value": "veloso_mf"
        },
        "Time": {
          "timestamp": 1548699041
        }
      }
    },
    {
      "string_map_data": {
        "Username": {
          "value": "_benniiii"
        },
        "Time": {
          "timestamp": 1548578302
        }
      }
    },
    {
      "string_map_data": {
        "Username": {
          "value": "ciakclub"
        },
        "Time": {
          "timestamp": 1548116537
        }
      }
    },
    {
      "string_map_data": {
        "Username": {
          "value": "drinkanza"
        },
        "Time": {
          "timestamp": 1548115122
        }
      }
    },
    {
      "string_map_data": {
        "Username": {
          "value": "kriswilson.italiaofficial"
        },
        "Time": {
          "timestamp": 1548115109
        }
      }
    },
    {
      "string_map_data": {
        "Username": {
          "value": "dueditanelcuore"
        },
        "Time": {
          "timestamp": 1547892591
        }
      }
    },
    {
      "string_map_data": {
        "Username": {
          "value": "scervellato"
        },
        "Time": {
          "timestamp": 1547858510
        }
      }
    },
    {
      "string_map_data": {
        "Username": {
          "value": "fuck.j6y"
        },
        "Time": {
          "timestamp": 1547716957
        }
      }
    },
    {
      "string_map_data": {
        "Username": {
          "value": "sovjet.army.balls"
        },
        "Time": {
          "timestamp": 1547667312
        }
      }
    },
    {
      "string_map_data": {
        "Username": {
          "value": "tmlplanet"
        },
        "Time": {
          "timestamp": 1547372435
        }
      }
    },
    {
      "string_map_data": {
        "Username": {
          "value": "neko_linniker"
        },
        "Time": {
          "timestamp": 1546765135
        }
      }
    },
    {
      "string_map_data": {
        "Username": {
          "value": "olivia.mathers"
        },
        "Time": {
          "timestamp": 1546765008
        }
      }
    },
    {
      "string_map_data": {
        "Username": {
          "value": "tammyhembrow"
        },
        "Time": {
          "timestamp": 1546765008
        }
      }
    },
    {
      "string_map_data": {
        "Username": {
          "value": "julia.cruxz"
        },
        "Time": {
          "timestamp": 1546764823
        }
      }
    },
    {
      "string_map_data": {
        "Username": {
          "value": "madi_edwards"
        },
        "Time": {
          "timestamp": 1546760823
        }
      }
    },
    {
      "string_map_data": {
        "Username": {
          "value": "reneeherbert_"
        },
        "Time": {
          "timestamp": 1546760776
        }
      }
    },
    {
      "string_map_data": {
        "Username": {
          "value": "mathildtantot"
        },
        "Time": {
          "timestamp": 1546760558
        }
      }
    },
    {
      "string_map_data": {
        "Username": {
          "value": "fabianys.paula"
        },
        "Time": {
          "timestamp": 1546547197
        }
      }
    },
    {
      "string_map_data": {
        "Username": {
          "value": "sarahkohan"
        },
        "Time": {
          "timestamp": 1546542473
        }
      }
    },
    {
      "string_map_data": {
        "Username": {
          "value": "piamuehlenbeck"
        },
        "Time": {
          "timestamp": 1546542394
        }
      }
    },
    {
      "string_map_data": {
        "Username": {
          "value": "natalie_roser"
        },
        "Time": {
          "timestamp": 1546542388
        }
      }
    },
    {
      "string_map_data": {
        "Username": {
          "value": "charlyjordan"
        },
        "Time": {
          "timestamp": 1546542338
        }
      }
    },
    {
      "string_map_data": {
        "Username": {
          "value": "sincerely_emmarose"
        },
        "Time": {
          "timestamp": 1546542324
        }
      }
    },
    {
      "string_map_data": {
        "Username": {
          "value": "mileycyrus"
        },
        "Time": {
          "timestamp": 1546542156
        }
      }
    },
    {
      "string_map_data": {
        "Username": {
          "value": "emrata"
        },
        "Time": {
          "timestamp": 1546542127
        }
      }
    },
    {
      "string_map_data": {
        "Username": {
          "value": "dix.besst"
        },
        "Time": {
          "timestamp": 1546541003
        }
      }
    },
    {
      "string_map_data": {
        "Username": {
          "value": "ana.__.laurinha"
        },
        "Time": {
          "timestamp": 1546540810
        }
      }
    },
    {
      "string_map_data": {
        "Username": {
          "value": "kendalljenner"
        },
        "Time": {
          "timestamp": 1546540316
        }
      }
    },
    {
      "string_map_data": {
        "Username": {
          "value": "il_socio_aci"
        },
        "Time": {
          "timestamp": 1545951055
        }
      }
    },
    {
      "string_map_data": {
        "Username": {
          "value": "rivogliamomaidiregol"
        },
        "Time": {
          "timestamp": 1545950916
        }
      }
    },
    {
      "string_map_data": {
        "Username": {
          "value": "feudalesimoeliberta"
        },
        "Time": {
          "timestamp": 1545932285
        }
      }
    },
    {
      "string_map_data": {
        "Username": {
          "value": "ortolanileo"
        },
        "Time": {
          "timestamp": 1545932029
        }
      }
    },
    {
      "string_map_data": {
        "Username": {
          "value": "calciatoribrutti"
        },
        "Time": {
          "timestamp": 1545733705
        }
      }
    },
    {
      "string_map_data": {
        "Username": {
          "value": "nascecresceignora"
        },
        "Time": {
          "timestamp": 1545566146
        }
      }
    },
    {
      "string_map_data": {
        "Username": {
          "value": "ilsuperuovo"
        },
        "Time": {
          "timestamp": 1545566132
        }
      }
    },
    {
      "string_map_data": {
        "Username": {
          "value": "pdor_figlio_di_kmer"
        },
        "Time": {
          "timestamp": 1545525262
        }
      }
    },
    {
      "string_map_data": {
        "Username": {
          "value": "dr.aminakalieva"
        },
        "Time": {
          "timestamp": 1545242915
        }
      }
    },
    {
      "string_map_data": {
        "Username": {
          "value": "m1n_v.56"
        },
        "Time": {
          "timestamp": 1545175875
        }
      }
    },
    {
      "string_map_data": {
        "Username": {
          "value": "blokhina1308"
        },
        "Time": {
          "timestamp": 1545175854
        }
      }
    },
    {
      "string_map_data": {
        "Username": {
          "value": "oksanka_1900"
        },
        "Time": {
          "timestamp": 1545005312
        }
      }
    },
    {
      "string_map_data": {
        "Username": {
          "value": "grimova_brows"
        },
        "Time": {
          "timestamp": 1545005274
        }
      }
    },
    {
      "string_map_data": {
        "Username": {
          "value": "lentasmile"
        },
        "Time": {
          "timestamp": 1545005219
        }
      }
    },
    {
      "string_map_data": {
        "Username": {
          "value": "euveraa"
        },
        "Time": {
          "timestamp": 1544837636
        }
      }
    },
    {
      "string_map_data": {
        "Username": {
          "value": "brianmccain14"
        },
        "Time": {
          "timestamp": 1544746049
        }
      }
    },
    {
      "string_map_data": {
        "Username": {
          "value": "robertdenitro"
        },
        "Time": {
          "timestamp": 1544553276
        }
      }
    },
    {
      "string_map_data": {
        "Username": {
          "value": "maravilhas2habbohotel"
        },
        "Time": {
          "timestamp": 1544553193
        }
      }
    },
    {
      "string_map_data": {
        "Username": {
          "value": "lebonwski"
        },
        "Time": {
          "timestamp": 1544551685
        }
      }
    },
    {
      "string_map_data": {
        "Username": {
          "value": "thetruegemitaiz"
        },
        "Time": {
          "timestamp": 1544551681
        }
      }
    },
    {
      "string_map_data": {
        "Username": {
          "value": "alenka_4442"
        },
        "Time": {
          "timestamp": 1544490657
        }
      }
    },
    {
      "string_map_data": {
        "Username": {
          "value": "pshenichnyh_tattoo"
        },
        "Time": {
          "timestamp": 1544481425
        }
      }
    },
    {
      "string_map_data": {
        "Username": {
          "value": "sheilapaolajustiniano"
        },
        "Time": {
          "timestamp": 1544256224
        }
      }
    },
    {
      "string_map_data": {
        "Username": {
          "value": "matudicarlo"
        },
        "Time": {
          "timestamp": 1544256179
        }
      }
    }
  ]
}