{
  "language_and_locale_v2": [
    {
      "name": "Impostazioni lingua",
      "description": "Le impostazioni della tua lingua preferita",
      "children": [
        {
          "name": "Lingua selezionata",
          "description": "La lingua che hai scelto per la tua esperienza su Facebook",
          "entries": [
            {
              "data": {
                "value": "it_IT"
              }
            }
          ]
        }
      ]
    },
    {
      "name": "Lingue che potresti conoscere",
      "description": "Le lingue che potresti conoscere, determinate in base alla tua attivit\u00c3\u00a0 su Facebook",
      "entries": [
        {
          "data": {
            "value": "it"
          }
        },
        {
          "data": {
            "value": "en"
          }
        }
      ]
    },
    {
      "name": "Lingua preferita",
      "description": "Le tue lingue preferite, determinate in base alla tua attivit\u00c3\u00a0 su Facebook",
      "entries": [
        {
          "data": {
            "value": "it_IT"
          }
        }
      ]
    }
  ]
}