{
  "impressions_history_posts_seen": [
    {
      "title": "",
      "media_map_data": {
        
      },
      "string_map_data": {
        "Autore": {
          "href": "",
          "value": "intrashttenimento2.0",
          "timestamp": 0
        },
        "Orario": {
          "href": "",
          "value": "",
          "timestamp": 1638293898
        }
      }
    },
    {
      "title": "",
      "media_map_data": {
        
      },
      "string_map_data": {
        "Autore": {
          "href": "",
          "value": "henrycavill",
          "timestamp": 0
        },
        "Orario": {
          "href": "",
          "value": "",
          "timestamp": 1638293902
        }
      }
    },
    {
      "title": "",
      "media_map_data": {
        
      },
      "string_map_data": {
        "Autore": {
          "href": "",
          "value": "_dianacodes",
          "timestamp": 0
        },
        "Orario": {
          "href": "",
          "value": "",
          "timestamp": 1638293904
        }
      }
    },
    {
      "title": "",
      "media_map_data": {
        
      },
      "string_map_data": {
        "Autore": {
          "href": "",
          "value": "zerocalcare",
          "timestamp": 0
        },
        "Orario": {
          "href": "",
          "value": "",
          "timestamp": 1638293932
        }
      }
    }
  ]
}

