{
  "inferred_data_ig_interest": [
    {
      "title": "",
      "media_map_data": {
        
      },
      "string_map_data": {
        "Interesse": {
          "href": "",
          "value": "Cosmetics",
          "timestamp": 0
        }
      }
    },
    {
      "title": "",
      "media_map_data": {
        
      },
      "string_map_data": {
        "Interesse": {
          "href": "",
          "value": "Luxury goods",
          "timestamp": 0
        }
      }
    },
    {
      "title": "",
      "media_map_data": {
        
      },
      "string_map_data": {
        "Interesse": {
          "href": "",
          "value": "Cats products",
          "timestamp": 0
        }
      }
    },
    {
      "title": "",
      "media_map_data": {
        
      },
      "string_map_data": {
        "Interesse": {
          "href": "",
          "value": "Beauty salons",
          "timestamp": 0
        }
      }
    },
    {
      "title": "",
      "media_map_data": {
        
      },
      "string_map_data": {
        "Interesse": {
          "href": "",
          "value": "Hair products",
          "timestamp": 0
        }
      }
    }
  ]
}
